dataset,window_s,method,balanced_accuracy_pct,ci95_low_pct,ci95_high_pct,difference_hfn_minus_reference_pp,holm_p
Benchmark,0.4,HarmonicFoldNet,29.384920634920626,24.44027777777778,34.53194444444445,-1.6428571428571441,0.10883494643186885
Benchmark,0.4,Spectral Transformer,31.027777777777775,25.77757936507937,36.452380952380956,,
Benchmark,0.6,HarmonicFoldNet,48.77380952380951,42.32132936507936,55.30595238095237,2.678571428571429,0.10883494643186885
Benchmark,0.6,Spectral Transformer,46.095238095238095,39.78561507936508,52.5595238095238,,
Benchmark,0.8,HarmonicFoldNet,66.734126984127,60.13085317460318,73.0873015873016,4.107142857142857,0.02237837647015868
Benchmark,0.8,Spectral Transformer,62.626984126984134,55.527777777777786,69.31785714285714,,
Benchmark,1.0,HarmonicFoldNet,75.60317460317461,69.36498015873015,81.26587301587301,4.404761904761904,0.009775924352550135
Benchmark,1.0,Spectral Transformer,71.19841269841271,64.3608134920635,77.36904761904763,,
Benchmark,1.2,HarmonicFoldNet,78.3015873015873,72.13482142857143,83.90079365079364,4.416666666666665,0.007637245732188251
Benchmark,1.2,Spectral Transformer,73.88492063492063,67.30952380952382,80.0794642857143,,
BETA,0.4,HarmonicFoldNet,27.36607142857143,24.193452380952387,30.681547619047617,-2.8958333333333344,3.469116405525698e-05
BETA,0.4,Spectral Transformer,30.261904761904756,26.82440476190477,33.78876488095238,,
BETA,0.6,HarmonicFoldNet,43.47321428571428,38.993898809523806,47.95840773809525,0.017857142857142756,0.9761504215133493
BETA,0.6,Spectral Transformer,43.455357142857146,38.868824404761895,48.12499999999999,,
BETA,0.8,HarmonicFoldNet,55.60119047619047,50.660639880952374,60.58645833333335,2.8154761904761916,0.002347232331299024
BETA,0.8,Spectral Transformer,52.78571428571429,47.82440476190476,57.6875,,
BETA,1.0,HarmonicFoldNet,63.55952380952381,58.487946428571426,68.42857142857143,5.035714285714288,3.591312386004105e-06
BETA,1.0,Spectral Transformer,58.523809523809526,53.333110119047625,63.529985119047616,,
BETA,1.2,HarmonicFoldNet,68.70238095238096,63.68742559523811,73.65186011904764,6.749999999999999,2.0680562422983482e-08
BETA,1.2,Spectral Transformer,61.95238095238095,56.92559523809523,66.84233630952382,,
BETA,1.5,HarmonicFoldNet,73.11904761904763,68.1844494047619,77.77715773809524,8.026785714285715,1.7856096737601186e-09
BETA,1.5,Spectral Transformer,65.09226190476191,60.11904761904761,70.0565476190476,,
