record,window_s,condition,value_pct,ci95_low_pct,ci95_high_pct,holm_p
harmonic_neighbourhood_mass,0.4,bias,72.78103851136706,,,4.265460368398953e-12
harmonic_neighbourhood_mass,0.4,masked,9.86574670388585,,,4.265460368398953e-12
harmonic_neighbourhood_mass,0.8,bias,73.52578032584417,,,4.265460368398953e-12
harmonic_neighbourhood_mass,0.8,masked,10.224459419647854,,,4.265460368398953e-12
harmonic_neighbourhood_mass,1.2,bias,73.78644821189698,,,4.265460368398953e-12
harmonic_neighbourhood_mass,1.2,masked,10.149348466878847,,,4.265460368398953e-12
peak_within_target,0.4,bias,99.57886904761905,,,4.265460368398953e-12
peak_within_target,0.4,masked,11.962797619047617,,,4.265460368398953e-12
peak_within_target,0.8,bias,98.92410714285714,,,4.265460368398953e-12
peak_within_target,0.8,masked,17.92782738095238,,,4.265460368398953e-12
peak_within_target,1.2,bias,98.71800595238095,,,4.265460368398953e-12
peak_within_target,1.2,masked,20.885416666666664,,,4.265460368398953e-12
full_minus_no_bias_accuracy,0.4,from_scratch_ablation,-0.8511904761904757,-1.5773809523809523,-0.1488095238095238,0.15530040169495274
full_minus_no_bias_accuracy,0.6,from_scratch_ablation,0.43154761904761857,-0.29464285714285693,1.1785714285714268,0.3221934590217934
full_minus_no_bias_accuracy,0.8,from_scratch_ablation,1.0416666666666674,0.27968750000000075,1.839360119047619,0.09017697518744552
full_minus_no_bias_accuracy,1.0,from_scratch_ablation,1.5714285714285707,0.6814732142857132,2.5000744047619046,0.034566063812445064
full_minus_no_bias_accuracy,1.2,from_scratch_ablation,1.1130952380952372,0.42261904761904656,1.8661458333333318,0.08050770560817477
full_minus_no_bias_accuracy,1.5,from_scratch_ablation,1.300595238095238,0.5595238095238106,2.0863839285714283,0.016334902347152413
