record,window_s,method_or_blocks,balanced_accuracy_pct,ci95_low_pct,ci95_high_pct
calibration_curve,0.4,0 blocks,27.354166666666668,24.121949404761907,30.53571428571429
calibration_curve,0.8,0 blocks,55.52083333333333,50.49694940476189,60.354241071428575
calibration_curve,1.2,0 blocks,68.73214285714285,63.68750000000001,73.68162202380954
calibration_curve,0.4,1 block,34.75297619047619,31.011755952380955,38.52090773809523
calibration_curve,0.8,1 block,65.00000000000001,60.279761904761905,69.45855654761905
calibration_curve,1.2,1 block,77.12500000000003,72.94620535714286,81.07142857142858
calibration_curve,0.4,2 blocks,36.214285714285715,32.47016369047619,40.01190476190476
calibration_curve,0.8,2 blocks,66.24107142857142,61.738020833333316,70.63988095238095
calibration_curve,1.2,2 blocks,78.27976190476193,74.22589285714287,82.10714285714285
two_block_comparison,0.4,113-parameter adapter,36.214285714285715,32.47016369047619,40.01190476190476
two_block_comparison,0.8,113-parameter adapter,66.24107142857142,61.738020833333316,70.63988095238095
two_block_comparison,1.2,113-parameter adapter,78.27976190476193,74.22589285714287,82.10714285714285
two_block_comparison,0.4,TRCA,18.964285714285715,15.982142857142856,22.071428571428573
two_block_comparison,0.8,TRCA,34.598214285714285,29.401785714285715,39.964285714285715
two_block_comparison,1.2,TRCA,47.241071428571416,41.222991071428574,53.36629464285715
two_block_comparison,0.4,eTRCA,37.30357142857142,32.32142857142858,42.46450892857143
two_block_comparison,0.8,eTRCA,55.767857142857146,49.500000000000014,61.705580357142864
two_block_comparison,1.2,eTRCA,67.16964285714286,60.90178571428573,73.07142857142857
two_block_comparison,0.4,TDCA,34.99107142857143,30.642857142857142,39.48214285714285
two_block_comparison,0.8,TDCA,56.55357142857144,51.22321428571428,61.71428571428571
two_block_comparison,1.2,TDCA,70.33928571428571,65.2140625,75.23236607142856
