train_test,window_s,balanced_accuracy_pct,ci95_low_pct,ci95_high_pct,seed_sd_pp
dry to dry,0.4,27.63,24.92,30.53,2.12
dry to dry,0.6,36.40,32.92,40.01,2.36
dry to dry,0.8,44.73,40.69,48.78,2.54
dry to dry,1.0,51.16,46.85,55.51,2.64
dry to dry,1.2,55.05,50.53,59.54,2.53
dry to wet,0.4,35.65,32.41,38.97,2.04
dry to wet,0.6,46.35,42.24,50.45,2.12
dry to wet,0.8,54.58,50.15,58.97,2.33
dry to wet,1.0,59.85,55.19,64.43,2.12
dry to wet,1.2,64.25,59.66,68.68,2.16
wet to dry,0.4,24.00,21.10,27.11,2.19
wet to dry,0.6,30.48,26.77,34.38,2.52
wet to dry,0.8,35.30,30.94,39.90,2.63
wet to dry,1.0,38.97,34.22,43.93,2.55
wet to dry,1.2,42.29,37.25,47.50,2.84
wet to wet,0.4,45.19,41.48,48.89,2.56
wet to wet,0.6,56.45,52.23,60.68,2.42
wet to wet,0.8,64.30,59.91,68.63,2.35
wet to wet,1.0,69.06,64.66,73.35,2.29
wet to wet,1.2,72.64,68.34,76.79,2.34
