multiplicity_family,dataset,left,right,window_s,metric,participants,mean_difference,median_difference,bootstrap_difference_ci95_low,bootstrap_difference_ci95_high,wilcoxon_p_value,rank_biserial,holm_adjusted_p_value
ablation:beta:full_minus_no_local:registered_windows,beta,full,no_local,0.4,balanced_accuracy,70,0.0399404761904762,0.03541666666666664,0.03208333333333334,0.04791666666666667,9.754155926192618e-12,0.9501278772378516,1.2788274022676679e-11
ablation:beta:full_minus_no_local:registered_windows,beta,full,no_local,0.6,balanced_accuracy,70,0.05363095238095237,0.05416666666666664,0.04461235119047618,0.06273809523809523,6.3941370113383395e-12,0.9448692152917505,1.2788274022676679e-11
ablation:beta:full_minus_no_local:registered_windows,beta,full,no_local,0.8,balanced_accuracy,70,0.05770833333333334,0.05833333333333335,0.04946354166666665,0.06598214285714284,1.2043665376960314e-12,0.9770623742454728,4.8174661507841255e-12
ablation:beta:full_minus_no_local:registered_windows,beta,full,no_local,1.0,balanced_accuracy,70,0.0662202380952381,0.060416666666666716,0.055951636904761876,0.07654761904761902,1.2851894180510582e-12,0.9758551307847082,4.8174661507841255e-12
ablation:beta:full_minus_no_local:registered_windows,beta,full,no_local,1.2,balanced_accuracy,70,0.07226190476190474,0.07083333333333333,0.06273809523809525,0.08211309523809525,3.555779504521389e-13,1.0,2.1334677027128334e-12
ablation:beta:full_minus_no_local:registered_windows,beta,full,no_local,1.5,balanced_accuracy,70,0.07193452380952382,0.06458333333333344,0.06157738095238097,0.08279761904761904,3.714891554941273e-13,0.999195171026157,2.1334677027128334e-12
ablation:beta:full_minus_no_attention:registered_windows,beta,full,no_attention,0.4,balanced_accuracy,70,-0.0066071428571428574,-0.006250000000000019,-0.0131547619047619,5.9523809523807735e-05,0.03295567686644139,-0.29752770673486784,0.03295567686644139
ablation:beta:full_minus_no_attention:registered_windows,beta,full,no_attention,0.6,balanced_accuracy,70,0.011964285714285714,0.01249999999999997,0.004583333333333345,0.019315476190476195,0.002463062863812428,0.42242114236999145,0.007389188591437284
ablation:beta:full_minus_no_attention:registered_windows,beta,full,no_attention,0.8,balanced_accuracy,70,0.018809523809523814,0.014583333333333282,0.011546875,0.026190476190476184,1.686358041145412e-05,0.6092265943012212,8.43179020572706e-05
ablation:beta:full_minus_no_attention:registered_windows,beta,full,no_attention,1.0,balanced_accuracy,70,0.02160714285714286,0.014583333333333365,0.013184523809523818,0.030089285714285725,5.003606817042332e-06,0.6368286445012787,3.002164090225399e-05
ablation:beta:full_minus_no_attention:registered_windows,beta,full,no_attention,1.2,balanced_accuracy,70,0.016815476190476176,0.013541666666666563,0.008035714285714278,0.02565476190476187,0.00021208196107985936,0.5130434782608696,0.0008483278443194375
ablation:beta:full_minus_no_attention:registered_windows,beta,full,no_attention,1.5,balanced_accuracy,70,0.01238095238095239,0.007291666666666641,0.002142113095238101,0.022321428571428575,0.006115251323231573,0.37971014492753624,0.012230502646463146
ablation:beta:full_minus_no_harmonic_bias:registered_windows,beta,full,no_harmonic_bias,0.4,balanced_accuracy,70,-0.008511904761904757,-0.0062500000000000056,-0.015773809523809523,-0.001488095238095238,0.07765020084747637,-0.2426559356136821,0.15530040169495274
ablation:beta:full_minus_no_harmonic_bias:registered_windows,beta,full,no_harmonic_bias,0.6,balanced_accuracy,70,0.0043154761904761856,0.002083333333333326,-0.002946428571428569,0.01178571428571427,0.3221934590217934,0.13810741687979539,0.3221934590217934
ablation:beta:full_minus_no_harmonic_bias:registered_windows,beta,full,no_harmonic_bias,0.8,balanced_accuracy,70,0.010416666666666673,0.008333333333333387,0.0027968750000000077,0.01839360119047619,0.03005899172914851,0.30264279624893436,0.09017697518744552
ablation:beta:full_minus_no_harmonic_bias:registered_windows,beta,full,no_harmonic_bias,1.0,balanced_accuracy,70,0.01571428571428571,0.006249999999999922,0.006814732142857132,0.025000744047619046,0.006913212762489012,0.37142857142857144,0.034566063812445064
ablation:beta:full_minus_no_harmonic_bias:registered_windows,beta,full,no_harmonic_bias,1.2,balanced_accuracy,70,0.011130952380952373,0.0031250000000000444,0.004226190476190466,0.018661458333333318,0.020126926402043693,0.32660228270412645,0.08050770560817477
ablation:beta:full_minus_no_harmonic_bias:registered_windows,beta,full,no_harmonic_bias,1.5,balanced_accuracy,70,0.013005952380952378,0.009375000000000022,0.005595238095238106,0.020863839285714284,0.0027224837245254023,0.41815856777493604,0.016334902347152413
