dataset,condition,window_s,metric,participants,mean,standard_deviation,median,q1,q3,bootstrap_mean_ci95_low,bootstrap_mean_ci95_high,calibration_blocks
beta,zero_shot,0.4,balanced_accuracy,70,0.2735416666666667,0.13842753235163505,0.26666666666666666,0.15572916666666667,0.3770833333333334,0.24121949404761905,0.3053571428571429,0
beta,zero_shot,0.8,balanced_accuracy,70,0.5552083333333333,0.21435493038780795,0.575,0.3640625,0.7427083333333333,0.5049694940476189,0.6035424107142857,0
beta,zero_shot,1.2,balanced_accuracy,70,0.6873214285714285,0.21319530289165203,0.7395833333333333,0.5177083333333334,0.859375,0.6368750000000001,0.7368162202380953,0
beta,adapter_1_block,0.4,balanced_accuracy,70,0.3475297619047619,0.15906276361506982,0.321875,0.21145833333333333,0.47291666666666665,0.31011755952380954,0.38520907738095234,1
beta,adapter_1_block,0.8,balanced_accuracy,70,0.6500000000000001,0.19832131910593034,0.6802083333333333,0.4859375,0.8218749999999999,0.6027976190476191,0.6945855654761905,1
beta,adapter_1_block,1.2,balanced_accuracy,70,0.7712500000000002,0.17431196698950074,0.8197916666666667,0.6432291666666666,0.909375,0.7294620535714286,0.8107142857142858,1
beta,adapter_2_blocks,0.4,balanced_accuracy,70,0.36214285714285716,0.16215588620127747,0.33958333333333335,0.22395833333333334,0.48802083333333335,0.3247016369047619,0.4001190476190476,2
beta,adapter_2_blocks,0.8,balanced_accuracy,70,0.6624107142857142,0.19449234951020805,0.6854166666666667,0.509375,0.8265625,0.6173802083333332,0.7063988095238095,2
beta,adapter_2_blocks,1.2,balanced_accuracy,70,0.7827976190476192,0.16877765090536892,0.83125,0.66875,0.9140625000000001,0.7422589285714286,0.8210714285714285,2
beta,trca_2_blocks,0.4,balanced_accuracy,70,0.18964285714285717,0.13086722009757162,0.1625,0.0875,0.25,0.15982142857142856,0.22071428571428572,2
beta,trca_2_blocks,0.8,balanced_accuracy,70,0.34598214285714285,0.22328258530646475,0.315625,0.153125,0.5,0.29401785714285716,0.39964285714285713,2
beta,trca_2_blocks,1.2,balanced_accuracy,70,0.4724107142857142,0.26314941420252974,0.46875,0.2203125,0.6890625,0.4122299107142857,0.5336629464285715,2
beta,etrca_2_blocks,0.4,balanced_accuracy,70,0.37303571428571425,0.2167508098279603,0.334375,0.184375,0.546875,0.32321428571428573,0.4246450892857143,2
beta,etrca_2_blocks,0.8,balanced_accuracy,70,0.5576785714285715,0.26114464501712076,0.5875,0.3453125,0.76875,0.49500000000000016,0.6170558035714286,2
beta,etrca_2_blocks,1.2,balanced_accuracy,70,0.6716964285714286,0.25959992523633785,0.765625,0.496875,0.88125,0.6090178571428573,0.7307142857142856,2
beta,tdca_2_blocks,0.4,balanced_accuracy,70,0.3499107142857143,0.18724164827118053,0.34687500000000004,0.2203125,0.50625,0.30642857142857144,0.3948214285714285,2
beta,tdca_2_blocks,0.8,balanced_accuracy,70,0.5655357142857144,0.22945899386475233,0.63125,0.4375,0.73125,0.5122321428571428,0.6171428571428571,2
beta,tdca_2_blocks,1.2,balanced_accuracy,70,0.703392857142857,0.2184707993431421,0.7875,0.6078125,0.8625,0.6521406249999999,0.7523236607142856,2
