bootstrap_difference_ci95_high,bootstrap_difference_ci95_low,dataset,holm_adjusted_p_value,left,mean_difference,median_difference,metric,multiplicity_family,multiplicity_family_total_tests,participants,rank_biserial,right,wilcoxon_p_value,window_s
0.0850595238095238,0.06345238095238097,beta,2.132975997458102e-12,adapter_1_block,0.07398809523809523,0.07395833333333336,balanced_accuracy,adaptation:beta:adapter_minus_zero:two_blocks_x_three_windows,,70,0.9887323943661972,zero_shot,6.505896926878813e-13,0.4
0.10991071428571425,0.08008928571428571,beta,2.132975997458102e-12,adapter_1_block,0.09479166666666668,0.08437500000000003,balanced_accuracy,adaptation:beta:adapter_minus_zero:two_blocks_x_three_windows,,70,1.0,zero_shot,3.5549599957635035e-13,0.8
0.1019650297619048,0.06782738095238099,beta,2.132975997458102e-12,adapter_1_block,0.08392857142857146,0.06770833333333326,balanced_accuracy,adaptation:beta:adapter_minus_zero:two_blocks_x_three_windows,,70,1.0,zero_shot,3.556599188280057e-13,1.2
0.09979166666666667,0.0775595238095238,beta,2.132975997458102e-12,adapter_2_blocks,0.08860119047619049,0.08645833333333336,balanced_accuracy,adaptation:beta:adapter_minus_zero:two_blocks_x_three_windows,,70,1.0,zero_shot,3.55864916353008e-13,0.4
0.12282738095238092,0.09243973214285711,beta,2.132975997458102e-12,adapter_2_blocks,0.10720238095238094,0.09270833333333325,balanced_accuracy,adaptation:beta:adapter_minus_zero:two_blocks_x_three_windows,,70,1.0,zero_shot,3.555369728269494e-13,0.8
0.11476190476190476,0.07848214285714286,beta,2.132975997458102e-12,adapter_2_blocks,0.09547619047619048,0.0812500000000001,balanced_accuracy,adaptation:beta:adapter_minus_zero:two_blocks_x_three_windows,,70,1.0,zero_shot,3.5561893245235164e-13,1.2
0.19836309523809523,0.14732142857142858,beta,5.178214936424209e-12,adapter_2_blocks,0.17250000000000004,0.17708333333333334,balanced_accuracy,adaptation:beta:adapter_vs_classical:registered_12_test_family,12,70,0.986317907444668,trca_2_blocks,7.397449909177442e-13,0.4
0.3464285714285713,0.2859813988095237,beta,4.268410914954483e-12,adapter_2_blocks,0.31642857142857134,0.33645833333333336,balanced_accuracy,adaptation:beta:adapter_vs_classical:registered_12_test_family,12,70,0.9983903420523139,trca_2_blocks,3.880095523163079e-13,0.8
0.34675669642857143,0.2740468749999999,beta,4.268410914954483e-12,adapter_2_blocks,0.3103869047619048,0.3031249999999999,balanced_accuracy,adaptation:beta:adapter_vs_classical:registered_12_test_family,12,70,0.9967806841046277,trca_2_blocks,4.2304954417472694e-13,1.2
0.01991071428571428,-0.043303571428571414,beta,0.992995965751305,adapter_2_blocks,-0.01089285714285714,0.010416666666666657,balanced_accuracy,adaptation:beta:adapter_vs_classical:registered_12_test_family,12,70,0.0012072434607645875,etrca_2_blocks,0.992995965751305,0.4
0.1363988095238095,0.070296875,beta,4.079102409449039e-07,adapter_2_blocks,0.10473214285714284,0.12187500000000001,balanced_accuracy,adaptation:beta:adapter_vs_classical:registered_12_test_family,12,70,0.737625754527163,etrca_2_blocks,8.158204818898078e-08,0.8
0.1440186011904762,0.07862797619047618,beta,1.0148844179855056e-08,adapter_2_blocks,0.11110119047619048,0.07708333333333339,balanced_accuracy,adaptation:beta:adapter_vs_classical:registered_12_test_family,12,70,0.8285714285714286,etrca_2_blocks,1.6914740299758427e-09,1.2
0.04184598214285713,-0.018095982142857146,beta,0.42087031874765723,adapter_2_blocks,0.012232142857142862,0.045833333333333365,balanced_accuracy,adaptation:beta:adapter_vs_classical:registered_12_test_family,12,70,0.1722334004024145,tdca_2_blocks,0.21043515937382862,0.4
0.12631101190476185,0.06687425595238095,beta,1.169252466688829e-06,adapter_2_blocks,0.09687499999999998,0.11875000000000005,balanced_accuracy,adaptation:beta:adapter_vs_classical:registered_12_test_family,12,70,0.6977867203219316,tdca_2_blocks,3.8975082222960964e-07,0.8
0.10619122023809523,0.05273735119047619,beta,7.285073612415153e-07,adapter_2_blocks,0.07940476190476191,0.06562499999999999,balanced_accuracy,adaptation:beta:adapter_vs_classical:registered_12_test_family,12,70,0.722567287784679,tdca_2_blocks,1.8212684031037881e-07,1.2
