dataset,condition,window_s,participant,balanced_accuracy
benchmark,fixed_harmonic,0.4,1,0.07083333333333333
benchmark,fixed_harmonic,0.4,2,0.05416666666666666
benchmark,fixed_harmonic,0.4,3,0.08333333333333333
benchmark,fixed_harmonic,0.4,4,0.07083333333333333
benchmark,fixed_harmonic,0.4,5,0.05833333333333333
benchmark,fixed_harmonic,0.4,6,0.07916666666666665
benchmark,fixed_harmonic,0.4,7,0.0375
benchmark,fixed_harmonic,0.4,8,0.03333333333333333
benchmark,fixed_harmonic,0.4,9,0.0375
benchmark,fixed_harmonic,0.4,10,0.05833333333333333
benchmark,fixed_harmonic,0.4,11,0.025
benchmark,fixed_harmonic,0.4,12,0.03333333333333333
benchmark,fixed_harmonic,0.4,13,0.049999999999999996
benchmark,fixed_harmonic,0.4,14,0.05833333333333333
benchmark,fixed_harmonic,0.4,15,0.05416666666666666
benchmark,fixed_harmonic,0.4,16,0.04583333333333333
benchmark,fixed_harmonic,0.4,17,0.03333333333333333
benchmark,fixed_harmonic,0.4,18,0.09583333333333333
benchmark,fixed_harmonic,0.4,19,0.029166666666666664
benchmark,fixed_harmonic,0.4,20,0.041666666666666664
benchmark,fixed_harmonic,0.4,21,0.07083333333333333
benchmark,fixed_harmonic,0.4,22,0.07916666666666666
benchmark,fixed_harmonic,0.4,23,0.029166666666666667
benchmark,fixed_harmonic,0.4,24,0.0875
benchmark,fixed_harmonic,0.4,25,0.054166666666666675
benchmark,fixed_harmonic,0.4,26,0.05833333333333333
benchmark,fixed_harmonic,0.4,27,0.04583333333333333
benchmark,fixed_harmonic,0.4,28,0.0625
benchmark,fixed_harmonic,0.4,29,0.024999999999999998
benchmark,fixed_harmonic,0.4,30,0.058333333333333334
benchmark,fixed_harmonic,0.4,31,0.10833333333333332
benchmark,fixed_harmonic,0.4,32,0.0875
benchmark,fixed_harmonic,0.4,33,0.03333333333333333
benchmark,fixed_harmonic,0.4,34,0.025
benchmark,fixed_harmonic,0.4,35,0.029166666666666667
benchmark,fixed_harmonic,0.6,1,0.10416666666666666
benchmark,fixed_harmonic,0.6,2,0.075
benchmark,fixed_harmonic,0.6,3,0.17083333333333334
benchmark,fixed_harmonic,0.6,4,0.09166666666666665
benchmark,fixed_harmonic,0.6,5,0.09166666666666665
benchmark,fixed_harmonic,0.6,6,0.07916666666666666
benchmark,fixed_harmonic,0.6,7,0.06666666666666668
benchmark,fixed_harmonic,0.6,8,0.06666666666666667
benchmark,fixed_harmonic,0.6,9,0.05833333333333333
benchmark,fixed_harmonic,0.6,10,0.0875
benchmark,fixed_harmonic,0.6,11,0.04583333333333332
benchmark,fixed_harmonic,0.6,12,0.05
benchmark,fixed_harmonic,0.6,13,0.04583333333333333
benchmark,fixed_harmonic,0.6,14,0.07916666666666666
benchmark,fixed_harmonic,0.6,15,0.0625
benchmark,fixed_harmonic,0.6,16,0.05416666666666666
benchmark,fixed_harmonic,0.6,17,0.041666666666666664
benchmark,fixed_harmonic,0.6,18,0.125
benchmark,fixed_harmonic,0.6,19,0.0375
benchmark,fixed_harmonic,0.6,20,0.07083333333333333
benchmark,fixed_harmonic,0.6,21,0.09999999999999999
benchmark,fixed_harmonic,0.6,22,0.09583333333333333
benchmark,fixed_harmonic,0.6,23,0.10416666666666666
benchmark,fixed_harmonic,0.6,24,0.15416666666666665
benchmark,fixed_harmonic,0.6,25,0.08333333333333333
benchmark,fixed_harmonic,0.6,26,0.09999999999999999
benchmark,fixed_harmonic,0.6,27,0.0875
benchmark,fixed_harmonic,0.6,28,0.09583333333333333
benchmark,fixed_harmonic,0.6,29,0.0375
benchmark,fixed_harmonic,0.6,30,0.05416666666666666
benchmark,fixed_harmonic,0.6,31,0.10416666666666666
benchmark,fixed_harmonic,0.6,32,0.125
benchmark,fixed_harmonic,0.6,33,0.07916666666666665
benchmark,fixed_harmonic,0.6,34,0.08333333333333333
benchmark,fixed_harmonic,0.6,35,0.07083333333333333
benchmark,fixed_harmonic,0.8,1,0.15416666666666667
benchmark,fixed_harmonic,0.8,2,0.10833333333333331
benchmark,fixed_harmonic,0.8,3,0.3083333333333333
benchmark,fixed_harmonic,0.8,4,0.11666666666666665
benchmark,fixed_harmonic,0.8,5,0.11666666666666665
benchmark,fixed_harmonic,0.8,6,0.14166666666666666
benchmark,fixed_harmonic,0.8,7,0.04583333333333332
benchmark,fixed_harmonic,0.8,8,0.07916666666666665
benchmark,fixed_harmonic,0.8,9,0.13333333333333336
benchmark,fixed_harmonic,0.8,10,0.14166666666666666
benchmark,fixed_harmonic,0.8,11,0.03749999999999999
benchmark,fixed_harmonic,0.8,12,0.1125
benchmark,fixed_harmonic,0.8,13,0.08333333333333333
benchmark,fixed_harmonic,0.8,14,0.15833333333333333
benchmark,fixed_harmonic,0.8,15,0.10833333333333332
benchmark,fixed_harmonic,0.8,16,0.07083333333333333
benchmark,fixed_harmonic,0.8,17,0.075
benchmark,fixed_harmonic,0.8,18,0.1333333333333333
benchmark,fixed_harmonic,0.8,19,0.08333333333333333
benchmark,fixed_harmonic,0.8,20,0.125
benchmark,fixed_harmonic,0.8,21,0.15833333333333333
benchmark,fixed_harmonic,0.8,22,0.22916666666666666
benchmark,fixed_harmonic,0.8,23,0.11666666666666667
benchmark,fixed_harmonic,0.8,24,0.20416666666666666
benchmark,fixed_harmonic,0.8,25,0.15833333333333333
benchmark,fixed_harmonic,0.8,26,0.14583333333333331
benchmark,fixed_harmonic,0.8,27,0.125
benchmark,fixed_harmonic,0.8,28,0.13333333333333333
benchmark,fixed_harmonic,0.8,29,0.05833333333333333
benchmark,fixed_harmonic,0.8,30,0.075
benchmark,fixed_harmonic,0.8,31,0.13333333333333333
benchmark,fixed_harmonic,0.8,32,0.2625
benchmark,fixed_harmonic,0.8,33,0.0375
benchmark,fixed_harmonic,0.8,34,0.0875
benchmark,fixed_harmonic,0.8,35,0.10833333333333332
benchmark,fixed_harmonic,1.0,1,0.1875
benchmark,fixed_harmonic,1.0,2,0.175
benchmark,fixed_harmonic,1.0,3,0.4375
benchmark,fixed_harmonic,1.0,4,0.1958333333333333
benchmark,fixed_harmonic,1.0,5,0.24166666666666664
benchmark,fixed_harmonic,1.0,6,0.1875
benchmark,fixed_harmonic,1.0,7,0.07916666666666666
benchmark,fixed_harmonic,1.0,8,0.13333333333333336
benchmark,fixed_harmonic,1.0,9,0.10416666666666666
benchmark,fixed_harmonic,1.0,10,0.25
benchmark,fixed_harmonic,1.0,11,0.020833333333333332
benchmark,fixed_harmonic,1.0,12,0.10833333333333332
benchmark,fixed_harmonic,1.0,13,0.09166666666666666
benchmark,fixed_harmonic,1.0,14,0.19166666666666665
benchmark,fixed_harmonic,1.0,15,0.15416666666666665
benchmark,fixed_harmonic,1.0,16,0.10416666666666666
benchmark,fixed_harmonic,1.0,17,0.0875
benchmark,fixed_harmonic,1.0,18,0.1625
benchmark,fixed_harmonic,1.0,19,0.09999999999999999
benchmark,fixed_harmonic,1.0,20,0.175
benchmark,fixed_harmonic,1.0,21,0.2
benchmark,fixed_harmonic,1.0,22,0.36666666666666664
benchmark,fixed_harmonic,1.0,23,0.12499999999999997
benchmark,fixed_harmonic,1.0,24,0.2875
benchmark,fixed_harmonic,1.0,25,0.18333333333333332
benchmark,fixed_harmonic,1.0,26,0.16666666666666666
benchmark,fixed_harmonic,1.0,27,0.20833333333333331
benchmark,fixed_harmonic,1.0,28,0.20833333333333331
benchmark,fixed_harmonic,1.0,29,0.0375
benchmark,fixed_harmonic,1.0,30,0.09166666666666665
benchmark,fixed_harmonic,1.0,31,0.2458333333333333
benchmark,fixed_harmonic,1.0,32,0.3416666666666666
benchmark,fixed_harmonic,1.0,33,0.07916666666666666
benchmark,fixed_harmonic,1.0,34,0.10833333333333332
benchmark,fixed_harmonic,1.0,35,0.19166666666666665
benchmark,fixed_harmonic,1.2,1,0.24166666666666664
benchmark,fixed_harmonic,1.2,2,0.18333333333333332
benchmark,fixed_harmonic,1.2,3,0.5125
benchmark,fixed_harmonic,1.2,4,0.2916666666666667
benchmark,fixed_harmonic,1.2,5,0.3125
benchmark,fixed_harmonic,1.2,6,0.275
benchmark,fixed_harmonic,1.2,7,0.12916666666666665
benchmark,fixed_harmonic,1.2,8,0.1875
benchmark,fixed_harmonic,1.2,9,0.2458333333333333
benchmark,fixed_harmonic,1.2,10,0.2791666666666667
benchmark,fixed_harmonic,1.2,11,0.029166666666666664
benchmark,fixed_harmonic,1.2,12,0.14166666666666666
benchmark,fixed_harmonic,1.2,13,0.13333333333333333
benchmark,fixed_harmonic,1.2,14,0.2708333333333333
benchmark,fixed_harmonic,1.2,15,0.1875
benchmark,fixed_harmonic,1.2,16,0.12083333333333332
benchmark,fixed_harmonic,1.2,17,0.125
benchmark,fixed_harmonic,1.2,18,0.2208333333333333
benchmark,fixed_harmonic,1.2,19,0.13333333333333333
benchmark,fixed_harmonic,1.2,20,0.3166666666666666
benchmark,fixed_harmonic,1.2,21,0.2666666666666667
benchmark,fixed_harmonic,1.2,22,0.4
benchmark,fixed_harmonic,1.2,23,0.15416666666666665
benchmark,fixed_harmonic,1.2,24,0.4083333333333333
benchmark,fixed_harmonic,1.2,25,0.2291666666666666
benchmark,fixed_harmonic,1.2,26,0.2458333333333333
benchmark,fixed_harmonic,1.2,27,0.22916666666666666
benchmark,fixed_harmonic,1.2,28,0.25416666666666665
benchmark,fixed_harmonic,1.2,29,0.07083333333333333
benchmark,fixed_harmonic,1.2,30,0.11666666666666665
benchmark,fixed_harmonic,1.2,31,0.2875
benchmark,fixed_harmonic,1.2,32,0.4625
benchmark,fixed_harmonic,1.2,33,0.10416666666666666
benchmark,fixed_harmonic,1.2,34,0.1833333333333333
benchmark,fixed_harmonic,1.2,35,0.2333333333333333
benchmark,fixed_harmonic,2.0,1,0.35
benchmark,fixed_harmonic,2.0,2,0.3583333333333333
benchmark,fixed_harmonic,2.0,3,0.6958333333333334
benchmark,fixed_harmonic,2.0,4,0.4291666666666666
benchmark,fixed_harmonic,2.0,5,0.5166666666666667
benchmark,fixed_harmonic,2.0,6,0.5083333333333333
benchmark,fixed_harmonic,2.0,7,0.2
benchmark,fixed_harmonic,2.0,8,0.30416666666666664
benchmark,fixed_harmonic,2.0,9,0.375
benchmark,fixed_harmonic,2.0,10,0.4458333333333334
benchmark,fixed_harmonic,2.0,11,0.10416666666666667
benchmark,fixed_harmonic,2.0,12,0.3875
benchmark,fixed_harmonic,2.0,13,0.2333333333333333
benchmark,fixed_harmonic,2.0,14,0.5208333333333333
benchmark,fixed_harmonic,2.0,15,0.3666666666666666
benchmark,fixed_harmonic,2.0,16,0.21666666666666665
benchmark,fixed_harmonic,2.0,17,0.19166666666666668
benchmark,fixed_harmonic,2.0,18,0.3625
benchmark,fixed_harmonic,2.0,19,0.2458333333333333
benchmark,fixed_harmonic,2.0,20,0.5333333333333334
benchmark,fixed_harmonic,2.0,21,0.5125
benchmark,fixed_harmonic,2.0,22,0.6833333333333333
benchmark,fixed_harmonic,2.0,23,0.37916666666666665
benchmark,fixed_harmonic,2.0,24,0.6375
benchmark,fixed_harmonic,2.0,25,0.4166666666666667
benchmark,fixed_harmonic,2.0,26,0.4291666666666667
benchmark,fixed_harmonic,2.0,27,0.425
benchmark,fixed_harmonic,2.0,28,0.4666666666666667
benchmark,fixed_harmonic,2.0,29,0.12083333333333332
benchmark,fixed_harmonic,2.0,30,0.25
benchmark,fixed_harmonic,2.0,31,0.5208333333333334
benchmark,fixed_harmonic,2.0,32,0.7375
benchmark,fixed_harmonic,2.0,33,0.14999999999999997
benchmark,fixed_harmonic,2.0,34,0.2958333333333333
benchmark,fixed_harmonic,2.0,35,0.4625
benchmark,fixed_harmonic,3.0,1,0.4583333333333333
benchmark,fixed_harmonic,3.0,2,0.4958333333333333
benchmark,fixed_harmonic,3.0,3,0.7583333333333334
benchmark,fixed_harmonic,3.0,4,0.6375
benchmark,fixed_harmonic,3.0,5,0.675
benchmark,fixed_harmonic,3.0,6,0.6375
benchmark,fixed_harmonic,3.0,7,0.2333333333333333
benchmark,fixed_harmonic,3.0,8,0.4875
benchmark,fixed_harmonic,3.0,9,0.4833333333333333
benchmark,fixed_harmonic,3.0,10,0.6708333333333333
benchmark,fixed_harmonic,3.0,11,0.13333333333333333
benchmark,fixed_harmonic,3.0,12,0.5083333333333333
benchmark,fixed_harmonic,3.0,13,0.4333333333333333
benchmark,fixed_harmonic,3.0,14,0.5916666666666666
benchmark,fixed_harmonic,3.0,15,0.45833333333333337
benchmark,fixed_harmonic,3.0,16,0.3708333333333333
benchmark,fixed_harmonic,3.0,17,0.31666666666666665
benchmark,fixed_harmonic,3.0,18,0.3833333333333333
benchmark,fixed_harmonic,3.0,19,0.4041666666666666
benchmark,fixed_harmonic,3.0,20,0.65
benchmark,fixed_harmonic,3.0,21,0.7
benchmark,fixed_harmonic,3.0,22,0.8333333333333333
benchmark,fixed_harmonic,3.0,23,0.5416666666666666
benchmark,fixed_harmonic,3.0,24,0.775
benchmark,fixed_harmonic,3.0,25,0.5791666666666666
benchmark,fixed_harmonic,3.0,26,0.6083333333333333
benchmark,fixed_harmonic,3.0,27,0.6583333333333333
benchmark,fixed_harmonic,3.0,28,0.6041666666666666
benchmark,fixed_harmonic,3.0,29,0.22083333333333335
benchmark,fixed_harmonic,3.0,30,0.3833333333333333
benchmark,fixed_harmonic,3.0,31,0.7375
benchmark,fixed_harmonic,3.0,32,0.8416666666666668
benchmark,fixed_harmonic,3.0,33,0.12083333333333332
benchmark,fixed_harmonic,3.0,34,0.4208333333333333
benchmark,fixed_harmonic,3.0,35,0.6375
benchmark,fixed_harmonic,5.0,1,0.8916666666666668
benchmark,fixed_harmonic,5.0,2,0.8625
benchmark,fixed_harmonic,5.0,3,0.975
benchmark,fixed_harmonic,5.0,4,0.9041666666666668
benchmark,fixed_harmonic,5.0,5,0.9625
benchmark,fixed_harmonic,5.0,6,0.9583333333333333
benchmark,fixed_harmonic,5.0,7,0.6541666666666666
benchmark,fixed_harmonic,5.0,8,0.9
benchmark,fixed_harmonic,5.0,9,0.8375
benchmark,fixed_harmonic,5.0,10,0.9375
benchmark,fixed_harmonic,5.0,11,0.32916666666666666
benchmark,fixed_harmonic,5.0,12,0.8916666666666668
benchmark,fixed_harmonic,5.0,13,0.8208333333333334
benchmark,fixed_harmonic,5.0,14,0.9208333333333332
benchmark,fixed_harmonic,5.0,15,0.9208333333333334
benchmark,fixed_harmonic,5.0,16,0.7833333333333334
benchmark,fixed_harmonic,5.0,17,0.7583333333333332
benchmark,fixed_harmonic,5.0,18,0.7416666666666666
benchmark,fixed_harmonic,5.0,19,0.7625
benchmark,fixed_harmonic,5.0,20,0.9666666666666668
benchmark,fixed_harmonic,5.0,21,0.9541666666666668
benchmark,fixed_harmonic,5.0,22,0.9875
benchmark,fixed_harmonic,5.0,23,0.7625
benchmark,fixed_harmonic,5.0,24,0.9791666666666667
benchmark,fixed_harmonic,5.0,25,0.8833333333333334
benchmark,fixed_harmonic,5.0,26,0.9
benchmark,fixed_harmonic,5.0,27,0.8958333333333334
benchmark,fixed_harmonic,5.0,28,0.9416666666666668
benchmark,fixed_harmonic,5.0,29,0.4666666666666667
benchmark,fixed_harmonic,5.0,30,0.8291666666666668
benchmark,fixed_harmonic,5.0,31,0.9875
benchmark,fixed_harmonic,5.0,32,0.9916666666666668
benchmark,fixed_harmonic,5.0,33,0.38333333333333336
benchmark,fixed_harmonic,5.0,34,0.7458333333333333
benchmark,fixed_harmonic,5.0,35,0.9208333333333334
benchmark,cca,0.4,1,0.07083333333333333
benchmark,cca,0.4,2,0.049999999999999996
benchmark,cca,0.4,3,0.1125
benchmark,cca,0.4,4,0.125
benchmark,cca,0.4,5,0.05416666666666666
benchmark,cca,0.4,6,0.0875
benchmark,cca,0.4,7,0.07916666666666666
benchmark,cca,0.4,8,0.05
benchmark,cca,0.4,9,0.07083333333333333
benchmark,cca,0.4,10,0.0625
benchmark,cca,0.4,11,0.04166666666666667
benchmark,cca,0.4,12,0.04583333333333333
benchmark,cca,0.4,13,0.062499999999999986
benchmark,cca,0.4,14,0.1125
benchmark,cca,0.4,15,0.05
benchmark,cca,0.4,16,0.062499999999999986
benchmark,cca,0.4,17,0.06666666666666667
benchmark,cca,0.4,18,0.075
benchmark,cca,0.4,19,0.03333333333333333
benchmark,cca,0.4,20,0.04583333333333333
benchmark,cca,0.4,21,0.062499999999999986
benchmark,cca,0.4,22,0.09583333333333333
benchmark,cca,0.4,23,0.0625
benchmark,cca,0.4,24,0.049999999999999996
benchmark,cca,0.4,25,0.10833333333333332
benchmark,cca,0.4,26,0.10416666666666666
benchmark,cca,0.4,27,0.04583333333333333
benchmark,cca,0.4,28,0.06666666666666667
benchmark,cca,0.4,29,0.025
benchmark,cca,0.4,30,0.05416666666666666
benchmark,cca,0.4,31,0.11666666666666665
benchmark,cca,0.4,32,0.10833333333333332
benchmark,cca,0.4,33,0.025
benchmark,cca,0.4,34,0.11249999999999998
benchmark,cca,0.4,35,0.0375
benchmark,cca,0.6,1,0.14166666666666666
benchmark,cca,0.6,2,0.2
benchmark,cca,0.6,3,0.425
benchmark,cca,0.6,4,0.3791666666666667
benchmark,cca,0.6,5,0.175
benchmark,cca,0.6,6,0.12916666666666665
benchmark,cca,0.6,7,0.15416666666666665
benchmark,cca,0.6,8,0.09166666666666665
benchmark,cca,0.6,9,0.14583333333333331
benchmark,cca,0.6,10,0.14166666666666666
benchmark,cca,0.6,11,0.05833333333333333
benchmark,cca,0.6,12,0.15833333333333333
benchmark,cca,0.6,13,0.11666666666666665
benchmark,cca,0.6,14,0.2333333333333333
benchmark,cca,0.6,15,0.14583333333333334
benchmark,cca,0.6,16,0.1
benchmark,cca,0.6,17,0.15416666666666665
benchmark,cca,0.6,18,0.15
benchmark,cca,0.6,19,0.03333333333333333
benchmark,cca,0.6,20,0.125
benchmark,cca,0.6,21,0.10833333333333332
benchmark,cca,0.6,22,0.14583333333333331
benchmark,cca,0.6,23,0.12083333333333332
benchmark,cca,0.6,24,0.14166666666666666
benchmark,cca,0.6,25,0.2875
benchmark,cca,0.6,26,0.2875
benchmark,cca,0.6,27,0.1875
benchmark,cca,0.6,28,0.14999999999999997
benchmark,cca,0.6,29,0.049999999999999996
benchmark,cca,0.6,30,0.1375
benchmark,cca,0.6,31,0.25
benchmark,cca,0.6,32,0.3
benchmark,cca,0.6,33,0.0375
benchmark,cca,0.6,34,0.2583333333333333
benchmark,cca,0.6,35,0.09583333333333333
benchmark,cca,0.8,1,0.2625
benchmark,cca,0.8,2,0.3708333333333333
benchmark,cca,0.8,3,0.6166666666666667
benchmark,cca,0.8,4,0.6125
benchmark,cca,0.8,5,0.3458333333333333
benchmark,cca,0.8,6,0.2875
benchmark,cca,0.8,7,0.275
benchmark,cca,0.8,8,0.14583333333333331
benchmark,cca,0.8,9,0.2375
benchmark,cca,0.8,10,0.22916666666666666
benchmark,cca,0.8,11,0.07499999999999998
benchmark,cca,0.8,12,0.37499999999999994
benchmark,cca,0.8,13,0.225
benchmark,cca,0.8,14,0.41666666666666663
benchmark,cca,0.8,15,0.19166666666666665
benchmark,cca,0.8,16,0.09999999999999999
benchmark,cca,0.8,17,0.25416666666666665
benchmark,cca,0.8,18,0.35416666666666663
benchmark,cca,0.8,19,0.0625
benchmark,cca,0.8,20,0.26249999999999996
benchmark,cca,0.8,21,0.26666666666666666
benchmark,cca,0.8,22,0.27499999999999997
benchmark,cca,0.8,23,0.3041666666666666
benchmark,cca,0.8,24,0.3125
benchmark,cca,0.8,25,0.5416666666666667
benchmark,cca,0.8,26,0.5208333333333333
benchmark,cca,0.8,27,0.35833333333333334
benchmark,cca,0.8,28,0.31249999999999994
benchmark,cca,0.8,29,0.09999999999999999
benchmark,cca,0.8,30,0.3375
benchmark,cca,0.8,31,0.4125
benchmark,cca,0.8,32,0.6125
benchmark,cca,0.8,33,0.09583333333333333
benchmark,cca,0.8,34,0.4541666666666667
benchmark,cca,0.8,35,0.14166666666666666
benchmark,cca,1.0,1,0.4
benchmark,cca,1.0,2,0.5333333333333333
benchmark,cca,1.0,3,0.7875
benchmark,cca,1.0,4,0.8333333333333333
benchmark,cca,1.0,5,0.5125
benchmark,cca,1.0,6,0.4333333333333334
benchmark,cca,1.0,7,0.39166666666666666
benchmark,cca,1.0,8,0.25
benchmark,cca,1.0,9,0.3875
benchmark,cca,1.0,10,0.36666666666666664
benchmark,cca,1.0,11,0.08333333333333333
benchmark,cca,1.0,12,0.6375
benchmark,cca,1.0,13,0.33749999999999997
benchmark,cca,1.0,14,0.5916666666666667
benchmark,cca,1.0,15,0.3375
benchmark,cca,1.0,16,0.2
benchmark,cca,1.0,17,0.3958333333333333
benchmark,cca,1.0,18,0.3958333333333333
benchmark,cca,1.0,19,0.14166666666666666
benchmark,cca,1.0,20,0.41666666666666663
benchmark,cca,1.0,21,0.3583333333333333
benchmark,cca,1.0,22,0.425
benchmark,cca,1.0,23,0.425
benchmark,cca,1.0,24,0.4916666666666667
benchmark,cca,1.0,25,0.6958333333333334
benchmark,cca,1.0,26,0.7041666666666666
benchmark,cca,1.0,27,0.5583333333333333
benchmark,cca,1.0,28,0.4333333333333333
benchmark,cca,1.0,29,0.12083333333333332
benchmark,cca,1.0,30,0.45
benchmark,cca,1.0,31,0.6125
benchmark,cca,1.0,32,0.7833333333333333
benchmark,cca,1.0,33,0.14583333333333331
benchmark,cca,1.0,34,0.6083333333333334
benchmark,cca,1.0,35,0.3416666666666667
benchmark,cca,1.2,1,0.4333333333333333
benchmark,cca,1.2,2,0.6458333333333334
benchmark,cca,1.2,3,0.875
benchmark,cca,1.2,4,0.8416666666666666
benchmark,cca,1.2,5,0.6666666666666666
benchmark,cca,1.2,6,0.6041666666666667
benchmark,cca,1.2,7,0.4875
benchmark,cca,1.2,8,0.32499999999999996
benchmark,cca,1.2,9,0.4875
benchmark,cca,1.2,10,0.5875
benchmark,cca,1.2,11,0.13333333333333333
benchmark,cca,1.2,12,0.825
benchmark,cca,1.2,13,0.4958333333333333
benchmark,cca,1.2,14,0.6875
benchmark,cca,1.2,15,0.4375
benchmark,cca,1.2,16,0.24999999999999994
benchmark,cca,1.2,17,0.55
benchmark,cca,1.2,18,0.475
benchmark,cca,1.2,19,0.20416666666666666
benchmark,cca,1.2,20,0.575
benchmark,cca,1.2,21,0.4875
benchmark,cca,1.2,22,0.5791666666666666
benchmark,cca,1.2,23,0.55
benchmark,cca,1.2,24,0.5666666666666667
benchmark,cca,1.2,25,0.8333333333333333
benchmark,cca,1.2,26,0.8083333333333333
benchmark,cca,1.2,27,0.7
benchmark,cca,1.2,28,0.5541666666666667
benchmark,cca,1.2,29,0.17083333333333334
benchmark,cca,1.2,30,0.5958333333333334
benchmark,cca,1.2,31,0.7375
benchmark,cca,1.2,32,0.85
benchmark,cca,1.2,33,0.16666666666666666
benchmark,cca,1.2,34,0.7208333333333334
benchmark,cca,1.2,35,0.525
benchmark,cca,2.0,1,0.7458333333333333
benchmark,cca,2.0,2,0.8916666666666668
benchmark,cca,2.0,3,0.9541666666666666
benchmark,cca,2.0,4,0.9791666666666667
benchmark,cca,2.0,5,0.9875
benchmark,cca,2.0,6,0.9625
benchmark,cca,2.0,7,0.7
benchmark,cca,2.0,8,0.6041666666666667
benchmark,cca,2.0,9,0.725
benchmark,cca,2.0,10,0.9125
benchmark,cca,2.0,11,0.3083333333333333
benchmark,cca,2.0,12,0.9958333333333332
benchmark,cca,2.0,13,0.8375
benchmark,cca,2.0,14,0.9583333333333334
benchmark,cca,2.0,15,0.875
benchmark,cca,2.0,16,0.475
benchmark,cca,2.0,17,0.9333333333333333
benchmark,cca,2.0,18,0.5708333333333333
benchmark,cca,2.0,19,0.475
benchmark,cca,2.0,20,0.9
benchmark,cca,2.0,21,0.7833333333333334
benchmark,cca,2.0,22,0.8583333333333332
benchmark,cca,2.0,23,0.8791666666666668
benchmark,cca,2.0,24,0.8833333333333334
benchmark,cca,2.0,25,0.9833333333333334
benchmark,cca,2.0,26,0.9625
benchmark,cca,2.0,27,0.9583333333333334
benchmark,cca,2.0,28,0.7541666666666667
benchmark,cca,2.0,29,0.4041666666666666
benchmark,cca,2.0,30,0.925
benchmark,cca,2.0,31,0.9625
benchmark,cca,2.0,32,1.0
benchmark,cca,2.0,33,0.3583333333333333
benchmark,cca,2.0,34,0.975
benchmark,cca,2.0,35,0.8958333333333334
benchmark,cca,3.0,1,0.875
benchmark,cca,3.0,2,0.9791666666666666
benchmark,cca,3.0,3,0.9875
benchmark,cca,3.0,4,0.9833333333333332
benchmark,cca,3.0,5,0.9958333333333333
benchmark,cca,3.0,6,1.0
benchmark,cca,3.0,7,0.9125
benchmark,cca,3.0,8,0.7875
benchmark,cca,3.0,9,0.75
benchmark,cca,3.0,10,0.9916666666666668
benchmark,cca,3.0,11,0.7375
benchmark,cca,3.0,12,0.9958333333333333
benchmark,cca,3.0,13,0.975
benchmark,cca,3.0,14,0.9916666666666668
benchmark,cca,3.0,15,0.9791666666666666
benchmark,cca,3.0,16,0.6333333333333334
benchmark,cca,3.0,17,0.9833333333333334
benchmark,cca,3.0,18,0.6791666666666667
benchmark,cca,3.0,19,0.6958333333333334
benchmark,cca,3.0,20,0.9958333333333333
benchmark,cca,3.0,21,0.8916666666666668
benchmark,cca,3.0,22,0.9333333333333332
benchmark,cca,3.0,23,0.9583333333333334
benchmark,cca,3.0,24,0.9666666666666668
benchmark,cca,3.0,25,0.9916666666666668
benchmark,cca,3.0,26,0.9875
benchmark,cca,3.0,27,0.9791666666666667
benchmark,cca,3.0,28,0.8666666666666668
benchmark,cca,3.0,29,0.6375
benchmark,cca,3.0,30,0.9833333333333334
benchmark,cca,3.0,31,1.0
benchmark,cca,3.0,32,1.0
benchmark,cca,3.0,33,0.5791666666666666
benchmark,cca,3.0,34,0.9958333333333333
benchmark,cca,3.0,35,0.9791666666666667
benchmark,cca,5.0,1,0.975
benchmark,cca,5.0,2,1.0
benchmark,cca,5.0,3,1.0
benchmark,cca,5.0,4,0.9958333333333333
benchmark,cca,5.0,5,1.0
benchmark,cca,5.0,6,1.0
benchmark,cca,5.0,7,0.9875
benchmark,cca,5.0,8,0.975
benchmark,cca,5.0,9,0.925
benchmark,cca,5.0,10,0.9958333333333333
benchmark,cca,5.0,11,0.8583333333333334
benchmark,cca,5.0,12,1.0
benchmark,cca,5.0,13,0.9791666666666666
benchmark,cca,5.0,14,1.0
benchmark,cca,5.0,15,0.9958333333333332
benchmark,cca,5.0,16,0.8416666666666668
benchmark,cca,5.0,17,0.9958333333333333
benchmark,cca,5.0,18,0.8833333333333332
benchmark,cca,5.0,19,0.925
benchmark,cca,5.0,20,0.9958333333333333
benchmark,cca,5.0,21,0.9541666666666668
benchmark,cca,5.0,22,0.9833333333333332
benchmark,cca,5.0,23,0.9708333333333334
benchmark,cca,5.0,24,0.9916666666666668
benchmark,cca,5.0,25,0.9958333333333332
benchmark,cca,5.0,26,1.0
benchmark,cca,5.0,27,1.0
benchmark,cca,5.0,28,0.9416666666666668
benchmark,cca,5.0,29,0.8041666666666668
benchmark,cca,5.0,30,0.9916666666666668
benchmark,cca,5.0,31,1.0
benchmark,cca,5.0,32,1.0
benchmark,cca,5.0,33,0.7625
benchmark,cca,5.0,34,1.0
benchmark,cca,5.0,35,1.0
benchmark,fbcca,0.4,1,0.08333333333333333
benchmark,fbcca,0.4,2,0.09166666666666666
benchmark,fbcca,0.4,3,0.10416666666666667
benchmark,fbcca,0.4,4,0.09166666666666666
benchmark,fbcca,0.4,5,0.05416666666666666
benchmark,fbcca,0.4,6,0.08333333333333333
benchmark,fbcca,0.4,7,0.08333333333333333
benchmark,fbcca,0.4,8,0.016666666666666666
benchmark,fbcca,0.4,9,0.049999999999999996
benchmark,fbcca,0.4,10,0.05833333333333333
benchmark,fbcca,0.4,11,0.03333333333333333
benchmark,fbcca,0.4,12,0.0625
benchmark,fbcca,0.4,13,0.075
benchmark,fbcca,0.4,14,0.0875
benchmark,fbcca,0.4,15,0.0625
benchmark,fbcca,0.4,16,0.05416666666666666
benchmark,fbcca,0.4,17,0.07083333333333333
benchmark,fbcca,0.4,18,0.041666666666666664
benchmark,fbcca,0.4,19,0.03333333333333333
benchmark,fbcca,0.4,20,0.0375
benchmark,fbcca,0.4,21,0.05833333333333333
benchmark,fbcca,0.4,22,0.06666666666666667
benchmark,fbcca,0.4,23,0.07499999999999998
benchmark,fbcca,0.4,24,0.0625
benchmark,fbcca,0.4,25,0.062499999999999986
benchmark,fbcca,0.4,26,0.07916666666666666
benchmark,fbcca,0.4,27,0.05
benchmark,fbcca,0.4,28,0.03749999999999999
benchmark,fbcca,0.4,29,0.03333333333333333
benchmark,fbcca,0.4,30,0.05416666666666666
benchmark,fbcca,0.4,31,0.06666666666666667
benchmark,fbcca,0.4,32,0.0875
benchmark,fbcca,0.4,33,0.03333333333333333
benchmark,fbcca,0.4,34,0.075
benchmark,fbcca,0.4,35,0.05416666666666666
benchmark,fbcca,0.6,1,0.2
benchmark,fbcca,0.6,2,0.33749999999999997
benchmark,fbcca,0.6,3,0.5166666666666666
benchmark,fbcca,0.6,4,0.38749999999999996
benchmark,fbcca,0.6,5,0.16249999999999998
benchmark,fbcca,0.6,6,0.19166666666666665
benchmark,fbcca,0.6,7,0.17083333333333334
benchmark,fbcca,0.6,8,0.06666666666666667
benchmark,fbcca,0.6,9,0.1625
benchmark,fbcca,0.6,10,0.10416666666666666
benchmark,fbcca,0.6,11,0.062499999999999986
benchmark,fbcca,0.6,12,0.14166666666666666
benchmark,fbcca,0.6,13,0.15
benchmark,fbcca,0.6,14,0.20833333333333331
benchmark,fbcca,0.6,15,0.12499999999999997
benchmark,fbcca,0.6,16,0.11666666666666665
benchmark,fbcca,0.6,17,0.12083333333333332
benchmark,fbcca,0.6,18,0.2125
benchmark,fbcca,0.6,19,0.05
benchmark,fbcca,0.6,20,0.1333333333333333
benchmark,fbcca,0.6,21,0.17916666666666664
benchmark,fbcca,0.6,22,0.19166666666666665
benchmark,fbcca,0.6,23,0.225
benchmark,fbcca,0.6,24,0.1833333333333333
benchmark,fbcca,0.6,25,0.24166666666666664
benchmark,fbcca,0.6,26,0.25
benchmark,fbcca,0.6,27,0.18749999999999997
benchmark,fbcca,0.6,28,0.2333333333333333
benchmark,fbcca,0.6,29,0.0875
benchmark,fbcca,0.6,30,0.10416666666666666
benchmark,fbcca,0.6,31,0.2333333333333333
benchmark,fbcca,0.6,32,0.3333333333333333
benchmark,fbcca,0.6,33,0.07083333333333333
benchmark,fbcca,0.6,34,0.2583333333333333
benchmark,fbcca,0.6,35,0.06666666666666667
benchmark,fbcca,0.8,1,0.37499999999999994
benchmark,fbcca,0.8,2,0.6083333333333333
benchmark,fbcca,0.8,3,0.8
benchmark,fbcca,0.8,4,0.6125
benchmark,fbcca,0.8,5,0.4875
benchmark,fbcca,0.8,6,0.3583333333333333
benchmark,fbcca,0.8,7,0.3958333333333333
benchmark,fbcca,0.8,8,0.14999999999999997
benchmark,fbcca,0.8,9,0.3083333333333333
benchmark,fbcca,0.8,10,0.2625
benchmark,fbcca,0.8,11,0.041666666666666664
benchmark,fbcca,0.8,12,0.35
benchmark,fbcca,0.8,13,0.22916666666666669
benchmark,fbcca,0.8,14,0.375
benchmark,fbcca,0.8,15,0.2125
benchmark,fbcca,0.8,16,0.3
benchmark,fbcca,0.8,17,0.27499999999999997
benchmark,fbcca,0.8,18,0.3625
benchmark,fbcca,0.8,19,0.06666666666666665
benchmark,fbcca,0.8,20,0.3416666666666666
benchmark,fbcca,0.8,21,0.3125
benchmark,fbcca,0.8,22,0.41666666666666663
benchmark,fbcca,0.8,23,0.475
benchmark,fbcca,0.8,24,0.375
benchmark,fbcca,0.8,25,0.4791666666666667
benchmark,fbcca,0.8,26,0.4833333333333334
benchmark,fbcca,0.8,27,0.45
benchmark,fbcca,0.8,28,0.4625
benchmark,fbcca,0.8,29,0.15416666666666665
benchmark,fbcca,0.8,30,0.325
benchmark,fbcca,0.8,31,0.4708333333333333
benchmark,fbcca,0.8,32,0.6083333333333332
benchmark,fbcca,0.8,33,0.14166666666666666
benchmark,fbcca,0.8,34,0.425
benchmark,fbcca,0.8,35,0.1708333333333333
benchmark,fbcca,1.0,1,0.5291666666666667
benchmark,fbcca,1.0,2,0.7666666666666666
benchmark,fbcca,1.0,3,0.925
benchmark,fbcca,1.0,4,0.8041666666666668
benchmark,fbcca,1.0,5,0.75
benchmark,fbcca,1.0,6,0.65
benchmark,fbcca,1.0,7,0.575
benchmark,fbcca,1.0,8,0.2708333333333333
benchmark,fbcca,1.0,9,0.475
benchmark,fbcca,1.0,10,0.47916666666666663
benchmark,fbcca,1.0,11,0.075
benchmark,fbcca,1.0,12,0.6625
benchmark,fbcca,1.0,13,0.3583333333333333
benchmark,fbcca,1.0,14,0.5458333333333334
benchmark,fbcca,1.0,15,0.375
benchmark,fbcca,1.0,16,0.4666666666666666
benchmark,fbcca,1.0,17,0.4291666666666666
benchmark,fbcca,1.0,18,0.5541666666666666
benchmark,fbcca,1.0,19,0.14166666666666666
benchmark,fbcca,1.0,20,0.5666666666666667
benchmark,fbcca,1.0,21,0.5041666666666667
benchmark,fbcca,1.0,22,0.6583333333333333
benchmark,fbcca,1.0,23,0.6541666666666666
benchmark,fbcca,1.0,24,0.6458333333333334
benchmark,fbcca,1.0,25,0.675
benchmark,fbcca,1.0,26,0.6708333333333334
benchmark,fbcca,1.0,27,0.6875
benchmark,fbcca,1.0,28,0.6375
benchmark,fbcca,1.0,29,0.2333333333333333
benchmark,fbcca,1.0,30,0.525
benchmark,fbcca,1.0,31,0.6291666666666667
benchmark,fbcca,1.0,32,0.8083333333333333
benchmark,fbcca,1.0,33,0.2583333333333333
benchmark,fbcca,1.0,34,0.6375
benchmark,fbcca,1.0,35,0.3458333333333333
benchmark,fbcca,1.2,1,0.6291666666666667
benchmark,fbcca,1.2,2,0.85
benchmark,fbcca,1.2,3,0.975
benchmark,fbcca,1.2,4,0.8375
benchmark,fbcca,1.2,5,0.8458333333333334
benchmark,fbcca,1.2,6,0.8208333333333332
benchmark,fbcca,1.2,7,0.725
benchmark,fbcca,1.2,8,0.32916666666666666
benchmark,fbcca,1.2,9,0.625
benchmark,fbcca,1.2,10,0.6458333333333333
benchmark,fbcca,1.2,11,0.12499999999999997
benchmark,fbcca,1.2,12,0.8541666666666666
benchmark,fbcca,1.2,13,0.5458333333333334
benchmark,fbcca,1.2,14,0.6958333333333334
benchmark,fbcca,1.2,15,0.4458333333333333
benchmark,fbcca,1.2,16,0.5958333333333334
benchmark,fbcca,1.2,17,0.6
benchmark,fbcca,1.2,18,0.6541666666666666
benchmark,fbcca,1.2,19,0.21666666666666665
benchmark,fbcca,1.2,20,0.7458333333333333
benchmark,fbcca,1.2,21,0.6624999999999999
benchmark,fbcca,1.2,22,0.8416666666666668
benchmark,fbcca,1.2,23,0.7916666666666667
benchmark,fbcca,1.2,24,0.7416666666666667
benchmark,fbcca,1.2,25,0.8416666666666668
benchmark,fbcca,1.2,26,0.8583333333333334
benchmark,fbcca,1.2,27,0.8791666666666668
benchmark,fbcca,1.2,28,0.7541666666666667
benchmark,fbcca,1.2,29,0.32916666666666666
benchmark,fbcca,1.2,30,0.6708333333333333
benchmark,fbcca,1.2,31,0.7916666666666666
benchmark,fbcca,1.2,32,0.9041666666666668
benchmark,fbcca,1.2,33,0.29583333333333334
benchmark,fbcca,1.2,34,0.775
benchmark,fbcca,1.2,35,0.4791666666666667
benchmark,fbcca,2.0,1,0.925
benchmark,fbcca,2.0,2,0.975
benchmark,fbcca,2.0,3,0.9875
benchmark,fbcca,2.0,4,0.9875
benchmark,fbcca,2.0,5,0.9916666666666668
benchmark,fbcca,2.0,6,0.9791666666666666
benchmark,fbcca,2.0,7,0.9
benchmark,fbcca,2.0,8,0.7041666666666668
benchmark,fbcca,2.0,9,0.8708333333333333
benchmark,fbcca,2.0,10,0.95
benchmark,fbcca,2.0,11,0.3
benchmark,fbcca,2.0,12,0.9958333333333332
benchmark,fbcca,2.0,13,0.8708333333333333
benchmark,fbcca,2.0,14,0.975
benchmark,fbcca,2.0,15,0.875
benchmark,fbcca,2.0,16,0.875
benchmark,fbcca,2.0,17,0.9458333333333334
benchmark,fbcca,2.0,18,0.7583333333333334
benchmark,fbcca,2.0,19,0.5416666666666667
benchmark,fbcca,2.0,20,0.975
benchmark,fbcca,2.0,21,0.9375
benchmark,fbcca,2.0,22,0.975
benchmark,fbcca,2.0,23,0.9416666666666668
benchmark,fbcca,2.0,24,0.9708333333333334
benchmark,fbcca,2.0,25,0.9875
benchmark,fbcca,2.0,26,0.975
benchmark,fbcca,2.0,27,0.9875
benchmark,fbcca,2.0,28,0.9375
benchmark,fbcca,2.0,29,0.6208333333333333
benchmark,fbcca,2.0,30,0.9541666666666668
benchmark,fbcca,2.0,31,0.9708333333333334
benchmark,fbcca,2.0,32,1.0
benchmark,fbcca,2.0,33,0.5125
benchmark,fbcca,2.0,34,0.975
benchmark,fbcca,2.0,35,0.9125
benchmark,fbcca,3.0,1,0.9875
benchmark,fbcca,3.0,2,1.0
benchmark,fbcca,3.0,3,0.9916666666666666
benchmark,fbcca,3.0,4,0.9958333333333333
benchmark,fbcca,3.0,5,0.9958333333333333
benchmark,fbcca,3.0,6,1.0
benchmark,fbcca,3.0,7,0.9791666666666667
benchmark,fbcca,3.0,8,0.9416666666666668
benchmark,fbcca,3.0,9,0.9375
benchmark,fbcca,3.0,10,0.9958333333333333
benchmark,fbcca,3.0,11,0.7541666666666667
benchmark,fbcca,3.0,12,0.9958333333333333
benchmark,fbcca,3.0,13,0.9916666666666668
benchmark,fbcca,3.0,14,0.9916666666666668
benchmark,fbcca,3.0,15,0.9875
benchmark,fbcca,3.0,16,0.9583333333333334
benchmark,fbcca,3.0,17,0.9833333333333334
benchmark,fbcca,3.0,18,0.825
benchmark,fbcca,3.0,19,0.7958333333333334
benchmark,fbcca,3.0,20,1.0
benchmark,fbcca,3.0,21,0.9958333333333333
benchmark,fbcca,3.0,22,0.9916666666666668
benchmark,fbcca,3.0,23,0.9833333333333334
benchmark,fbcca,3.0,24,0.9958333333333333
benchmark,fbcca,3.0,25,0.9916666666666668
benchmark,fbcca,3.0,26,0.9833333333333334
benchmark,fbcca,3.0,27,1.0
benchmark,fbcca,3.0,28,0.9708333333333334
benchmark,fbcca,3.0,29,0.8166666666666667
benchmark,fbcca,3.0,30,0.9875
benchmark,fbcca,3.0,31,1.0
benchmark,fbcca,3.0,32,1.0
benchmark,fbcca,3.0,33,0.7208333333333333
benchmark,fbcca,3.0,34,0.9916666666666668
benchmark,fbcca,3.0,35,0.9875
benchmark,fbcca,5.0,1,1.0
benchmark,fbcca,5.0,2,1.0
benchmark,fbcca,5.0,3,1.0
benchmark,fbcca,5.0,4,1.0
benchmark,fbcca,5.0,5,1.0
benchmark,fbcca,5.0,6,1.0
benchmark,fbcca,5.0,7,0.9916666666666668
benchmark,fbcca,5.0,8,0.9916666666666668
benchmark,fbcca,5.0,9,0.9958333333333333
benchmark,fbcca,5.0,10,1.0
benchmark,fbcca,5.0,11,0.9166666666666666
benchmark,fbcca,5.0,12,1.0
benchmark,fbcca,5.0,13,1.0
benchmark,fbcca,5.0,14,1.0
benchmark,fbcca,5.0,15,1.0
benchmark,fbcca,5.0,16,0.9916666666666666
benchmark,fbcca,5.0,17,1.0
benchmark,fbcca,5.0,18,0.9333333333333333
benchmark,fbcca,5.0,19,0.9625
benchmark,fbcca,5.0,20,1.0
benchmark,fbcca,5.0,21,1.0
benchmark,fbcca,5.0,22,1.0
benchmark,fbcca,5.0,23,0.9833333333333334
benchmark,fbcca,5.0,24,0.9958333333333333
benchmark,fbcca,5.0,25,0.9958333333333332
benchmark,fbcca,5.0,26,1.0
benchmark,fbcca,5.0,27,1.0
benchmark,fbcca,5.0,28,0.9958333333333333
benchmark,fbcca,5.0,29,0.9458333333333334
benchmark,fbcca,5.0,30,0.9916666666666668
benchmark,fbcca,5.0,31,1.0
benchmark,fbcca,5.0,32,1.0
benchmark,fbcca,5.0,33,0.8541666666666667
benchmark,fbcca,5.0,34,1.0
benchmark,fbcca,5.0,35,1.0
beta,fixed_harmonic,0.4,1,0.0375
beta,fixed_harmonic,0.4,2,0.05
beta,fixed_harmonic,0.4,3,0.0375
beta,fixed_harmonic,0.4,4,0.05
beta,fixed_harmonic,0.4,5,0.0625
beta,fixed_harmonic,0.4,6,0.075
beta,fixed_harmonic,0.4,7,0.0375
beta,fixed_harmonic,0.4,8,0.025
beta,fixed_harmonic,0.4,9,0.05
beta,fixed_harmonic,0.4,10,0.075
beta,fixed_harmonic,0.4,11,0.05
beta,fixed_harmonic,0.4,12,0.09375
beta,fixed_harmonic,0.4,13,0.1
beta,fixed_harmonic,0.4,14,0.03125
beta,fixed_harmonic,0.4,15,0.03125
beta,fixed_harmonic,0.4,16,0.0375
beta,fixed_harmonic,0.4,17,0.01875
beta,fixed_harmonic,0.4,18,0.05
beta,fixed_harmonic,0.4,19,0.05
beta,fixed_harmonic,0.4,20,0.01875
beta,fixed_harmonic,0.4,21,0.0625
beta,fixed_harmonic,0.4,22,0.03125
beta,fixed_harmonic,0.4,23,0.13125
beta,fixed_harmonic,0.4,24,0.0625
beta,fixed_harmonic,0.4,25,0.0625
beta,fixed_harmonic,0.4,26,0.05
beta,fixed_harmonic,0.4,27,0.08125
beta,fixed_harmonic,0.4,28,0.10625
beta,fixed_harmonic,0.4,29,0.05
beta,fixed_harmonic,0.4,30,0.0625
beta,fixed_harmonic,0.4,31,0.06875
beta,fixed_harmonic,0.4,32,0.04375
beta,fixed_harmonic,0.4,33,0.0375
beta,fixed_harmonic,0.4,34,0.04375
beta,fixed_harmonic,0.4,35,0.05625
beta,fixed_harmonic,0.4,36,0.08125
beta,fixed_harmonic,0.4,37,0.08125
beta,fixed_harmonic,0.4,38,0.025
beta,fixed_harmonic,0.4,39,0.03125
beta,fixed_harmonic,0.4,40,0.03125
beta,fixed_harmonic,0.4,41,0.05625
beta,fixed_harmonic,0.4,42,0.10625
beta,fixed_harmonic,0.4,43,0.03125
beta,fixed_harmonic,0.4,44,0.03125
beta,fixed_harmonic,0.4,45,0.04375
beta,fixed_harmonic,0.4,46,0.04375
beta,fixed_harmonic,0.4,47,0.05625
beta,fixed_harmonic,0.4,48,0.08125
beta,fixed_harmonic,0.4,49,0.09375
beta,fixed_harmonic,0.4,50,0.05625
beta,fixed_harmonic,0.4,51,0.075
beta,fixed_harmonic,0.4,52,0.04375
beta,fixed_harmonic,0.4,53,0.1
beta,fixed_harmonic,0.4,54,0.0375
beta,fixed_harmonic,0.4,55,0.03125
beta,fixed_harmonic,0.4,56,0.04375
beta,fixed_harmonic,0.4,57,0.075
beta,fixed_harmonic,0.4,58,0.0875
beta,fixed_harmonic,0.4,59,0.05
beta,fixed_harmonic,0.4,60,0.0875
beta,fixed_harmonic,0.4,61,0.03125
beta,fixed_harmonic,0.4,62,0.05
beta,fixed_harmonic,0.4,63,0.05
beta,fixed_harmonic,0.4,64,0.0875
beta,fixed_harmonic,0.4,65,0.0375
beta,fixed_harmonic,0.4,66,0.0375
beta,fixed_harmonic,0.4,67,0.08125
beta,fixed_harmonic,0.4,68,0.09375
beta,fixed_harmonic,0.4,69,0.025
beta,fixed_harmonic,0.4,70,0.025
beta,fixed_harmonic,0.6,1,0.10625
beta,fixed_harmonic,0.6,2,0.08125
beta,fixed_harmonic,0.6,3,0.1125
beta,fixed_harmonic,0.6,4,0.0625
beta,fixed_harmonic,0.6,5,0.09375
beta,fixed_harmonic,0.6,6,0.05625
beta,fixed_harmonic,0.6,7,0.075
beta,fixed_harmonic,0.6,8,0.05625
beta,fixed_harmonic,0.6,9,0.1125
beta,fixed_harmonic,0.6,10,0.15
beta,fixed_harmonic,0.6,11,0.03125
beta,fixed_harmonic,0.6,12,0.1375
beta,fixed_harmonic,0.6,13,0.15625
beta,fixed_harmonic,0.6,14,0.0375
beta,fixed_harmonic,0.6,15,0.05
beta,fixed_harmonic,0.6,16,0.075
beta,fixed_harmonic,0.6,17,0.01875
beta,fixed_harmonic,0.6,18,0.08125
beta,fixed_harmonic,0.6,19,0.1125
beta,fixed_harmonic,0.6,20,0.04375
beta,fixed_harmonic,0.6,21,0.10625
beta,fixed_harmonic,0.6,22,0.08125
beta,fixed_harmonic,0.6,23,0.125
beta,fixed_harmonic,0.6,24,0.08125
beta,fixed_harmonic,0.6,25,0.1375
beta,fixed_harmonic,0.6,26,0.09375
beta,fixed_harmonic,0.6,27,0.125
beta,fixed_harmonic,0.6,28,0.15
beta,fixed_harmonic,0.6,29,0.075
beta,fixed_harmonic,0.6,30,0.125
beta,fixed_harmonic,0.6,31,0.0875
beta,fixed_harmonic,0.6,32,0.04375
beta,fixed_harmonic,0.6,33,0.04375
beta,fixed_harmonic,0.6,34,0.0875
beta,fixed_harmonic,0.6,35,0.0875
beta,fixed_harmonic,0.6,36,0.11875
beta,fixed_harmonic,0.6,37,0.075
beta,fixed_harmonic,0.6,38,0.04375
beta,fixed_harmonic,0.6,39,0.0625
beta,fixed_harmonic,0.6,40,0.11875
beta,fixed_harmonic,0.6,41,0.01875
beta,fixed_harmonic,0.6,42,0.15625
beta,fixed_harmonic,0.6,43,0.075
beta,fixed_harmonic,0.6,44,0.04375
beta,fixed_harmonic,0.6,45,0.0625
beta,fixed_harmonic,0.6,46,0.06875
beta,fixed_harmonic,0.6,47,0.025
beta,fixed_harmonic,0.6,48,0.09375
beta,fixed_harmonic,0.6,49,0.125
beta,fixed_harmonic,0.6,50,0.075
beta,fixed_harmonic,0.6,51,0.1
beta,fixed_harmonic,0.6,52,0.09375
beta,fixed_harmonic,0.6,53,0.1
beta,fixed_harmonic,0.6,54,0.0375
beta,fixed_harmonic,0.6,55,0.01875
beta,fixed_harmonic,0.6,56,0.15625
beta,fixed_harmonic,0.6,57,0.0875
beta,fixed_harmonic,0.6,58,0.16875
beta,fixed_harmonic,0.6,59,0.0375
beta,fixed_harmonic,0.6,60,0.075
beta,fixed_harmonic,0.6,61,0.05625
beta,fixed_harmonic,0.6,62,0.0875
beta,fixed_harmonic,0.6,63,0.09375
beta,fixed_harmonic,0.6,64,0.0625
beta,fixed_harmonic,0.6,65,0.06875
beta,fixed_harmonic,0.6,66,0.1
beta,fixed_harmonic,0.6,67,0.175
beta,fixed_harmonic,0.6,68,0.075
beta,fixed_harmonic,0.6,69,0.05
beta,fixed_harmonic,0.6,70,0.0625
beta,fixed_harmonic,0.8,1,0.20625
beta,fixed_harmonic,0.8,2,0.16875
beta,fixed_harmonic,0.8,3,0.14375
beta,fixed_harmonic,0.8,4,0.1375
beta,fixed_harmonic,0.8,5,0.125
beta,fixed_harmonic,0.8,6,0.06875
beta,fixed_harmonic,0.8,7,0.075
beta,fixed_harmonic,0.8,8,0.10625
beta,fixed_harmonic,0.8,9,0.21875
beta,fixed_harmonic,0.8,10,0.18125
beta,fixed_harmonic,0.8,11,0.0625
beta,fixed_harmonic,0.8,12,0.23125
beta,fixed_harmonic,0.8,13,0.275
beta,fixed_harmonic,0.8,14,0.0625
beta,fixed_harmonic,0.8,15,0.1
beta,fixed_harmonic,0.8,16,0.09375
beta,fixed_harmonic,0.8,17,0.0375
beta,fixed_harmonic,0.8,18,0.13125
beta,fixed_harmonic,0.8,19,0.19375
beta,fixed_harmonic,0.8,20,0.13125
beta,fixed_harmonic,0.8,21,0.16875
beta,fixed_harmonic,0.8,22,0.125
beta,fixed_harmonic,0.8,23,0.25
beta,fixed_harmonic,0.8,24,0.1125
beta,fixed_harmonic,0.8,25,0.125
beta,fixed_harmonic,0.8,26,0.13125
beta,fixed_harmonic,0.8,27,0.2125
beta,fixed_harmonic,0.8,28,0.19375
beta,fixed_harmonic,0.8,29,0.1375
beta,fixed_harmonic,0.8,30,0.1875
beta,fixed_harmonic,0.8,31,0.1125
beta,fixed_harmonic,0.8,32,0.04375
beta,fixed_harmonic,0.8,33,0.075
beta,fixed_harmonic,0.8,34,0.125
beta,fixed_harmonic,0.8,35,0.075
beta,fixed_harmonic,0.8,36,0.2
beta,fixed_harmonic,0.8,37,0.13125
beta,fixed_harmonic,0.8,38,0.10625
beta,fixed_harmonic,0.8,39,0.1125
beta,fixed_harmonic,0.8,40,0.06875
beta,fixed_harmonic,0.8,41,0.05
beta,fixed_harmonic,0.8,42,0.23125
beta,fixed_harmonic,0.8,43,0.10625
beta,fixed_harmonic,0.8,44,0.1
beta,fixed_harmonic,0.8,45,0.0875
beta,fixed_harmonic,0.8,46,0.06875
beta,fixed_harmonic,0.8,47,0.04375
beta,fixed_harmonic,0.8,48,0.1625
beta,fixed_harmonic,0.8,49,0.1875
beta,fixed_harmonic,0.8,50,0.04375
beta,fixed_harmonic,0.8,51,0.15625
beta,fixed_harmonic,0.8,52,0.11875
beta,fixed_harmonic,0.8,53,0.14375
beta,fixed_harmonic,0.8,54,0.0625
beta,fixed_harmonic,0.8,55,0.05625
beta,fixed_harmonic,0.8,56,0.2625
beta,fixed_harmonic,0.8,57,0.18125
beta,fixed_harmonic,0.8,58,0.31875
beta,fixed_harmonic,0.8,59,0.05625
beta,fixed_harmonic,0.8,60,0.16875
beta,fixed_harmonic,0.8,61,0.03125
beta,fixed_harmonic,0.8,62,0.125
beta,fixed_harmonic,0.8,63,0.11875
beta,fixed_harmonic,0.8,64,0.14375
beta,fixed_harmonic,0.8,65,0.025
beta,fixed_harmonic,0.8,66,0.1125
beta,fixed_harmonic,0.8,67,0.20625
beta,fixed_harmonic,0.8,68,0.1125
beta,fixed_harmonic,0.8,69,0.09375
beta,fixed_harmonic,0.8,70,0.1
beta,fixed_harmonic,1.0,1,0.36875
beta,fixed_harmonic,1.0,2,0.16875
beta,fixed_harmonic,1.0,3,0.21875
beta,fixed_harmonic,1.0,4,0.11875
beta,fixed_harmonic,1.0,5,0.1375
beta,fixed_harmonic,1.0,6,0.11875
beta,fixed_harmonic,1.0,7,0.06875
beta,fixed_harmonic,1.0,8,0.125
beta,fixed_harmonic,1.0,9,0.225
beta,fixed_harmonic,1.0,10,0.24375
beta,fixed_harmonic,1.0,11,0.1125
beta,fixed_harmonic,1.0,12,0.33125
beta,fixed_harmonic,1.0,13,0.3125
beta,fixed_harmonic,1.0,14,0.1
beta,fixed_harmonic,1.0,15,0.11875
beta,fixed_harmonic,1.0,16,0.15
beta,fixed_harmonic,1.0,17,0.05625
beta,fixed_harmonic,1.0,18,0.25
beta,fixed_harmonic,1.0,19,0.2625
beta,fixed_harmonic,1.0,20,0.1125
beta,fixed_harmonic,1.0,21,0.20625
beta,fixed_harmonic,1.0,22,0.1125
beta,fixed_harmonic,1.0,23,0.375
beta,fixed_harmonic,1.0,24,0.1375
beta,fixed_harmonic,1.0,25,0.19375
beta,fixed_harmonic,1.0,26,0.11875
beta,fixed_harmonic,1.0,27,0.275
beta,fixed_harmonic,1.0,28,0.275
beta,fixed_harmonic,1.0,29,0.1875
beta,fixed_harmonic,1.0,30,0.2125
beta,fixed_harmonic,1.0,31,0.15625
beta,fixed_harmonic,1.0,32,0.0625
beta,fixed_harmonic,1.0,33,0.1
beta,fixed_harmonic,1.0,34,0.15
beta,fixed_harmonic,1.0,35,0.1625
beta,fixed_harmonic,1.0,36,0.35
beta,fixed_harmonic,1.0,37,0.24375
beta,fixed_harmonic,1.0,38,0.11875
beta,fixed_harmonic,1.0,39,0.125
beta,fixed_harmonic,1.0,40,0.1375
beta,fixed_harmonic,1.0,41,0.06875
beta,fixed_harmonic,1.0,42,0.29375
beta,fixed_harmonic,1.0,43,0.08125
beta,fixed_harmonic,1.0,44,0.1125
beta,fixed_harmonic,1.0,45,0.075
beta,fixed_harmonic,1.0,46,0.1
beta,fixed_harmonic,1.0,47,0.06875
beta,fixed_harmonic,1.0,48,0.2625
beta,fixed_harmonic,1.0,49,0.325
beta,fixed_harmonic,1.0,50,0.0625
beta,fixed_harmonic,1.0,51,0.25
beta,fixed_harmonic,1.0,52,0.13125
beta,fixed_harmonic,1.0,53,0.15625
beta,fixed_harmonic,1.0,54,0.0875
beta,fixed_harmonic,1.0,55,0.09375
beta,fixed_harmonic,1.0,56,0.30625
beta,fixed_harmonic,1.0,57,0.16875
beta,fixed_harmonic,1.0,58,0.33125
beta,fixed_harmonic,1.0,59,0.06875
beta,fixed_harmonic,1.0,60,0.18125
beta,fixed_harmonic,1.0,61,0.0375
beta,fixed_harmonic,1.0,62,0.125
beta,fixed_harmonic,1.0,63,0.2
beta,fixed_harmonic,1.0,64,0.13125
beta,fixed_harmonic,1.0,65,0.075
beta,fixed_harmonic,1.0,66,0.19375
beta,fixed_harmonic,1.0,67,0.26875
beta,fixed_harmonic,1.0,68,0.3
beta,fixed_harmonic,1.0,69,0.10625
beta,fixed_harmonic,1.0,70,0.15
beta,fixed_harmonic,1.2,1,0.2875
beta,fixed_harmonic,1.2,2,0.23125
beta,fixed_harmonic,1.2,3,0.25
beta,fixed_harmonic,1.2,4,0.18125
beta,fixed_harmonic,1.2,5,0.125
beta,fixed_harmonic,1.2,6,0.13125
beta,fixed_harmonic,1.2,7,0.1125
beta,fixed_harmonic,1.2,8,0.1
beta,fixed_harmonic,1.2,9,0.275
beta,fixed_harmonic,1.2,10,0.275
beta,fixed_harmonic,1.2,11,0.13125
beta,fixed_harmonic,1.2,12,0.35625
beta,fixed_harmonic,1.2,13,0.45625
beta,fixed_harmonic,1.2,14,0.13125
beta,fixed_harmonic,1.2,15,0.16875
beta,fixed_harmonic,1.2,16,0.08125
beta,fixed_harmonic,1.2,17,0.05
beta,fixed_harmonic,1.2,18,0.33125
beta,fixed_harmonic,1.2,19,0.30625
beta,fixed_harmonic,1.2,20,0.175
beta,fixed_harmonic,1.2,21,0.29375
beta,fixed_harmonic,1.2,22,0.2375
beta,fixed_harmonic,1.2,23,0.46875
beta,fixed_harmonic,1.2,24,0.18125
beta,fixed_harmonic,1.2,25,0.24375
beta,fixed_harmonic,1.2,26,0.20625
beta,fixed_harmonic,1.2,27,0.34375
beta,fixed_harmonic,1.2,28,0.31875
beta,fixed_harmonic,1.2,29,0.1625
beta,fixed_harmonic,1.2,30,0.25
beta,fixed_harmonic,1.2,31,0.24375
beta,fixed_harmonic,1.2,32,0.05625
beta,fixed_harmonic,1.2,33,0.08125
beta,fixed_harmonic,1.2,34,0.2125
beta,fixed_harmonic,1.2,35,0.2625
beta,fixed_harmonic,1.2,36,0.4375
beta,fixed_harmonic,1.2,37,0.25625
beta,fixed_harmonic,1.2,38,0.16875
beta,fixed_harmonic,1.2,39,0.1625
beta,fixed_harmonic,1.2,40,0.13125
beta,fixed_harmonic,1.2,41,0.09375
beta,fixed_harmonic,1.2,42,0.41875
beta,fixed_harmonic,1.2,43,0.10625
beta,fixed_harmonic,1.2,44,0.18125
beta,fixed_harmonic,1.2,45,0.10625
beta,fixed_harmonic,1.2,46,0.10625
beta,fixed_harmonic,1.2,47,0.08125
beta,fixed_harmonic,1.2,48,0.36875
beta,fixed_harmonic,1.2,49,0.3125
beta,fixed_harmonic,1.2,50,0.06875
beta,fixed_harmonic,1.2,51,0.29375
beta,fixed_harmonic,1.2,52,0.14375
beta,fixed_harmonic,1.2,53,0.1875
beta,fixed_harmonic,1.2,54,0.075
beta,fixed_harmonic,1.2,55,0.1375
beta,fixed_harmonic,1.2,56,0.36875
beta,fixed_harmonic,1.2,57,0.25625
beta,fixed_harmonic,1.2,58,0.34375
beta,fixed_harmonic,1.2,59,0.08125
beta,fixed_harmonic,1.2,60,0.21875
beta,fixed_harmonic,1.2,61,0.0625
beta,fixed_harmonic,1.2,62,0.19375
beta,fixed_harmonic,1.2,63,0.25
beta,fixed_harmonic,1.2,64,0.23125
beta,fixed_harmonic,1.2,65,0.11875
beta,fixed_harmonic,1.2,66,0.2125
beta,fixed_harmonic,1.2,67,0.35625
beta,fixed_harmonic,1.2,68,0.25
beta,fixed_harmonic,1.2,69,0.1
beta,fixed_harmonic,1.2,70,0.24375
beta,fixed_harmonic,1.5,1,0.425
beta,fixed_harmonic,1.5,2,0.225
beta,fixed_harmonic,1.5,3,0.35
beta,fixed_harmonic,1.5,4,0.25625
beta,fixed_harmonic,1.5,5,0.175
beta,fixed_harmonic,1.5,6,0.2
beta,fixed_harmonic,1.5,7,0.19375
beta,fixed_harmonic,1.5,8,0.175
beta,fixed_harmonic,1.5,9,0.3875
beta,fixed_harmonic,1.5,10,0.35625
beta,fixed_harmonic,1.5,11,0.1125
beta,fixed_harmonic,1.5,12,0.48125
beta,fixed_harmonic,1.5,13,0.5
beta,fixed_harmonic,1.5,14,0.11875
beta,fixed_harmonic,1.5,15,0.18125
beta,fixed_harmonic,1.5,16,0.18125
beta,fixed_harmonic,1.5,17,0.0375
beta,fixed_harmonic,1.5,18,0.43125
beta,fixed_harmonic,1.5,19,0.39375
beta,fixed_harmonic,1.5,20,0.2125
beta,fixed_harmonic,1.5,21,0.43125
beta,fixed_harmonic,1.5,22,0.30625
beta,fixed_harmonic,1.5,23,0.60625
beta,fixed_harmonic,1.5,24,0.25625
beta,fixed_harmonic,1.5,25,0.2375
beta,fixed_harmonic,1.5,26,0.26875
beta,fixed_harmonic,1.5,27,0.49375
beta,fixed_harmonic,1.5,28,0.35625
beta,fixed_harmonic,1.5,29,0.18125
beta,fixed_harmonic,1.5,30,0.31875
beta,fixed_harmonic,1.5,31,0.25
beta,fixed_harmonic,1.5,32,0.05625
beta,fixed_harmonic,1.5,33,0.13125
beta,fixed_harmonic,1.5,34,0.30625
beta,fixed_harmonic,1.5,35,0.29375
beta,fixed_harmonic,1.5,36,0.5125
beta,fixed_harmonic,1.5,37,0.31875
beta,fixed_harmonic,1.5,38,0.225
beta,fixed_harmonic,1.5,39,0.19375
beta,fixed_harmonic,1.5,40,0.13125
beta,fixed_harmonic,1.5,41,0.1
beta,fixed_harmonic,1.5,42,0.51875
beta,fixed_harmonic,1.5,43,0.1375
beta,fixed_harmonic,1.5,44,0.18125
beta,fixed_harmonic,1.5,45,0.14375
beta,fixed_harmonic,1.5,46,0.0875
beta,fixed_harmonic,1.5,47,0.1375
beta,fixed_harmonic,1.5,48,0.46875
beta,fixed_harmonic,1.5,49,0.45
beta,fixed_harmonic,1.5,50,0.1125
beta,fixed_harmonic,1.5,51,0.375
beta,fixed_harmonic,1.5,52,0.23125
beta,fixed_harmonic,1.5,53,0.29375
beta,fixed_harmonic,1.5,54,0.0875
beta,fixed_harmonic,1.5,55,0.175
beta,fixed_harmonic,1.5,56,0.475
beta,fixed_harmonic,1.5,57,0.35625
beta,fixed_harmonic,1.5,58,0.5
beta,fixed_harmonic,1.5,59,0.125
beta,fixed_harmonic,1.5,60,0.2375
beta,fixed_harmonic,1.5,61,0.05
beta,fixed_harmonic,1.5,62,0.24375
beta,fixed_harmonic,1.5,63,0.26875
beta,fixed_harmonic,1.5,64,0.25
beta,fixed_harmonic,1.5,65,0.15625
beta,fixed_harmonic,1.5,66,0.26875
beta,fixed_harmonic,1.5,67,0.4
beta,fixed_harmonic,1.5,68,0.36875
beta,fixed_harmonic,1.5,69,0.11875
beta,fixed_harmonic,1.5,70,0.225
beta,cca,0.4,1,0.125
beta,cca,0.4,2,0.10625
beta,cca,0.4,3,0.18125
beta,cca,0.4,4,0.05
beta,cca,0.4,5,0.06875
beta,cca,0.4,6,0.05625
beta,cca,0.4,7,0.06875
beta,cca,0.4,8,0.01875
beta,cca,0.4,9,0.0875
beta,cca,0.4,10,0.1125
beta,cca,0.4,11,0.01875
beta,cca,0.4,12,0.14375
beta,cca,0.4,13,0.0875
beta,cca,0.4,14,0.1125
beta,cca,0.4,15,0.09375
beta,cca,0.4,16,0.10625
beta,cca,0.4,17,0.025
beta,cca,0.4,18,0.18125
beta,cca,0.4,19,0.0875
beta,cca,0.4,20,0.03125
beta,cca,0.4,21,0.08125
beta,cca,0.4,22,0.0875
beta,cca,0.4,23,0.05
beta,cca,0.4,24,0.0875
beta,cca,0.4,25,0.1
beta,cca,0.4,26,0.0125
beta,cca,0.4,27,0.05625
beta,cca,0.4,28,0.10625
beta,cca,0.4,29,0.06875
beta,cca,0.4,30,0.11875
beta,cca,0.4,31,0.03125
beta,cca,0.4,32,0.06875
beta,cca,0.4,33,0.0375
beta,cca,0.4,34,0.05625
beta,cca,0.4,35,0.06875
beta,cca,0.4,36,0.075
beta,cca,0.4,37,0.175
beta,cca,0.4,38,0.03125
beta,cca,0.4,39,0.0375
beta,cca,0.4,40,0.0875
beta,cca,0.4,41,0.0375
beta,cca,0.4,42,0.10625
beta,cca,0.4,43,0.09375
beta,cca,0.4,44,0.01875
beta,cca,0.4,45,0.04375
beta,cca,0.4,46,0.025
beta,cca,0.4,47,0.05
beta,cca,0.4,48,0.08125
beta,cca,0.4,49,0.08125
beta,cca,0.4,50,0.05
beta,cca,0.4,51,0.0375
beta,cca,0.4,52,0.0625
beta,cca,0.4,53,0.03125
beta,cca,0.4,54,0.04375
beta,cca,0.4,55,0.04375
beta,cca,0.4,56,0.0875
beta,cca,0.4,57,0.1
beta,cca,0.4,58,0.1375
beta,cca,0.4,59,0.03125
beta,cca,0.4,60,0.075
beta,cca,0.4,61,0.04375
beta,cca,0.4,62,0.10625
beta,cca,0.4,63,0.14375
beta,cca,0.4,64,0.05
beta,cca,0.4,65,0.03125
beta,cca,0.4,66,0.0875
beta,cca,0.4,67,0.125
beta,cca,0.4,68,0.05
beta,cca,0.4,69,0.0875
beta,cca,0.4,70,0.0625
beta,cca,0.6,1,0.2375
beta,cca,0.6,2,0.3
beta,cca,0.6,3,0.3375
beta,cca,0.6,4,0.13125
beta,cca,0.6,5,0.1125
beta,cca,0.6,6,0.10625
beta,cca,0.6,7,0.05625
beta,cca,0.6,8,0.09375
beta,cca,0.6,9,0.2875
beta,cca,0.6,10,0.21875
beta,cca,0.6,11,0.025
beta,cca,0.6,12,0.26875
beta,cca,0.6,13,0.20625
beta,cca,0.6,14,0.21875
beta,cca,0.6,15,0.2625
beta,cca,0.6,16,0.2625
beta,cca,0.6,17,0.05625
beta,cca,0.6,18,0.45
beta,cca,0.6,19,0.1875
beta,cca,0.6,20,0.05625
beta,cca,0.6,21,0.16875
beta,cca,0.6,22,0.2375
beta,cca,0.6,23,0.25
beta,cca,0.6,24,0.1625
beta,cca,0.6,25,0.325
beta,cca,0.6,26,0.05625
beta,cca,0.6,27,0.08125
beta,cca,0.6,28,0.225
beta,cca,0.6,29,0.23125
beta,cca,0.6,30,0.2875
beta,cca,0.6,31,0.075
beta,cca,0.6,32,0.075
beta,cca,0.6,33,0.05625
beta,cca,0.6,34,0.13125
beta,cca,0.6,35,0.10625
beta,cca,0.6,36,0.2
beta,cca,0.6,37,0.36875
beta,cca,0.6,38,0.10625
beta,cca,0.6,39,0.10625
beta,cca,0.6,40,0.125
beta,cca,0.6,41,0.0375
beta,cca,0.6,42,0.3
beta,cca,0.6,43,0.13125
beta,cca,0.6,44,0.075
beta,cca,0.6,45,0.08125
beta,cca,0.6,46,0.0625
beta,cca,0.6,47,0.0875
beta,cca,0.6,48,0.20625
beta,cca,0.6,49,0.3
beta,cca,0.6,50,0.04375
beta,cca,0.6,51,0.1125
beta,cca,0.6,52,0.15
beta,cca,0.6,53,0.09375
beta,cca,0.6,54,0.11875
beta,cca,0.6,55,0.05625
beta,cca,0.6,56,0.29375
beta,cca,0.6,57,0.25625
beta,cca,0.6,58,0.275
beta,cca,0.6,59,0.10625
beta,cca,0.6,60,0.1125
beta,cca,0.6,61,0.05
beta,cca,0.6,62,0.275
beta,cca,0.6,63,0.30625
beta,cca,0.6,64,0.0875
beta,cca,0.6,65,0.05
beta,cca,0.6,66,0.19375
beta,cca,0.6,67,0.43125
beta,cca,0.6,68,0.11875
beta,cca,0.6,69,0.125
beta,cca,0.6,70,0.20625
beta,cca,0.8,1,0.50625
beta,cca,0.8,2,0.38125
beta,cca,0.8,3,0.5625
beta,cca,0.8,4,0.1875
beta,cca,0.8,5,0.1125
beta,cca,0.8,6,0.16875
beta,cca,0.8,7,0.08125
beta,cca,0.8,8,0.1375
beta,cca,0.8,9,0.575
beta,cca,0.8,10,0.275
beta,cca,0.8,11,0.06875
beta,cca,0.8,12,0.41875
beta,cca,0.8,13,0.4
beta,cca,0.8,14,0.41875
beta,cca,0.8,15,0.3125
beta,cca,0.8,16,0.39375
beta,cca,0.8,17,0.08125
beta,cca,0.8,18,0.675
beta,cca,0.8,19,0.29375
beta,cca,0.8,20,0.125
beta,cca,0.8,21,0.25
beta,cca,0.8,22,0.34375
beta,cca,0.8,23,0.49375
beta,cca,0.8,24,0.3125
beta,cca,0.8,25,0.58125
beta,cca,0.8,26,0.125
beta,cca,0.8,27,0.20625
beta,cca,0.8,28,0.35625
beta,cca,0.8,29,0.3625
beta,cca,0.8,30,0.425
beta,cca,0.8,31,0.0875
beta,cca,0.8,32,0.05625
beta,cca,0.8,33,0.025
beta,cca,0.8,34,0.2125
beta,cca,0.8,35,0.19375
beta,cca,0.8,36,0.425
beta,cca,0.8,37,0.53125
beta,cca,0.8,38,0.13125
beta,cca,0.8,39,0.23125
beta,cca,0.8,40,0.20625
beta,cca,0.8,41,0.05625
beta,cca,0.8,42,0.45625
beta,cca,0.8,43,0.175
beta,cca,0.8,44,0.08125
beta,cca,0.8,45,0.13125
beta,cca,0.8,46,0.0625
beta,cca,0.8,47,0.1
beta,cca,0.8,48,0.3375
beta,cca,0.8,49,0.51875
beta,cca,0.8,50,0.10625
beta,cca,0.8,51,0.2375
beta,cca,0.8,52,0.30625
beta,cca,0.8,53,0.11875
beta,cca,0.8,54,0.23125
beta,cca,0.8,55,0.06875
beta,cca,0.8,56,0.48125
beta,cca,0.8,57,0.45
beta,cca,0.8,58,0.375
beta,cca,0.8,59,0.11875
beta,cca,0.8,60,0.2
beta,cca,0.8,61,0.0375
beta,cca,0.8,62,0.36875
beta,cca,0.8,63,0.4625
beta,cca,0.8,64,0.15
beta,cca,0.8,65,0.05
beta,cca,0.8,66,0.45
beta,cca,0.8,67,0.625
beta,cca,0.8,68,0.29375
beta,cca,0.8,69,0.11875
beta,cca,0.8,70,0.34375
beta,cca,1.0,1,0.65
beta,cca,1.0,2,0.5
beta,cca,1.0,3,0.75625
beta,cca,1.0,4,0.26875
beta,cca,1.0,5,0.19375
beta,cca,1.0,6,0.33125
beta,cca,1.0,7,0.11875
beta,cca,1.0,8,0.2375
beta,cca,1.0,9,0.7125
beta,cca,1.0,10,0.425
beta,cca,1.0,11,0.1
beta,cca,1.0,12,0.625
beta,cca,1.0,13,0.48125
beta,cca,1.0,14,0.48125
beta,cca,1.0,15,0.44375
beta,cca,1.0,16,0.55
beta,cca,1.0,17,0.08125
beta,cca,1.0,18,0.84375
beta,cca,1.0,19,0.46875
beta,cca,1.0,20,0.1375
beta,cca,1.0,21,0.30625
beta,cca,1.0,22,0.45625
beta,cca,1.0,23,0.73125
beta,cca,1.0,24,0.43125
beta,cca,1.0,25,0.68125
beta,cca,1.0,26,0.1625
beta,cca,1.0,27,0.28125
beta,cca,1.0,28,0.4875
beta,cca,1.0,29,0.51875
beta,cca,1.0,30,0.59375
beta,cca,1.0,31,0.1125
beta,cca,1.0,32,0.125
beta,cca,1.0,33,0.1
beta,cca,1.0,34,0.29375
beta,cca,1.0,35,0.28125
beta,cca,1.0,36,0.5875
beta,cca,1.0,37,0.71875
beta,cca,1.0,38,0.19375
beta,cca,1.0,39,0.3375
beta,cca,1.0,40,0.3
beta,cca,1.0,41,0.05
beta,cca,1.0,42,0.6
beta,cca,1.0,43,0.3
beta,cca,1.0,44,0.15
beta,cca,1.0,45,0.2125
beta,cca,1.0,46,0.11875
beta,cca,1.0,47,0.11875
beta,cca,1.0,48,0.475
beta,cca,1.0,49,0.6375
beta,cca,1.0,50,0.13125
beta,cca,1.0,51,0.3875
beta,cca,1.0,52,0.39375
beta,cca,1.0,53,0.18125
beta,cca,1.0,54,0.325
beta,cca,1.0,55,0.125
beta,cca,1.0,56,0.675
beta,cca,1.0,57,0.6625
beta,cca,1.0,58,0.46875
beta,cca,1.0,59,0.1875
beta,cca,1.0,60,0.25
beta,cca,1.0,61,0.10625
beta,cca,1.0,62,0.51875
beta,cca,1.0,63,0.66875
beta,cca,1.0,64,0.1625
beta,cca,1.0,65,0.0625
beta,cca,1.0,66,0.50625
beta,cca,1.0,67,0.7625
beta,cca,1.0,68,0.44375
beta,cca,1.0,69,0.18125
beta,cca,1.0,70,0.50625
beta,cca,1.2,1,0.76875
beta,cca,1.2,2,0.5625
beta,cca,1.2,3,0.8125
beta,cca,1.2,4,0.34375
beta,cca,1.2,5,0.25625
beta,cca,1.2,6,0.45625
beta,cca,1.2,7,0.20625
beta,cca,1.2,8,0.34375
beta,cca,1.2,9,0.76875
beta,cca,1.2,10,0.51875
beta,cca,1.2,11,0.13125
beta,cca,1.2,12,0.725
beta,cca,1.2,13,0.6875
beta,cca,1.2,14,0.6125
beta,cca,1.2,15,0.575
beta,cca,1.2,16,0.6
beta,cca,1.2,17,0.08125
beta,cca,1.2,18,0.93125
beta,cca,1.2,19,0.5625
beta,cca,1.2,20,0.21875
beta,cca,1.2,21,0.4875
beta,cca,1.2,22,0.6
beta,cca,1.2,23,0.85625
beta,cca,1.2,24,0.55
beta,cca,1.2,25,0.76875
beta,cca,1.2,26,0.21875
beta,cca,1.2,27,0.4125
beta,cca,1.2,28,0.5875
beta,cca,1.2,29,0.6625
beta,cca,1.2,30,0.725
beta,cca,1.2,31,0.16875
beta,cca,1.2,32,0.11875
beta,cca,1.2,33,0.1125
beta,cca,1.2,34,0.4375
beta,cca,1.2,35,0.4
beta,cca,1.2,36,0.675
beta,cca,1.2,37,0.85
beta,cca,1.2,38,0.29375
beta,cca,1.2,39,0.4875
beta,cca,1.2,40,0.40625
beta,cca,1.2,41,0.0875
beta,cca,1.2,42,0.75
beta,cca,1.2,43,0.38125
beta,cca,1.2,44,0.175
beta,cca,1.2,45,0.23125
beta,cca,1.2,46,0.23125
beta,cca,1.2,47,0.19375
beta,cca,1.2,48,0.675
beta,cca,1.2,49,0.775
beta,cca,1.2,50,0.11875
beta,cca,1.2,51,0.4875
beta,cca,1.2,52,0.575
beta,cca,1.2,53,0.29375
beta,cca,1.2,54,0.45
beta,cca,1.2,55,0.15
beta,cca,1.2,56,0.7875
beta,cca,1.2,57,0.7875
beta,cca,1.2,58,0.675
beta,cca,1.2,59,0.2875
beta,cca,1.2,60,0.38125
beta,cca,1.2,61,0.1125
beta,cca,1.2,62,0.5625
beta,cca,1.2,63,0.775
beta,cca,1.2,64,0.2
beta,cca,1.2,65,0.1375
beta,cca,1.2,66,0.59375
beta,cca,1.2,67,0.86875
beta,cca,1.2,68,0.58125
beta,cca,1.2,69,0.2125
beta,cca,1.2,70,0.6625
beta,cca,1.5,1,0.8625
beta,cca,1.5,2,0.58125
beta,cca,1.5,3,0.89375
beta,cca,1.5,4,0.48125
beta,cca,1.5,5,0.3875
beta,cca,1.5,6,0.58125
beta,cca,1.5,7,0.3
beta,cca,1.5,8,0.45
beta,cca,1.5,9,0.875
beta,cca,1.5,10,0.6125
beta,cca,1.5,11,0.1625
beta,cca,1.5,12,0.85
beta,cca,1.5,13,0.8
beta,cca,1.5,14,0.74375
beta,cca,1.5,15,0.65
beta,cca,1.5,16,0.73125
beta,cca,1.5,17,0.11875
beta,cca,1.5,18,0.96875
beta,cca,1.5,19,0.66875
beta,cca,1.5,20,0.3
beta,cca,1.5,21,0.6375
beta,cca,1.5,22,0.7625
beta,cca,1.5,23,0.95
beta,cca,1.5,24,0.7
beta,cca,1.5,25,0.8125
beta,cca,1.5,26,0.28125
beta,cca,1.5,27,0.5625
beta,cca,1.5,28,0.71875
beta,cca,1.5,29,0.86875
beta,cca,1.5,30,0.8375
beta,cca,1.5,31,0.175
beta,cca,1.5,32,0.225
beta,cca,1.5,33,0.19375
beta,cca,1.5,34,0.5375
beta,cca,1.5,35,0.45
beta,cca,1.5,36,0.78125
beta,cca,1.5,37,0.94375
beta,cca,1.5,38,0.39375
beta,cca,1.5,39,0.59375
beta,cca,1.5,40,0.4875
beta,cca,1.5,41,0.06875
beta,cca,1.5,42,0.85
beta,cca,1.5,43,0.61875
beta,cca,1.5,44,0.20625
beta,cca,1.5,45,0.3875
beta,cca,1.5,46,0.325
beta,cca,1.5,47,0.33125
beta,cca,1.5,48,0.84375
beta,cca,1.5,49,0.875
beta,cca,1.5,50,0.25625
beta,cca,1.5,51,0.6125
beta,cca,1.5,52,0.675
beta,cca,1.5,53,0.33125
beta,cca,1.5,54,0.63125
beta,cca,1.5,55,0.19375
beta,cca,1.5,56,0.8875
beta,cca,1.5,57,0.85625
beta,cca,1.5,58,0.7625
beta,cca,1.5,59,0.4125
beta,cca,1.5,60,0.46875
beta,cca,1.5,61,0.20625
beta,cca,1.5,62,0.73125
beta,cca,1.5,63,0.88125
beta,cca,1.5,64,0.29375
beta,cca,1.5,65,0.16875
beta,cca,1.5,66,0.78125
beta,cca,1.5,67,0.90625
beta,cca,1.5,68,0.68125
beta,cca,1.5,69,0.28125
beta,cca,1.5,70,0.8
beta,fbcca,0.4,1,0.0875
beta,fbcca,0.4,2,0.0875
beta,fbcca,0.4,3,0.10625
beta,fbcca,0.4,4,0.04375
beta,fbcca,0.4,5,0.05
beta,fbcca,0.4,6,0.025
beta,fbcca,0.4,7,0.08125
beta,fbcca,0.4,8,0.025
beta,fbcca,0.4,9,0.1125
beta,fbcca,0.4,10,0.075
beta,fbcca,0.4,11,0.025
beta,fbcca,0.4,12,0.06875
beta,fbcca,0.4,13,0.125
beta,fbcca,0.4,14,0.06875
beta,fbcca,0.4,15,0.11875
beta,fbcca,0.4,16,0.08125
beta,fbcca,0.4,17,0.01875
beta,fbcca,0.4,18,0.11875
beta,fbcca,0.4,19,0.06875
beta,fbcca,0.4,20,0.05625
beta,fbcca,0.4,21,0.0875
beta,fbcca,0.4,22,0.09375
beta,fbcca,0.4,23,0.08125
beta,fbcca,0.4,24,0.05
beta,fbcca,0.4,25,0.14375
beta,fbcca,0.4,26,0.0375
beta,fbcca,0.4,27,0.0625
beta,fbcca,0.4,28,0.11875
beta,fbcca,0.4,29,0.03125
beta,fbcca,0.4,30,0.0625
beta,fbcca,0.4,31,0.04375
beta,fbcca,0.4,32,0.0625
beta,fbcca,0.4,33,0.03125
beta,fbcca,0.4,34,0.025
beta,fbcca,0.4,35,0.075
beta,fbcca,0.4,36,0.1
beta,fbcca,0.4,37,0.10625
beta,fbcca,0.4,38,0.025
beta,fbcca,0.4,39,0.025
beta,fbcca,0.4,40,0.0375
beta,fbcca,0.4,41,0.025
beta,fbcca,0.4,42,0.11875
beta,fbcca,0.4,43,0.1
beta,fbcca,0.4,44,0.05625
beta,fbcca,0.4,45,0.05
beta,fbcca,0.4,46,0.0375
beta,fbcca,0.4,47,0.025
beta,fbcca,0.4,48,0.06875
beta,fbcca,0.4,49,0.025
beta,fbcca,0.4,50,0.075
beta,fbcca,0.4,51,0.075
beta,fbcca,0.4,52,0.05
beta,fbcca,0.4,53,0.06875
beta,fbcca,0.4,54,0.05625
beta,fbcca,0.4,55,0.04375
beta,fbcca,0.4,56,0.0875
beta,fbcca,0.4,57,0.10625
beta,fbcca,0.4,58,0.15625
beta,fbcca,0.4,59,0.03125
beta,fbcca,0.4,60,0.0625
beta,fbcca,0.4,61,0.025
beta,fbcca,0.4,62,0.0625
beta,fbcca,0.4,63,0.10625
beta,fbcca,0.4,64,0.1125
beta,fbcca,0.4,65,0.04375
beta,fbcca,0.4,66,0.11875
beta,fbcca,0.4,67,0.1625
beta,fbcca,0.4,68,0.04375
beta,fbcca,0.4,69,0.075
beta,fbcca,0.4,70,0.09375
beta,fbcca,0.6,1,0.2625
beta,fbcca,0.6,2,0.3375
beta,fbcca,0.6,3,0.26875
beta,fbcca,0.6,4,0.13125
beta,fbcca,0.6,5,0.15
beta,fbcca,0.6,6,0.05625
beta,fbcca,0.6,7,0.08125
beta,fbcca,0.6,8,0.0625
beta,fbcca,0.6,9,0.3375
beta,fbcca,0.6,10,0.2
beta,fbcca,0.6,11,0.03125
beta,fbcca,0.6,12,0.26875
beta,fbcca,0.6,13,0.2625
beta,fbcca,0.6,14,0.21875
beta,fbcca,0.6,15,0.34375
beta,fbcca,0.6,16,0.19375
beta,fbcca,0.6,17,0.04375
beta,fbcca,0.6,18,0.4375
beta,fbcca,0.6,19,0.15625
beta,fbcca,0.6,20,0.09375
beta,fbcca,0.6,21,0.2125
beta,fbcca,0.6,22,0.20625
beta,fbcca,0.6,23,0.29375
beta,fbcca,0.6,24,0.18125
beta,fbcca,0.6,25,0.275
beta,fbcca,0.6,26,0.05
beta,fbcca,0.6,27,0.16875
beta,fbcca,0.6,28,0.28125
beta,fbcca,0.6,29,0.225
beta,fbcca,0.6,30,0.225
beta,fbcca,0.6,31,0.075
beta,fbcca,0.6,32,0.04375
beta,fbcca,0.6,33,0.05625
beta,fbcca,0.6,34,0.1375
beta,fbcca,0.6,35,0.2
beta,fbcca,0.6,36,0.23125
beta,fbcca,0.6,37,0.3125
beta,fbcca,0.6,38,0.06875
beta,fbcca,0.6,39,0.1125
beta,fbcca,0.6,40,0.13125
beta,fbcca,0.6,41,0.05625
beta,fbcca,0.6,42,0.2375
beta,fbcca,0.6,43,0.15625
beta,fbcca,0.6,44,0.075
beta,fbcca,0.6,45,0.11875
beta,fbcca,0.6,46,0.10625
beta,fbcca,0.6,47,0.05
beta,fbcca,0.6,48,0.24375
beta,fbcca,0.6,49,0.34375
beta,fbcca,0.6,50,0.09375
beta,fbcca,0.6,51,0.14375
beta,fbcca,0.6,52,0.20625
beta,fbcca,0.6,53,0.19375
beta,fbcca,0.6,54,0.125
beta,fbcca,0.6,55,0.08125
beta,fbcca,0.6,56,0.325
beta,fbcca,0.6,57,0.25625
beta,fbcca,0.6,58,0.3
beta,fbcca,0.6,59,0.08125
beta,fbcca,0.6,60,0.125
beta,fbcca,0.6,61,0.04375
beta,fbcca,0.6,62,0.24375
beta,fbcca,0.6,63,0.35
beta,fbcca,0.6,64,0.18125
beta,fbcca,0.6,65,0.0625
beta,fbcca,0.6,66,0.31875
beta,fbcca,0.6,67,0.5625
beta,fbcca,0.6,68,0.2125
beta,fbcca,0.6,69,0.19375
beta,fbcca,0.6,70,0.25
beta,fbcca,0.8,1,0.46875
beta,fbcca,0.8,2,0.49375
beta,fbcca,0.8,3,0.51875
beta,fbcca,0.8,4,0.28125
beta,fbcca,0.8,5,0.24375
beta,fbcca,0.8,6,0.18125
beta,fbcca,0.8,7,0.15625
beta,fbcca,0.8,8,0.14375
beta,fbcca,0.8,9,0.5875
beta,fbcca,0.8,10,0.38125
beta,fbcca,0.8,11,0.09375
beta,fbcca,0.8,12,0.50625
beta,fbcca,0.8,13,0.4625
beta,fbcca,0.8,14,0.3875
beta,fbcca,0.8,15,0.46875
beta,fbcca,0.8,16,0.33125
beta,fbcca,0.8,17,0.1125
beta,fbcca,0.8,18,0.6625
beta,fbcca,0.8,19,0.3125
beta,fbcca,0.8,20,0.2125
beta,fbcca,0.8,21,0.3125
beta,fbcca,0.8,22,0.475
beta,fbcca,0.8,23,0.54375
beta,fbcca,0.8,24,0.35
beta,fbcca,0.8,25,0.525
beta,fbcca,0.8,26,0.15625
beta,fbcca,0.8,27,0.3125
beta,fbcca,0.8,28,0.4625
beta,fbcca,0.8,29,0.39375
beta,fbcca,0.8,30,0.38125
beta,fbcca,0.8,31,0.125
beta,fbcca,0.8,32,0.0875
beta,fbcca,0.8,33,0.10625
beta,fbcca,0.8,34,0.3125
beta,fbcca,0.8,35,0.4375
beta,fbcca,0.8,36,0.46875
beta,fbcca,0.8,37,0.56875
beta,fbcca,0.8,38,0.15
beta,fbcca,0.8,39,0.2875
beta,fbcca,0.8,40,0.28125
beta,fbcca,0.8,41,0.0875
beta,fbcca,0.8,42,0.4875
beta,fbcca,0.8,43,0.30625
beta,fbcca,0.8,44,0.1125
beta,fbcca,0.8,45,0.23125
beta,fbcca,0.8,46,0.15625
beta,fbcca,0.8,47,0.08125
beta,fbcca,0.8,48,0.43125
beta,fbcca,0.8,49,0.60625
beta,fbcca,0.8,50,0.19375
beta,fbcca,0.8,51,0.325
beta,fbcca,0.8,52,0.4
beta,fbcca,0.8,53,0.29375
beta,fbcca,0.8,54,0.24375
beta,fbcca,0.8,55,0.15
beta,fbcca,0.8,56,0.5125
beta,fbcca,0.8,57,0.5125
beta,fbcca,0.8,58,0.3875
beta,fbcca,0.8,59,0.1125
beta,fbcca,0.8,60,0.3
beta,fbcca,0.8,61,0.06875
beta,fbcca,0.8,62,0.375
beta,fbcca,0.8,63,0.61875
beta,fbcca,0.8,64,0.275
beta,fbcca,0.8,65,0.1
beta,fbcca,0.8,66,0.56875
beta,fbcca,0.8,67,0.74375
beta,fbcca,0.8,68,0.50625
beta,fbcca,0.8,69,0.3
beta,fbcca,0.8,70,0.50625
beta,fbcca,1.0,1,0.65625
beta,fbcca,1.0,2,0.58125
beta,fbcca,1.0,3,0.68125
beta,fbcca,1.0,4,0.46875
beta,fbcca,1.0,5,0.43125
beta,fbcca,1.0,6,0.34375
beta,fbcca,1.0,7,0.30625
beta,fbcca,1.0,8,0.30625
beta,fbcca,1.0,9,0.7
beta,fbcca,1.0,10,0.50625
beta,fbcca,1.0,11,0.16875
beta,fbcca,1.0,12,0.71875
beta,fbcca,1.0,13,0.6
beta,fbcca,1.0,14,0.55625
beta,fbcca,1.0,15,0.58125
beta,fbcca,1.0,16,0.4875
beta,fbcca,1.0,17,0.15625
beta,fbcca,1.0,18,0.85625
beta,fbcca,1.0,19,0.5375
beta,fbcca,1.0,20,0.25625
beta,fbcca,1.0,21,0.5
beta,fbcca,1.0,22,0.6625
beta,fbcca,1.0,23,0.8
beta,fbcca,1.0,24,0.4875
beta,fbcca,1.0,25,0.6875
beta,fbcca,1.0,26,0.26875
beta,fbcca,1.0,27,0.45
beta,fbcca,1.0,28,0.6625
beta,fbcca,1.0,29,0.5875
beta,fbcca,1.0,30,0.53125
beta,fbcca,1.0,31,0.25625
beta,fbcca,1.0,32,0.1125
beta,fbcca,1.0,33,0.15
beta,fbcca,1.0,34,0.525
beta,fbcca,1.0,35,0.55
beta,fbcca,1.0,36,0.65625
beta,fbcca,1.0,37,0.725
beta,fbcca,1.0,38,0.2875
beta,fbcca,1.0,39,0.41875
beta,fbcca,1.0,40,0.4
beta,fbcca,1.0,41,0.06875
beta,fbcca,1.0,42,0.6375
beta,fbcca,1.0,43,0.45625
beta,fbcca,1.0,44,0.225
beta,fbcca,1.0,45,0.31875
beta,fbcca,1.0,46,0.2375
beta,fbcca,1.0,47,0.15
beta,fbcca,1.0,48,0.64375
beta,fbcca,1.0,49,0.76875
beta,fbcca,1.0,50,0.3125
beta,fbcca,1.0,51,0.4625
beta,fbcca,1.0,52,0.54375
beta,fbcca,1.0,53,0.49375
beta,fbcca,1.0,54,0.3875
beta,fbcca,1.0,55,0.1625
beta,fbcca,1.0,56,0.71875
beta,fbcca,1.0,57,0.64375
beta,fbcca,1.0,58,0.54375
beta,fbcca,1.0,59,0.19375
beta,fbcca,1.0,60,0.38125
beta,fbcca,1.0,61,0.10625
beta,fbcca,1.0,62,0.525
beta,fbcca,1.0,63,0.775
beta,fbcca,1.0,64,0.41875
beta,fbcca,1.0,65,0.19375
beta,fbcca,1.0,66,0.73125
beta,fbcca,1.0,67,0.8625
beta,fbcca,1.0,68,0.6625
beta,fbcca,1.0,69,0.43125
beta,fbcca,1.0,70,0.725
beta,fbcca,1.2,1,0.75
beta,fbcca,1.2,2,0.7125
beta,fbcca,1.2,3,0.825
beta,fbcca,1.2,4,0.6
beta,fbcca,1.2,5,0.575
beta,fbcca,1.2,6,0.46875
beta,fbcca,1.2,7,0.35625
beta,fbcca,1.2,8,0.5
beta,fbcca,1.2,9,0.80625
beta,fbcca,1.2,10,0.60625
beta,fbcca,1.2,11,0.20625
beta,fbcca,1.2,12,0.825
beta,fbcca,1.2,13,0.75625
beta,fbcca,1.2,14,0.69375
beta,fbcca,1.2,15,0.7
beta,fbcca,1.2,16,0.6125
beta,fbcca,1.2,17,0.25625
beta,fbcca,1.2,18,0.94375
beta,fbcca,1.2,19,0.68125
beta,fbcca,1.2,20,0.35625
beta,fbcca,1.2,21,0.71875
beta,fbcca,1.2,22,0.76875
beta,fbcca,1.2,23,0.90625
beta,fbcca,1.2,24,0.59375
beta,fbcca,1.2,25,0.78125
beta,fbcca,1.2,26,0.325
beta,fbcca,1.2,27,0.625
beta,fbcca,1.2,28,0.80625
beta,fbcca,1.2,29,0.775
beta,fbcca,1.2,30,0.6625
beta,fbcca,1.2,31,0.375
beta,fbcca,1.2,32,0.16875
beta,fbcca,1.2,33,0.2
beta,fbcca,1.2,34,0.675
beta,fbcca,1.2,35,0.6875
beta,fbcca,1.2,36,0.825
beta,fbcca,1.2,37,0.85625
beta,fbcca,1.2,38,0.35625
beta,fbcca,1.2,39,0.55625
beta,fbcca,1.2,40,0.5125
beta,fbcca,1.2,41,0.11875
beta,fbcca,1.2,42,0.79375
beta,fbcca,1.2,43,0.55
beta,fbcca,1.2,44,0.2375
beta,fbcca,1.2,45,0.425
beta,fbcca,1.2,46,0.43125
beta,fbcca,1.2,47,0.18125
beta,fbcca,1.2,48,0.8
beta,fbcca,1.2,49,0.8625
beta,fbcca,1.2,50,0.3375
beta,fbcca,1.2,51,0.60625
beta,fbcca,1.2,52,0.7125
beta,fbcca,1.2,53,0.575
beta,fbcca,1.2,54,0.50625
beta,fbcca,1.2,55,0.25625
beta,fbcca,1.2,56,0.86875
beta,fbcca,1.2,57,0.79375
beta,fbcca,1.2,58,0.71875
beta,fbcca,1.2,59,0.33125
beta,fbcca,1.2,60,0.5
beta,fbcca,1.2,61,0.125
beta,fbcca,1.2,62,0.6
beta,fbcca,1.2,63,0.91875
beta,fbcca,1.2,64,0.50625
beta,fbcca,1.2,65,0.23125
beta,fbcca,1.2,66,0.83125
beta,fbcca,1.2,67,0.90625
beta,fbcca,1.2,68,0.75
beta,fbcca,1.2,69,0.50625
beta,fbcca,1.2,70,0.85
beta,fbcca,1.5,1,0.88125
beta,fbcca,1.5,2,0.79375
beta,fbcca,1.5,3,0.925
beta,fbcca,1.5,4,0.7625
beta,fbcca,1.5,5,0.7
beta,fbcca,1.5,6,0.63125
beta,fbcca,1.5,7,0.4875
beta,fbcca,1.5,8,0.63125
beta,fbcca,1.5,9,0.9125
beta,fbcca,1.5,10,0.64375
beta,fbcca,1.5,11,0.3125
beta,fbcca,1.5,12,0.88125
beta,fbcca,1.5,13,0.825
beta,fbcca,1.5,14,0.8
beta,fbcca,1.5,15,0.7875
beta,fbcca,1.5,16,0.71875
beta,fbcca,1.5,17,0.33125
beta,fbcca,1.5,18,0.975
beta,fbcca,1.5,19,0.83125
beta,fbcca,1.5,20,0.5
beta,fbcca,1.5,21,0.85625
beta,fbcca,1.5,22,0.9
beta,fbcca,1.5,23,0.95
beta,fbcca,1.5,24,0.8
beta,fbcca,1.5,25,0.8125
beta,fbcca,1.5,26,0.4125
beta,fbcca,1.5,27,0.775
beta,fbcca,1.5,28,0.85
beta,fbcca,1.5,29,0.93125
beta,fbcca,1.5,30,0.7875
beta,fbcca,1.5,31,0.475
beta,fbcca,1.5,32,0.23125
beta,fbcca,1.5,33,0.3
beta,fbcca,1.5,34,0.81875
beta,fbcca,1.5,35,0.825
beta,fbcca,1.5,36,0.8875
beta,fbcca,1.5,37,0.95625
beta,fbcca,1.5,38,0.55625
beta,fbcca,1.5,39,0.65
beta,fbcca,1.5,40,0.625
beta,fbcca,1.5,41,0.16875
beta,fbcca,1.5,42,0.875
beta,fbcca,1.5,43,0.75
beta,fbcca,1.5,44,0.30625
beta,fbcca,1.5,45,0.56875
beta,fbcca,1.5,46,0.55625
beta,fbcca,1.5,47,0.35
beta,fbcca,1.5,48,0.875
beta,fbcca,1.5,49,0.91875
beta,fbcca,1.5,50,0.51875
beta,fbcca,1.5,51,0.70625
beta,fbcca,1.5,52,0.875
beta,fbcca,1.5,53,0.7
beta,fbcca,1.5,54,0.70625
beta,fbcca,1.5,55,0.3
beta,fbcca,1.5,56,0.94375
beta,fbcca,1.5,57,0.86875
beta,fbcca,1.5,58,0.8375
beta,fbcca,1.5,59,0.375
beta,fbcca,1.5,60,0.65
beta,fbcca,1.5,61,0.2875
beta,fbcca,1.5,62,0.74375
beta,fbcca,1.5,63,0.95
beta,fbcca,1.5,64,0.6625
beta,fbcca,1.5,65,0.33125
beta,fbcca,1.5,66,0.9
beta,fbcca,1.5,67,0.95625
beta,fbcca,1.5,68,0.8625
beta,fbcca,1.5,69,0.63125
beta,fbcca,1.5,70,0.8875
