multiplicity_family,dataset,left,right,window_s,metric,participants,mean_difference,median_difference,bootstrap_difference_ci95_low,bootstrap_difference_ci95_high,wilcoxon_p_value,rank_biserial,with_harmonic_bias_mean,bias_masked_mean,holm_adjusted_p_value
attention_mechanism:beta:four_metrics_x_three_windows,beta,with_harmonic_bias,bias_masked,0.4,normalized_entropy,70,-0.3995781550942403,-0.39964602871636906,-0.3998633829445762,-0.3993014174788398,3.559469460061398e-13,-1.0,0.5695921038377213,0.9691702589319616,4.265460368398953e-12
attention_mechanism:beta:four_metrics_x_three_windows,beta,with_harmonic_bias,bias_masked,0.4,peak_distance_hz,70,-2.867767130689962,-2.902317702770233,-2.906470438476119,-2.8278135908696624,3.559469460061398e-13,-1.0,0.1524203619077092,3.02018749259767,4.265460368398953e-12
attention_mechanism:beta:four_metrics_x_three_windows,beta,with_harmonic_bias,bias_masked,0.4,peak_within_bias_width_fraction,70,0.8761607142857143,0.8770833333333332,0.871138206845238,0.8808335193452381,3.554550306999127e-13,1.0,0.9957886904761905,0.11962797619047617,4.265460368398953e-12
attention_mechanism:beta:four_metrics_x_three_windows,beta,with_harmonic_bias,bias_masked,0.4,harmonic_neighborhood_mass,70,0.6291529180748121,0.6295332610607147,0.6285725978158768,0.6296979347696261,3.559469460061398e-13,1.0,0.7278103851136706,0.09865746703885851,4.265460368398953e-12
attention_mechanism:beta:four_metrics_x_three_windows,beta,with_harmonic_bias,bias_masked,0.8,normalized_entropy,70,-0.4052748715915693,-0.404991066785815,-0.40618952776202183,-0.40436359303213315,3.559469460061398e-13,-1.0,0.5611382157805801,0.9664130873721494,4.265460368398953e-12
attention_mechanism:beta:four_metrics_x_three_windows,beta,with_harmonic_bias,bias_masked,0.8,peak_distance_hz,70,-2.635737355763004,-2.6886977776885033,-2.6966057528750524,-2.5723981701174665,3.559469460061398e-13,-1.0,0.1747261947819165,2.8104635505449207,4.265460368398953e-12
attention_mechanism:beta:four_metrics_x_three_windows,beta,with_harmonic_bias,bias_masked,0.8,peak_within_bias_width_fraction,70,0.8099627976190477,0.825,0.7958476562499998,0.823326636904762,3.5561893245235164e-13,1.0,0.9892410714285714,0.1792782738095238,4.265460368398953e-12
attention_mechanism:beta:four_metrics_x_three_windows,beta,with_harmonic_bias,bias_masked,0.8,harmonic_neighborhood_mass,70,0.6330132090619632,0.6330463600655397,0.6325144236100217,0.6335268868878483,3.559469460061398e-13,1.0,0.7352578032584417,0.10224459419647854,4.265460368398953e-12
attention_mechanism:beta:four_metrics_x_three_windows,beta,with_harmonic_bias,bias_masked,1.2,normalized_entropy,70,-0.40821035809192474,-0.40678369127822034,-0.4095251076152833,-0.4069209574562208,3.559469460061398e-13,-1.0,0.5593070336341466,0.9675173917260713,4.265460368398953e-12
attention_mechanism:beta:four_metrics_x_three_windows,beta,with_harmonic_bias,bias_masked,1.2,peak_distance_hz,70,-2.551130926183292,-2.6384634971618652,-2.6249993647972034,-2.4744030648115136,3.559469460061398e-13,-1.0,0.17742783782028015,2.7285587640035724,4.265460368398953e-12
attention_mechanism:beta:four_metrics_x_three_windows,beta,with_harmonic_bias,bias_masked,1.2,peak_within_bias_width_fraction,70,0.7783258928571428,0.8028645833333333,0.7595014880952382,0.7965329241071428,3.5590592899035074e-13,1.0,0.9871800595238095,0.20885416666666665,4.265460368398953e-12
attention_mechanism:beta:four_metrics_x_three_windows,beta,with_harmonic_bias,bias_masked,1.2,harmonic_neighborhood_mass,70,0.6363709974501814,0.6359729965527852,0.635521001366987,0.6372632598415728,3.559469460061398e-13,1.0,0.7378644821189698,0.10149348466878846,4.265460368398953e-12
