dataset,window_s,participant,seeds_averaged,metric,with_harmonic_bias,bias_masked
beta,0.4,1,3,normalized_entropy,0.5711346620303129,0.9718596137247504
beta,0.4,2,3,normalized_entropy,0.5702968900159228,0.9710528767599138
beta,0.4,3,3,normalized_entropy,0.560693352270892,0.9612296085058158
beta,0.4,4,3,normalized_entropy,0.5660462671277882,0.9668726503647641
beta,0.4,5,3,normalized_entropy,0.5710798477158529,0.9707546925935587
beta,0.4,6,3,normalized_entropy,0.5700976544892432,0.9677992947961253
beta,0.4,7,3,normalized_entropy,0.5705751655028138,0.9693601482480042
beta,0.4,8,3,normalized_entropy,0.5645771668223337,0.9642574987286529
beta,0.4,9,3,normalized_entropy,0.5581354379585769,0.9552783167302944
beta,0.4,10,3,normalized_entropy,0.5664628284277636,0.9672664699859186
beta,0.4,11,3,normalized_entropy,0.5734635385073324,0.9722237023411369
beta,0.4,12,3,normalized_entropy,0.5642306735885124,0.9641182706475803
beta,0.4,13,3,normalized_entropy,0.5696614534125576,0.9679894543433178
beta,0.4,14,3,normalized_entropy,0.5729725918765137,0.9719178514054408
beta,0.4,15,3,normalized_entropy,0.5734362275136718,0.9721933553211404
beta,0.4,16,3,normalized_entropy,0.5733059887902733,0.9725912207607094
beta,0.4,17,3,normalized_entropy,0.5707972745167028,0.9696764045721357
beta,0.4,18,3,normalized_entropy,0.5613913421713217,0.9616263632082012
beta,0.4,19,3,normalized_entropy,0.5744498057442328,0.9740987959148782
beta,0.4,20,3,normalized_entropy,0.5694673177451121,0.9704406211966644
beta,0.4,21,3,normalized_entropy,0.566160865356402,0.9675881175232295
beta,0.4,22,3,normalized_entropy,0.5679592814320987,0.967841760742027
beta,0.4,23,3,normalized_entropy,0.5687272704394208,0.9676726665795865
beta,0.4,24,3,normalized_entropy,0.5705540781784165,0.9696797125136637
beta,0.4,25,3,normalized_entropy,0.5788176117320415,0.9770162887686249
beta,0.4,26,3,normalized_entropy,0.5707343521390991,0.9706857092894118
beta,0.4,27,3,normalized_entropy,0.568916487022354,0.9697886146618085
beta,0.4,28,3,normalized_entropy,0.5620837199558973,0.9656601864908732
beta,0.4,29,3,normalized_entropy,0.5676217204901377,0.9646129718565448
beta,0.4,30,3,normalized_entropy,0.575289194457567,0.9750291416383293
beta,0.4,31,3,normalized_entropy,0.5741287985348017,0.974171510067114
beta,0.4,32,3,normalized_entropy,0.5772715797043209,0.9751452611056936
beta,0.4,33,3,normalized_entropy,0.5713551628426079,0.9706861919616134
beta,0.4,34,3,normalized_entropy,0.5682009341372815,0.9676858378979959
beta,0.4,35,3,normalized_entropy,0.5645264501203348,0.9626305635760052
beta,0.4,36,3,normalized_entropy,0.5630069726232119,0.9625629291906078
beta,0.4,37,3,normalized_entropy,0.5589025341331614,0.9603144908857039
beta,0.4,38,3,normalized_entropy,0.5695250057410569,0.9686685898466667
beta,0.4,39,3,normalized_entropy,0.5652495638136495,0.967475260384529
beta,0.4,40,3,normalized_entropy,0.5731410538105552,0.9736479097126612
beta,0.4,41,3,normalized_entropy,0.5731379703098959,0.9727810375719885
beta,0.4,42,3,normalized_entropy,0.5698004092374074,0.9702352000966994
beta,0.4,43,3,normalized_entropy,0.5677039917878427,0.9677547182108533
beta,0.4,44,3,normalized_entropy,0.575381998191875,0.9750814589681976
beta,0.4,45,3,normalized_entropy,0.5727140456442784,0.9708530761878945
beta,0.4,46,3,normalized_entropy,0.572614940045196,0.9708448617799922
beta,0.4,47,3,normalized_entropy,0.572473873623605,0.9720751951257117
beta,0.4,48,3,normalized_entropy,0.5766497811341691,0.9747821334003102
beta,0.4,49,3,normalized_entropy,0.5717549787791861,0.9729819021031387
beta,0.4,50,3,normalized_entropy,0.5678837614492898,0.9667804881093146
beta,0.4,51,3,normalized_entropy,0.5735728764217399,0.9722860635668358
beta,0.4,52,3,normalized_entropy,0.5736640417448123,0.9720130567636143
beta,0.4,53,3,normalized_entropy,0.5676107189230964,0.9658934561910718
beta,0.4,54,3,normalized_entropy,0.5696173417658877,0.9698710536755991
beta,0.4,55,3,normalized_entropy,0.5724119276454847,0.9725723069105993
beta,0.4,56,3,normalized_entropy,0.564317869384593,0.9641671991547921
beta,0.4,57,3,normalized_entropy,0.5673978716367812,0.966996709937623
beta,0.4,58,3,normalized_entropy,0.5753851437885517,0.9741748180938998
beta,0.4,59,3,normalized_entropy,0.5761312819178158,0.9763812559314693
beta,0.4,60,3,normalized_entropy,0.5733500468666947,0.9738217525863307
beta,0.4,61,3,normalized_entropy,0.5694359691035656,0.969329119280166
beta,0.4,62,3,normalized_entropy,0.5647926373456694,0.9646080729781049
beta,0.4,63,3,normalized_entropy,0.5602974006817354,0.9597123588205481
beta,0.4,64,3,normalized_entropy,0.5642070737342046,0.9644753064068309
beta,0.4,65,3,normalized_entropy,0.5724628616124967,0.971918426838009
beta,0.4,66,3,normalized_entropy,0.5634220507235761,0.9649559533971691
beta,0.4,67,3,normalized_entropy,0.5701509527372527,0.9686140444491699
beta,0.4,68,3,normalized_entropy,0.5749835468046228,0.9748525423835467
beta,0.4,69,3,normalized_entropy,0.5733633284375069,0.9712751909606429
beta,0.4,70,3,normalized_entropy,0.5703084542695075,0.9686584405154931
beta,0.4,1,3,peak_distance_hz,0.1516145865122477,2.8898958365122476
beta,0.4,2,3,peak_distance_hz,0.15380212167898813,2.7244791189829507
beta,0.4,3,3,peak_distance_hz,0.15489586691061655,2.779635429382324
beta,0.4,4,3,peak_distance_hz,0.152187446753184,2.992499907811483
beta,0.4,5,3,peak_distance_hz,0.15067702531814575,3.0294791062672934
beta,0.4,6,3,peak_distance_hz,0.15526036421457926,3.1348957220713296
beta,0.4,7,3,peak_distance_hz,0.15218742688496908,3.2511978149414062
beta,0.4,8,3,peak_distance_hz,0.15546874205271402,2.990572929382324
beta,0.4,9,3,peak_distance_hz,0.152395894130071,2.765885512034098
beta,0.4,10,3,peak_distance_hz,0.15348953505357107,2.856249968210856
beta,0.4,11,3,peak_distance_hz,0.152291605869929,3.1161979039510093
beta,0.4,12,3,peak_distance_hz,0.1514583726723989,2.881093740463257
beta,0.4,13,3,peak_distance_hz,0.15145835280418396,2.9077603022257485
beta,0.4,14,3,peak_distance_hz,0.15140617887179056,3.241562525431315
beta,0.4,15,3,peak_distance_hz,0.157968670129776,3.2059895197550454
beta,0.4,16,3,peak_distance_hz,0.1529687245686849,2.9971354007720947
beta,0.4,17,3,peak_distance_hz,0.15536454816659293,3.285677194595337
beta,0.4,18,3,peak_distance_hz,0.14843754967053732,2.8789583841959634
beta,0.4,19,3,peak_distance_hz,0.1504166821638743,3.1118229230244956
beta,0.4,20,3,peak_distance_hz,0.15052075684070587,3.1559895674387612
beta,0.4,21,3,peak_distance_hz,0.15421876311302185,2.8238019943237305
beta,0.4,22,3,peak_distance_hz,0.14682289958000183,3.1005729039510093
beta,0.4,23,3,peak_distance_hz,0.15635418395201364,2.9531771341959634
beta,0.4,24,3,peak_distance_hz,0.15510418017705283,3.1340105533599854
beta,0.4,25,3,peak_distance_hz,0.15239578982194266,3.275624910990397
beta,0.4,26,3,peak_distance_hz,0.15322916706403097,3.051406224568685
beta,0.4,27,3,peak_distance_hz,0.15489586691061655,2.885364532470703
beta,0.4,28,3,peak_distance_hz,0.14515626430511475,2.608854134877523
beta,0.4,29,3,peak_distance_hz,0.15687497953573862,3.228593905766805
beta,0.4,30,3,peak_distance_hz,0.14687496423721313,3.0655730565389
beta,0.4,31,3,peak_distance_hz,0.15265620748202005,3.1684895356496177
beta,0.4,32,3,peak_distance_hz,0.15630199015140533,3.3553127447764077
beta,0.4,33,3,peak_distance_hz,0.15723954637845358,3.162343740463257
beta,0.4,34,3,peak_distance_hz,0.15593745311101279,3.107447783152262
beta,0.4,35,3,peak_distance_hz,0.15552081167697906,3.1093228658040366
beta,0.4,36,3,peak_distance_hz,0.15729172031084696,2.7716145515441895
beta,0.4,37,3,peak_distance_hz,0.1519792377948761,2.5486457347869873
beta,0.4,38,3,peak_distance_hz,0.14479162792364755,3.002343734105428
beta,0.4,39,3,peak_distance_hz,0.15989584724108377,2.758333365122477
beta,0.4,40,3,peak_distance_hz,0.14979160825411478,2.947083314259847
beta,0.4,41,3,peak_distance_hz,0.15630199511845908,3.0785938103993735
beta,0.4,42,3,peak_distance_hz,0.15218748152256012,2.822604258855184
beta,0.4,43,3,peak_distance_hz,0.1596874545017878,3.0052083333333335
beta,0.4,44,3,peak_distance_hz,0.14885406692822775,3.1292707125345864
beta,0.4,45,3,peak_distance_hz,0.15286452571551004,3.0966666539510093
beta,0.4,46,3,peak_distance_hz,0.15151038269201914,3.2305208841959634
beta,0.4,47,3,peak_distance_hz,0.15369785825411478,3.117864449818929
beta,0.4,48,3,peak_distance_hz,0.1490103304386139,3.1759376525878906
beta,0.4,49,3,peak_distance_hz,0.15072908997535706,2.941145737965902
beta,0.4,50,3,peak_distance_hz,0.15984374781449637,3.110677162806193
beta,0.4,51,3,peak_distance_hz,0.14703123271465302,3.1600000858306885
beta,0.4,52,3,peak_distance_hz,0.1544791062672933,2.9896872838338218
beta,0.4,53,3,peak_distance_hz,0.15505206088225046,3.1642708778381348
beta,0.4,54,3,peak_distance_hz,0.1517708202203115,2.951458295186361
beta,0.4,55,3,peak_distance_hz,0.153072918454806,3.124375104904175
beta,0.4,56,3,peak_distance_hz,0.15312501788139343,2.8217708269755044
beta,0.4,57,3,peak_distance_hz,0.14958334465821585,2.973229010899862
beta,0.4,58,3,peak_distance_hz,0.14333329598108926,2.9667187531789145
beta,0.4,59,3,peak_distance_hz,0.1499477873245875,3.2294270992279053
beta,0.4,60,3,peak_distance_hz,0.14963542918364206,3.056354284286499
beta,0.4,61,3,peak_distance_hz,0.14937497675418854,3.056979258855184
beta,0.4,62,3,peak_distance_hz,0.1513021190961202,2.8210416634877524
beta,0.4,63,3,peak_distance_hz,0.15260416269302368,2.8280208905537925
beta,0.4,64,3,peak_distance_hz,0.15197918315728506,2.9728124936421714
beta,0.4,65,3,peak_distance_hz,0.1517187108596166,3.1447394688924155
beta,0.4,66,3,peak_distance_hz,0.14916672805945078,2.7777605056762695
beta,0.4,67,3,peak_distance_hz,0.1524998644987742,3.0589582125345864
beta,0.4,68,3,peak_distance_hz,0.1473957101504008,3.231041590372721
beta,0.4,69,3,peak_distance_hz,0.1524998793999354,3.1086978117624917
beta,0.4,70,3,peak_distance_hz,0.15156249205271402,3.0123957792917886
beta,0.4,1,3,peak_within_bias_width_fraction,0.9953125000000002,0.1416666666666667
beta,0.4,2,3,peak_within_bias_width_fraction,0.9973958333333334,0.1421875
beta,0.4,3,3,peak_within_bias_width_fraction,0.9989583333333334,0.15677083333333333
beta,0.4,4,3,peak_within_bias_width_fraction,0.9979166666666667,0.1260416666666667
beta,0.4,5,3,peak_within_bias_width_fraction,0.9947916666666666,0.10833333333333334
beta,0.4,6,3,peak_within_bias_width_fraction,0.9984375,0.10312500000000001
beta,0.4,7,3,peak_within_bias_width_fraction,0.9947916666666666,0.09427083333333335
beta,0.4,8,3,peak_within_bias_width_fraction,0.9958333333333332,0.1213541666666667
beta,0.4,9,3,peak_within_bias_width_fraction,0.9932291666666666,0.15729166666666666
beta,0.4,10,3,peak_within_bias_width_fraction,0.9979166666666667,0.15208333333333332
beta,0.4,11,3,peak_within_bias_width_fraction,0.9947916666666666,0.10677083333333333
beta,0.4,12,3,peak_within_bias_width_fraction,0.9968750000000001,0.15156250000000002
beta,0.4,13,3,peak_within_bias_width_fraction,0.9973958333333334,0.12968749999999998
beta,0.4,14,3,peak_within_bias_width_fraction,0.9942708333333333,0.09791666666666665
beta,0.4,15,3,peak_within_bias_width_fraction,0.99375,0.11302083333333335
beta,0.4,16,3,peak_within_bias_width_fraction,0.9927083333333333,0.10572916666666667
beta,0.4,17,3,peak_within_bias_width_fraction,0.9973958333333334,0.09999999999999999
beta,0.4,18,3,peak_within_bias_width_fraction,0.9973958333333334,0.12760416666666666
beta,0.4,19,3,peak_within_bias_width_fraction,0.9947916666666666,0.1046875
beta,0.4,20,3,peak_within_bias_width_fraction,0.9947916666666666,0.11302083333333333
beta,0.4,21,3,peak_within_bias_width_fraction,0.9901041666666667,0.13385416666666666
beta,0.4,22,3,peak_within_bias_width_fraction,0.9942708333333333,0.11927083333333333
beta,0.4,23,3,peak_within_bias_width_fraction,0.9953124999999999,0.12239583333333333
beta,0.4,24,3,peak_within_bias_width_fraction,0.9942708333333333,0.10729166666666667
beta,0.4,25,3,peak_within_bias_width_fraction,0.9963541666666668,0.0859375
beta,0.4,26,3,peak_within_bias_width_fraction,0.9973958333333334,0.12968749999999998
beta,0.4,27,3,peak_within_bias_width_fraction,0.9979166666666667,0.12864583333333332
beta,0.4,28,3,peak_within_bias_width_fraction,0.9973958333333334,0.16145833333333334
beta,0.4,29,3,peak_within_bias_width_fraction,0.9963541666666668,0.10833333333333332
beta,0.4,30,3,peak_within_bias_width_fraction,0.9963541666666668,0.09583333333333333
beta,0.4,31,3,peak_within_bias_width_fraction,0.9968749999999998,0.10572916666666665
beta,0.4,32,3,peak_within_bias_width_fraction,0.9927083333333333,0.0828125
beta,0.4,33,3,peak_within_bias_width_fraction,0.9947916666666666,0.10312499999999998
beta,0.4,34,3,peak_within_bias_width_fraction,0.9947916666666666,0.09791666666666667
beta,0.4,35,3,peak_within_bias_width_fraction,0.9916666666666666,0.12291666666666667
beta,0.4,36,3,peak_within_bias_width_fraction,0.9953124999999999,0.15052083333333335
beta,0.4,37,3,peak_within_bias_width_fraction,0.9973958333333334,0.18281249999999996
beta,0.4,38,3,peak_within_bias_width_fraction,0.9953125000000002,0.10260416666666666
beta,0.4,39,3,peak_within_bias_width_fraction,0.9968750000000001,0.15312499999999998
beta,0.4,40,3,peak_within_bias_width_fraction,0.9979166666666667,0.1317708333333333
beta,0.4,41,3,peak_within_bias_width_fraction,0.9947916666666666,0.09791666666666667
beta,0.4,42,3,peak_within_bias_width_fraction,0.9968750000000001,0.13593750000000002
beta,0.4,43,3,peak_within_bias_width_fraction,0.9942708333333332,0.11979166666666667
beta,0.4,44,3,peak_within_bias_width_fraction,0.9953124999999999,0.10208333333333335
beta,0.4,45,3,peak_within_bias_width_fraction,0.9947916666666666,0.10000000000000002
beta,0.4,46,3,peak_within_bias_width_fraction,0.9958333333333332,0.10052083333333334
beta,0.4,47,3,peak_within_bias_width_fraction,0.9968749999999998,0.10052083333333334
beta,0.4,48,3,peak_within_bias_width_fraction,0.9968749999999998,0.09791666666666667
beta,0.4,49,3,peak_within_bias_width_fraction,0.9984375,0.13333333333333333
beta,0.4,50,3,peak_within_bias_width_fraction,0.9932291666666666,0.11666666666666665
beta,0.4,51,3,peak_within_bias_width_fraction,0.9994791666666667,0.10208333333333335
beta,0.4,52,3,peak_within_bias_width_fraction,0.9916666666666667,0.11562499999999999
beta,0.4,53,3,peak_within_bias_width_fraction,0.9932291666666666,0.096875
beta,0.4,54,3,peak_within_bias_width_fraction,0.9947916666666666,0.1328125
beta,0.4,55,3,peak_within_bias_width_fraction,0.9963541666666668,0.1015625
beta,0.4,56,3,peak_within_bias_width_fraction,0.9927083333333333,0.15208333333333335
beta,0.4,57,3,peak_within_bias_width_fraction,0.9984375,0.1338541666666667
beta,0.4,58,3,peak_within_bias_width_fraction,0.9973958333333334,0.12760416666666666
beta,0.4,59,3,peak_within_bias_width_fraction,0.9963541666666665,0.09583333333333333
beta,0.4,60,3,peak_within_bias_width_fraction,0.9968750000000001,0.11354166666666665
beta,0.4,61,3,peak_within_bias_width_fraction,0.9963541666666668,0.11249999999999999
beta,0.4,62,3,peak_within_bias_width_fraction,0.9958333333333332,0.13749999999999998
beta,0.4,63,3,peak_within_bias_width_fraction,0.9958333333333332,0.13541666666666666
beta,0.4,64,3,peak_within_bias_width_fraction,0.9942708333333333,0.1328125
beta,0.4,65,3,peak_within_bias_width_fraction,0.9953124999999999,0.0984375
beta,0.4,66,3,peak_within_bias_width_fraction,0.9989583333333334,0.15208333333333332
beta,0.4,67,3,peak_within_bias_width_fraction,0.9942708333333333,0.134375
beta,0.4,68,3,peak_within_bias_width_fraction,0.9984375,0.090625
beta,0.4,69,3,peak_within_bias_width_fraction,0.9984375,0.10729166666666667
beta,0.4,70,3,peak_within_bias_width_fraction,0.9947916666666666,0.1171875
beta,0.4,1,3,harmonic_neighborhood_mass,0.7299994826316833,0.10363993793725967
beta,0.4,2,3,harmonic_neighborhood_mass,0.7296948830286661,0.10370408743619919
beta,0.4,3,3,harmonic_neighborhood_mass,0.7298976182937622,0.10597030570109685
beta,0.4,4,3,harmonic_neighborhood_mass,0.7281667391459147,0.09647862861553828
beta,0.4,5,3,harmonic_neighborhood_mass,0.7242335478464762,0.09377958873907725
beta,0.4,6,3,harmonic_neighborhood_mass,0.7282143433888754,0.09763345619042714
beta,0.4,7,3,harmonic_neighborhood_mass,0.7245867649714152,0.0928417220711708
beta,0.4,8,3,harmonic_neighborhood_mass,0.7294926444689432,0.09885835647583008
beta,0.4,9,3,harmonic_neighborhood_mass,0.731706957022349,0.11024590333302815
beta,0.4,10,3,harmonic_neighborhood_mass,0.7308939099311829,0.10251454760630925
beta,0.4,11,3,harmonic_neighborhood_mass,0.7258452971776327,0.09507288287083308
beta,0.4,12,3,harmonic_neighborhood_mass,0.7301053802172343,0.10378957291444142
beta,0.4,13,3,harmonic_neighborhood_mass,0.7273385723431905,0.1008622373143832
beta,0.4,14,3,harmonic_neighborhood_mass,0.726925770441691,0.09588856250047684
beta,0.4,15,3,harmonic_neighborhood_mass,0.7274768551190695,0.09696478645006816
beta,0.4,16,3,harmonic_neighborhood_mass,0.7259189883867899,0.09696346024672191
beta,0.4,17,3,harmonic_neighborhood_mass,0.7273435791333517,0.09507329761981964
beta,0.4,18,3,harmonic_neighborhood_mass,0.7302220662434896,0.10150233407815297
beta,0.4,19,3,harmonic_neighborhood_mass,0.7268795768419901,0.0980352982878685
beta,0.4,20,3,harmonic_neighborhood_mass,0.7270177205403646,0.09515085319677989
beta,0.4,21,3,harmonic_neighborhood_mass,0.7278764247894287,0.10105414688587189
beta,0.4,22,3,harmonic_neighborhood_mass,0.728499154249827,0.09899910042683284
beta,0.4,23,3,harmonic_neighborhood_mass,0.7276471654574076,0.09965199728806813
beta,0.4,24,3,harmonic_neighborhood_mass,0.72720734278361,0.09695421904325485
beta,0.4,25,3,harmonic_neighborhood_mass,0.7231108546257019,0.09195240338643391
beta,0.4,26,3,harmonic_neighborhood_mass,0.7280394633611044,0.09897692253192265
beta,0.4,27,3,harmonic_neighborhood_mass,0.730288048585256,0.10153842220703761
beta,0.4,28,3,harmonic_neighborhood_mass,0.7296941876411438,0.10395595182975133
beta,0.4,29,3,harmonic_neighborhood_mass,0.7262420058250427,0.09680962562561035
beta,0.4,30,3,harmonic_neighborhood_mass,0.725582500298818,0.09645560135444005
beta,0.4,31,3,harmonic_neighborhood_mass,0.7267376383145651,0.09581285466750462
beta,0.4,32,3,harmonic_neighborhood_mass,0.7246880133946737,0.09399895618359248
beta,0.4,33,3,harmonic_neighborhood_mass,0.7271546721458435,0.09520226468642552
beta,0.4,34,3,harmonic_neighborhood_mass,0.7273959517478943,0.09658701717853546
beta,0.4,35,3,harmonic_neighborhood_mass,0.7268358469009399,0.09795734286308289
beta,0.4,36,3,harmonic_neighborhood_mass,0.7295935153961182,0.10549044857422511
beta,0.4,37,3,harmonic_neighborhood_mass,0.7346218824386597,0.11013176043828328
beta,0.4,38,3,harmonic_neighborhood_mass,0.7247964143753052,0.09623667846123378
beta,0.4,39,3,harmonic_neighborhood_mass,0.7296444177627563,0.10171880821386974
beta,0.4,40,3,harmonic_neighborhood_mass,0.7281468907992045,0.09790246933698654
beta,0.4,41,3,harmonic_neighborhood_mass,0.7274736563364664,0.09589402129252751
beta,0.4,42,3,harmonic_neighborhood_mass,0.7281725207964579,0.10192922751108806
beta,0.4,43,3,harmonic_neighborhood_mass,0.7274699409802755,0.09710125625133514
beta,0.4,44,3,harmonic_neighborhood_mass,0.7264838814735413,0.09524727116028468
beta,0.4,45,3,harmonic_neighborhood_mass,0.7254464030265808,0.0958799347281456
beta,0.4,46,3,harmonic_neighborhood_mass,0.7264002561569214,0.09476450830698013
beta,0.4,47,3,harmonic_neighborhood_mass,0.7268190979957581,0.09526233871777852
beta,0.4,48,3,harmonic_neighborhood_mass,0.724620540936788,0.09397979825735092
beta,0.4,49,3,harmonic_neighborhood_mass,0.7288847963015238,0.09981205562750499
beta,0.4,50,3,harmonic_neighborhood_mass,0.7290634711583456,0.09774358818928401
beta,0.4,51,3,harmonic_neighborhood_mass,0.7272465626398722,0.09647234032551448
beta,0.4,52,3,harmonic_neighborhood_mass,0.7255329489707947,0.09894020110368729
beta,0.4,53,3,harmonic_neighborhood_mass,0.7242969870567322,0.09440083801746368
beta,0.4,54,3,harmonic_neighborhood_mass,0.7279220620791117,0.09681479881207149
beta,0.4,55,3,harmonic_neighborhood_mass,0.7286746700604757,0.09645827114582062
beta,0.4,56,3,harmonic_neighborhood_mass,0.7294404705365499,0.10468202332655589
beta,0.4,57,3,harmonic_neighborhood_mass,0.7306433320045471,0.1033313696583112
beta,0.4,58,3,harmonic_neighborhood_mass,0.7284351388613383,0.10154115905364354
beta,0.4,59,3,harmonic_neighborhood_mass,0.7270275553067526,0.09537990639607112
beta,0.4,60,3,harmonic_neighborhood_mass,0.7274736364682516,0.09653243670860927
beta,0.4,61,3,harmonic_neighborhood_mass,0.7263164520263672,0.09601383407910664
beta,0.4,62,3,harmonic_neighborhood_mass,0.7288436492284139,0.10211625198523204
beta,0.4,63,3,harmonic_neighborhood_mass,0.7306857903798422,0.10454250872135162
beta,0.4,64,3,harmonic_neighborhood_mass,0.728567361831665,0.09975621352593105
beta,0.4,65,3,harmonic_neighborhood_mass,0.7260093490282694,0.09496947377920151
beta,0.4,66,3,harmonic_neighborhood_mass,0.7297755479812622,0.10290625939766566
beta,0.4,67,3,harmonic_neighborhood_mass,0.7311978340148926,0.10334618141253789
beta,0.4,68,3,harmonic_neighborhood_mass,0.7284541527430216,0.09590110182762146
beta,0.4,69,3,harmonic_neighborhood_mass,0.7264603575070699,0.09391909589370091
beta,0.4,70,3,harmonic_neighborhood_mass,0.7271254460016886,0.09802761673927307
beta,0.8,1,3,normalized_entropy,0.55739531262789,0.9653097472327632
beta,0.8,2,3,normalized_entropy,0.5620730350643354,0.9703473286800207
beta,0.8,3,3,normalized_entropy,0.54776684573328,0.9590586692420561
beta,0.8,4,3,normalized_entropy,0.5607332079247324,0.967362185270335
beta,0.8,5,3,normalized_entropy,0.564591687656297,0.9710903344985979
beta,0.8,6,3,normalized_entropy,0.5586229725766477,0.9615662206149466
beta,0.8,7,3,normalized_entropy,0.5661275542959793,0.9677409367884152
beta,0.8,8,3,normalized_entropy,0.5577388008975939,0.9628641165022497
beta,0.8,9,3,normalized_entropy,0.5387533876711266,0.9500827418423309
beta,0.8,10,3,normalized_entropy,0.556614062810003,0.9652631439585267
beta,0.8,11,3,normalized_entropy,0.5700326726126737,0.9712006125921802
beta,0.8,12,3,normalized_entropy,0.5494332825356302,0.9624178476291613
beta,0.8,13,3,normalized_entropy,0.5598937318506853,0.9678196538777551
beta,0.8,14,3,normalized_entropy,0.5663291709278403,0.9675522263377578
beta,0.8,15,3,normalized_entropy,0.5651197022276421,0.9686762485733657
beta,0.8,16,3,normalized_entropy,0.5655285945557861,0.9706101274095204
beta,0.8,17,3,normalized_entropy,0.5697533144952175,0.9696795705027714
beta,0.8,18,3,normalized_entropy,0.5499344619791104,0.9556623699125605
beta,0.8,19,3,normalized_entropy,0.5611853292266832,0.9667144456270834
beta,0.8,20,3,normalized_entropy,0.5638987138352115,0.9687993145531072
beta,0.8,21,3,normalized_entropy,0.5580251692433408,0.967032196291164
beta,0.8,22,3,normalized_entropy,0.5611850460574758,0.9647964950872553
beta,0.8,23,3,normalized_entropy,0.5562965798266492,0.9646923394904775
beta,0.8,24,3,normalized_entropy,0.5657201727056801,0.9656673065879068
beta,0.8,25,3,normalized_entropy,0.571331897766829,0.9715061726002192
beta,0.8,26,3,normalized_entropy,0.5610346804517657,0.9655772697214079
beta,0.8,27,3,normalized_entropy,0.5591899454078089,0.9680773028438528
beta,0.8,28,3,normalized_entropy,0.5496253421356988,0.9631754673262606
beta,0.8,29,3,normalized_entropy,0.5577478911861632,0.9617952862300392
beta,0.8,30,3,normalized_entropy,0.5677205578827375,0.9712845140879632
beta,0.8,31,3,normalized_entropy,0.567784351579722,0.9711380938386897
beta,0.8,32,3,normalized_entropy,0.5701318942048431,0.9721072953280038
beta,0.8,33,3,normalized_entropy,0.5675738018744716,0.9698415649447663
beta,0.8,34,3,normalized_entropy,0.562023339593155,0.9664256328154819
beta,0.8,35,3,normalized_entropy,0.5559727290174881,0.9612668640700983
beta,0.8,36,3,normalized_entropy,0.5480328068552214,0.9597753031804265
beta,0.8,37,3,normalized_entropy,0.5410025389576717,0.9562317249714628
beta,0.8,38,3,normalized_entropy,0.5638405872879197,0.965438539573663
beta,0.8,39,3,normalized_entropy,0.5512122709273299,0.9619561051958448
beta,0.8,40,3,normalized_entropy,0.5671976269574558,0.9705520981554622
beta,0.8,41,3,normalized_entropy,0.570635596906493,0.9718322782621328
beta,0.8,42,3,normalized_entropy,0.5588539638219238,0.966414475084772
beta,0.8,43,3,normalized_entropy,0.5606027659612108,0.9658518397243725
beta,0.8,44,3,normalized_entropy,0.5682740905069447,0.9699999974057367
beta,0.8,45,3,normalized_entropy,0.5678848965417534,0.9677776637266012
beta,0.8,46,3,normalized_entropy,0.5661569499964626,0.9679746158960407
beta,0.8,47,3,normalized_entropy,0.5669860662949384,0.9692254941283155
beta,0.8,48,3,normalized_entropy,0.5711006402902069,0.9714678066682034
beta,0.8,49,3,normalized_entropy,0.5621037099285686,0.9705468774860817
beta,0.8,50,3,normalized_entropy,0.5610258446147719,0.9640319623556316
beta,0.8,51,3,normalized_entropy,0.5639354494554724,0.9674899667960638
beta,0.8,52,3,normalized_entropy,0.5590674940223345,0.9646797880238923
beta,0.8,53,3,normalized_entropy,0.5610853605924255,0.9658521953057778
beta,0.8,54,3,normalized_entropy,0.5642989173390381,0.969552953682344
beta,0.8,55,3,normalized_entropy,0.5670796109896191,0.9692532181102257
beta,0.8,56,3,normalized_entropy,0.5507730463429793,0.9618183748650289
beta,0.8,57,3,normalized_entropy,0.5538425466381888,0.9602072869286449
beta,0.8,58,3,normalized_entropy,0.5657346214258473,0.9672575510937249
beta,0.8,59,3,normalized_entropy,0.5689343520181537,0.9717869287590638
beta,0.8,60,3,normalized_entropy,0.5666802344995937,0.9724967119862812
beta,0.8,61,3,normalized_entropy,0.5679061048894415,0.9681500987866323
beta,0.8,62,3,normalized_entropy,0.5569923991089238,0.9636121209223448
beta,0.8,63,3,normalized_entropy,0.5522942899957762,0.9603536747231578
beta,0.8,64,3,normalized_entropy,0.5569646262743572,0.9650506334542962
beta,0.8,65,3,normalized_entropy,0.5681587102237515,0.9694120299394968
beta,0.8,66,3,normalized_entropy,0.5525216979882341,0.9657516644396845
beta,0.8,67,3,normalized_entropy,0.556770154904758,0.965211085300489
beta,0.8,68,3,normalized_entropy,0.5706656222776451,0.9712142777515487
beta,0.8,69,3,normalized_entropy,0.5701408233705881,0.9688280959577255
beta,0.8,70,3,normalized_entropy,0.5580294459964177,0.9676590345002015
beta,0.8,1,3,peak_distance_hz,0.16421881318092346,2.6715105374654136
beta,0.8,2,3,peak_distance_hz,0.17041667302449545,2.527916749318441
beta,0.8,3,3,peak_distance_hz,0.1681771179040273,2.5985938707987466
beta,0.8,4,3,peak_distance_hz,0.17432290315628052,2.8356250127156577
beta,0.8,5,3,peak_distance_hz,0.17593747874101004,2.76171882947286
beta,0.8,6,3,peak_distance_hz,0.18645834922790527,2.928124984105428
beta,0.8,7,3,peak_distance_hz,0.1731770137945811,3.105937401453654
beta,0.8,8,3,peak_distance_hz,0.1769270896911621,2.9151562054951987
beta,0.8,9,3,peak_distance_hz,0.17536464830239615,2.3019790649414062
beta,0.8,10,3,peak_distance_hz,0.17083332935969034,2.628593842188517
beta,0.8,11,3,peak_distance_hz,0.17447908719380698,3.174218734105428
beta,0.8,12,3,peak_distance_hz,0.16927091280619302,2.5575520992279053
beta,0.8,13,3,peak_distance_hz,0.17760418355464935,2.4620312054951987
beta,0.8,14,3,peak_distance_hz,0.17567707101504007,2.9649999141693115
beta,0.8,15,3,peak_distance_hz,0.17104162772496542,2.9380207856496177
beta,0.8,16,3,peak_distance_hz,0.1818229059378306,2.5813540617624917
beta,0.8,17,3,peak_distance_hz,0.17630208532015482,3.2007813453674316
beta,0.8,18,3,peak_distance_hz,0.18208339313666025,2.601354201634725
beta,0.8,19,3,peak_distance_hz,0.17234382033348083,2.8734374046325684
beta,0.8,20,3,peak_distance_hz,0.17723952730496725,2.9964062372843423
beta,0.8,21,3,peak_distance_hz,0.17213550706704459,2.530573050181071
beta,0.8,22,3,peak_distance_hz,0.1734374612569809,2.9558334350585938
beta,0.8,23,3,peak_distance_hz,0.1742708683013916,2.5131771564483643
beta,0.8,24,3,peak_distance_hz,0.18151041368643442,2.951770861943563
beta,0.8,25,3,peak_distance_hz,0.17421870430310568,3.185885508855184
beta,0.8,26,3,peak_distance_hz,0.17708339790503183,2.8533853689829507
beta,0.8,27,3,peak_distance_hz,0.17843755582968393,2.5539583365122476
beta,0.8,28,3,peak_distance_hz,0.17442714671293894,2.1652082999547324
beta,0.8,29,3,peak_distance_hz,0.17973957459131876,3.002552111943563
beta,0.8,30,3,peak_distance_hz,0.1673437555631002,3.040208419164022
beta,0.8,31,3,peak_distance_hz,0.18526041507720947,2.907604217529297
beta,0.8,32,3,peak_distance_hz,0.17635416487852731,3.11635414759318
beta,0.8,33,3,peak_distance_hz,0.1767186870177587,3.049323002497355
beta,0.8,34,3,peak_distance_hz,0.17234373092651367,2.907031218210856
beta,0.8,35,3,peak_distance_hz,0.17713545262813568,2.8285415967305503
beta,0.8,36,3,peak_distance_hz,0.17927090326944986,2.507031281789144
beta,0.8,37,3,peak_distance_hz,0.16786467532316843,2.092656135559082
beta,0.8,38,3,peak_distance_hz,0.17322917779286703,2.943593660990397
beta,0.8,39,3,peak_distance_hz,0.18442714711030325,2.48046882947286
beta,0.8,40,3,peak_distance_hz,0.1743749479452769,2.8344270388285318
beta,0.8,41,3,peak_distance_hz,0.18010407189528146,3.044843832651774
beta,0.8,42,3,peak_distance_hz,0.17208340764045715,2.349583387374878
beta,0.8,43,3,peak_distance_hz,0.17739585041999817,2.778125206629435
beta,0.8,44,3,peak_distance_hz,0.1790103962024053,3.0713019371032715
beta,0.8,45,3,peak_distance_hz,0.18098954359690347,3.0936978658040366
beta,0.8,46,3,peak_distance_hz,0.17890620728333792,3.132864475250244
beta,0.8,47,3,peak_distance_hz,0.17588540414969125,2.959895928700765
beta,0.8,48,3,peak_distance_hz,0.16885411739349365,3.017343759536743
beta,0.8,49,3,peak_distance_hz,0.1748958428700765,2.487916628519694
beta,0.8,50,3,peak_distance_hz,0.17776045699914297,2.963229258855184
beta,0.8,51,3,peak_distance_hz,0.16932288805643717,3.048437515894572
beta,0.8,52,3,peak_distance_hz,0.17416668931643167,2.797760327657064
beta,0.8,53,3,peak_distance_hz,0.17927082379659018,2.931093772252401
beta,0.8,54,3,peak_distance_hz,0.17697918911774954,2.712291638056437
beta,0.8,55,3,peak_distance_hz,0.1766145924727122,3.1008333365122476
beta,0.8,56,3,peak_distance_hz,0.17578124006589255,2.565520763397217
beta,0.8,57,3,peak_distance_hz,0.16692712903022766,2.795781373977661
beta,0.8,58,3,peak_distance_hz,0.17031249403953552,2.9023435910542807
beta,0.8,59,3,peak_distance_hz,0.1696874499320984,3.048802137374878
beta,0.8,60,3,peak_distance_hz,0.16822917262713113,2.751770814259847
beta,0.8,61,3,peak_distance_hz,0.17302082479000092,3.045729160308838
beta,0.8,62,3,peak_distance_hz,0.17427087823549905,2.7548437118530273
beta,0.8,63,3,peak_distance_hz,0.17494794726371765,2.5375521977742515
beta,0.8,64,3,peak_distance_hz,0.16750004887580872,2.7868228753407798
beta,0.8,65,3,peak_distance_hz,0.17239577571551004,3.14677095413208
beta,0.8,66,3,peak_distance_hz,0.17052088181177774,2.1886457602183023
beta,0.8,67,3,peak_distance_hz,0.17411458988984427,2.6834896405537925
beta,0.8,68,3,peak_distance_hz,0.16833326717217764,3.212552070617676
beta,0.8,69,3,peak_distance_hz,0.17463532586892447,3.098489681879679
beta,0.8,70,3,peak_distance_hz,0.1746354103088379,2.6792187690734863
beta,0.8,1,3,peak_within_bias_width_fraction,0.9921875,0.2171875
beta,0.8,2,3,peak_within_bias_width_fraction,0.9942708333333332,0.2359375
beta,0.8,3,3,peak_within_bias_width_fraction,0.9916666666666666,0.2604166666666667
beta,0.8,4,3,peak_within_bias_width_fraction,0.9901041666666667,0.16354166666666667
beta,0.8,5,3,peak_within_bias_width_fraction,0.9869791666666666,0.165625
beta,0.8,6,3,peak_within_bias_width_fraction,0.9869791666666666,0.15833333333333333
beta,0.8,7,3,peak_within_bias_width_fraction,0.9880208333333332,0.11093750000000001
beta,0.8,8,3,peak_within_bias_width_fraction,0.9848958333333333,0.1713541666666667
beta,0.8,9,3,peak_within_bias_width_fraction,0.9885416666666668,0.29583333333333334
beta,0.8,10,3,peak_within_bias_width_fraction,0.9927083333333333,0.2328125
beta,0.8,11,3,peak_within_bias_width_fraction,0.9859375,0.12083333333333335
beta,0.8,12,3,peak_within_bias_width_fraction,0.9927083333333333,0.28229166666666666
beta,0.8,13,3,peak_within_bias_width_fraction,0.9874999999999999,0.2520833333333334
beta,0.8,14,3,peak_within_bias_width_fraction,0.9890625000000001,0.12760416666666666
beta,0.8,15,3,peak_within_bias_width_fraction,0.9895833333333334,0.159375
beta,0.8,16,3,peak_within_bias_width_fraction,0.9890625000000001,0.19895833333333335
beta,0.8,17,3,peak_within_bias_width_fraction,0.9880208333333332,0.09218749999999999
beta,0.8,18,3,peak_within_bias_width_fraction,0.9864583333333333,0.2177083333333333
beta,0.8,19,3,peak_within_bias_width_fraction,0.9869791666666666,0.17552083333333335
beta,0.8,20,3,peak_within_bias_width_fraction,0.9901041666666667,0.14166666666666666
beta,0.8,21,3,peak_within_bias_width_fraction,0.9869791666666666,0.234375
beta,0.8,22,3,peak_within_bias_width_fraction,0.9859375,0.15416666666666665
beta,0.8,23,3,peak_within_bias_width_fraction,0.9890625000000001,0.234375
beta,0.8,24,3,peak_within_bias_width_fraction,0.9833333333333334,0.11927083333333333
beta,0.8,25,3,peak_within_bias_width_fraction,0.9916666666666666,0.09947916666666667
beta,0.8,26,3,peak_within_bias_width_fraction,0.9848958333333333,0.1713541666666667
beta,0.8,27,3,peak_within_bias_width_fraction,0.9901041666666667,0.22395833333333334
beta,0.8,28,3,peak_within_bias_width_fraction,0.9911458333333334,0.29791666666666666
beta,0.8,29,3,peak_within_bias_width_fraction,0.9890624999999998,0.16145833333333334
beta,0.8,30,3,peak_within_bias_width_fraction,0.9895833333333334,0.14270833333333335
beta,0.8,31,3,peak_within_bias_width_fraction,0.9895833333333334,0.14375000000000002
beta,0.8,32,3,peak_within_bias_width_fraction,0.9864583333333333,0.12031249999999999
beta,0.8,33,3,peak_within_bias_width_fraction,0.9911458333333334,0.125
beta,0.8,34,3,peak_within_bias_width_fraction,0.9890625000000001,0.165625
beta,0.8,35,3,peak_within_bias_width_fraction,0.9880208333333332,0.18281250000000002
beta,0.8,36,3,peak_within_bias_width_fraction,0.9901041666666667,0.27968750000000003
beta,0.8,37,3,peak_within_bias_width_fraction,0.9927083333333333,0.3359375
beta,0.8,38,3,peak_within_bias_width_fraction,0.9875000000000002,0.13854166666666667
beta,0.8,39,3,peak_within_bias_width_fraction,0.9807291666666668,0.24062499999999998
beta,0.8,40,3,peak_within_bias_width_fraction,0.9927083333333333,0.15625
beta,0.8,41,3,peak_within_bias_width_fraction,0.9895833333333334,0.12447916666666665
beta,0.8,42,3,peak_within_bias_width_fraction,0.9901041666666668,0.24583333333333335
beta,0.8,43,3,peak_within_bias_width_fraction,0.9880208333333332,0.15833333333333333
beta,0.8,44,3,peak_within_bias_width_fraction,0.9885416666666668,0.13177083333333334
beta,0.8,45,3,peak_within_bias_width_fraction,0.9864583333333333,0.10729166666666667
beta,0.8,46,3,peak_within_bias_width_fraction,0.9916666666666667,0.12708333333333335
beta,0.8,47,3,peak_within_bias_width_fraction,0.9895833333333334,0.13020833333333334
beta,0.8,48,3,peak_within_bias_width_fraction,0.9916666666666667,0.13385416666666666
beta,0.8,49,3,peak_within_bias_width_fraction,0.9927083333333333,0.23854166666666665
beta,0.8,50,3,peak_within_bias_width_fraction,0.9890625000000001,0.15260416666666665
beta,0.8,51,3,peak_within_bias_width_fraction,0.9895833333333334,0.13802083333333334
beta,0.8,52,3,peak_within_bias_width_fraction,0.9901041666666667,0.17447916666666666
beta,0.8,53,3,peak_within_bias_width_fraction,0.9833333333333334,0.15156250000000002
beta,0.8,54,3,peak_within_bias_width_fraction,0.9848958333333333,0.16822916666666665
beta,0.8,55,3,peak_within_bias_width_fraction,0.9848958333333333,0.11666666666666665
beta,0.8,56,3,peak_within_bias_width_fraction,0.9874999999999999,0.2734375
beta,0.8,57,3,peak_within_bias_width_fraction,0.99375,0.1869791666666667
beta,0.8,58,3,peak_within_bias_width_fraction,0.99375,0.16197916666666665
beta,0.8,59,3,peak_within_bias_width_fraction,0.9874999999999999,0.11406250000000001
beta,0.8,60,3,peak_within_bias_width_fraction,0.9906250000000001,0.1875
beta,0.8,61,3,peak_within_bias_width_fraction,0.9885416666666668,0.1125
beta,0.8,62,3,peak_within_bias_width_fraction,0.9911458333333334,0.1942708333333333
beta,0.8,63,3,peak_within_bias_width_fraction,0.990625,0.23177083333333334
beta,0.8,64,3,peak_within_bias_width_fraction,0.9968750000000001,0.1953125
beta,0.8,65,3,peak_within_bias_width_fraction,0.9927083333333333,0.10572916666666665
beta,0.8,66,3,peak_within_bias_width_fraction,0.9911458333333334,0.31979166666666664
beta,0.8,67,3,peak_within_bias_width_fraction,0.9911458333333334,0.23020833333333335
beta,0.8,68,3,peak_within_bias_width_fraction,0.9921875,0.10364583333333333
beta,0.8,69,3,peak_within_bias_width_fraction,0.9874999999999999,0.10781249999999999
beta,0.8,70,3,peak_within_bias_width_fraction,0.9901041666666667,0.2177083333333333
beta,0.8,1,3,harmonic_neighborhood_mass,0.7438504695892334,0.1104050079981486
beta,0.8,2,3,harmonic_neighborhood_mass,0.7427178422609965,0.10971721261739731
beta,0.8,3,3,harmonic_neighborhood_mass,0.7458450396855673,0.11459368964036305
beta,0.8,4,3,harmonic_neighborhood_mass,0.7304184635480245,0.09689144045114517
beta,0.8,5,3,harmonic_neighborhood_mass,0.7296369671821594,0.0963503470023473
beta,0.8,6,3,harmonic_neighborhood_mass,0.7396382490793864,0.1043146401643753
beta,0.8,7,3,harmonic_neighborhood_mass,0.7242317001024882,0.09242082138856252
beta,0.8,8,3,harmonic_neighborhood_mass,0.7363590399424235,0.10093106577793758
beta,0.8,9,3,harmonic_neighborhood_mass,0.7541766365369161,0.12475451330343883
beta,0.8,10,3,harmonic_neighborhood_mass,0.7409673929214478,0.10530089338620503
beta,0.8,11,3,harmonic_neighborhood_mass,0.7253966132799784,0.09464264909426372
beta,0.8,12,3,harmonic_neighborhood_mass,0.7505686481793722,0.11356334388256073
beta,0.8,13,3,harmonic_neighborhood_mass,0.7385202844937643,0.10811116049687068
beta,0.8,14,3,harmonic_neighborhood_mass,0.7280032237370809,0.0974713737765948
beta,0.8,15,3,harmonic_neighborhood_mass,0.7328628897666931,0.09931944807370503
beta,0.8,16,3,harmonic_neighborhood_mass,0.7320448160171509,0.10192333161830902
beta,0.8,17,3,harmonic_neighborhood_mass,0.7281468113263448,0.09410776446262996
beta,0.8,18,3,harmonic_neighborhood_mass,0.7352174520492554,0.10556955635547638
beta,0.8,19,3,harmonic_neighborhood_mass,0.7393085757891337,0.10382941116889317
beta,0.8,20,3,harmonic_neighborhood_mass,0.7309845487276713,0.09775211413701375
beta,0.8,21,3,harmonic_neighborhood_mass,0.7360441486040751,0.10428836445013683
beta,0.8,22,3,harmonic_neighborhood_mass,0.7338002324104309,0.09884137411912282
beta,0.8,23,3,harmonic_neighborhood_mass,0.7386515140533447,0.1055725912253062
beta,0.8,24,3,harmonic_neighborhood_mass,0.7258235216140747,0.0970893253882726
beta,0.8,25,3,harmonic_neighborhood_mass,0.7287445664405823,0.09380461275577545
beta,0.8,26,3,harmonic_neighborhood_mass,0.736804187297821,0.10306758433580399
beta,0.8,27,3,harmonic_neighborhood_mass,0.7383736769358317,0.1074393962820371
beta,0.8,28,3,harmonic_neighborhood_mass,0.7418158253033956,0.11177590241034825
beta,0.8,29,3,harmonic_neighborhood_mass,0.7371920943260193,0.09996257970730464
beta,0.8,30,3,harmonic_neighborhood_mass,0.7332999308904012,0.09862261017163594
beta,0.8,31,3,harmonic_neighborhood_mass,0.7317431569099426,0.09801845500866573
beta,0.8,32,3,harmonic_neighborhood_mass,0.7286194761594137,0.09644594291845958
beta,0.8,33,3,harmonic_neighborhood_mass,0.7304065426190695,0.09539786229530971
beta,0.8,34,3,harmonic_neighborhood_mass,0.7315657138824463,0.09837992986043294
beta,0.8,35,3,harmonic_neighborhood_mass,0.7348886529604594,0.1021533931295077
beta,0.8,36,3,harmonic_neighborhood_mass,0.749364952246348,0.11615149676799774
beta,0.8,37,3,harmonic_neighborhood_mass,0.751662532488505,0.12012049307425816
beta,0.8,38,3,harmonic_neighborhood_mass,0.7272360920906067,0.09696422268946965
beta,0.8,39,3,harmonic_neighborhood_mass,0.7391577760378519,0.10920434693495433
beta,0.8,40,3,harmonic_neighborhood_mass,0.7337745428085327,0.10028977195421855
beta,0.8,41,3,harmonic_neighborhood_mass,0.7283750573794047,0.09577704966068268
beta,0.8,42,3,harmonic_neighborhood_mass,0.7374197244644165,0.10916587710380554
beta,0.8,43,3,harmonic_neighborhood_mass,0.7292675773302714,0.09784495830535889
beta,0.8,44,3,harmonic_neighborhood_mass,0.7316912412643433,0.09700924158096313
beta,0.8,45,3,harmonic_neighborhood_mass,0.7284762263298035,0.0952083021402359
beta,0.8,46,3,harmonic_neighborhood_mass,0.7314772605895996,0.09620337933301926
beta,0.8,47,3,harmonic_neighborhood_mass,0.7276312510172526,0.09591986487309138
beta,0.8,48,3,harmonic_neighborhood_mass,0.7287636399269104,0.09630934397379558
beta,0.8,49,3,harmonic_neighborhood_mass,0.7410698533058167,0.10681143403053284
beta,0.8,50,3,harmonic_neighborhood_mass,0.733457883199056,0.09861704210440318
beta,0.8,51,3,harmonic_neighborhood_mass,0.73307204246521,0.09874603648980458
beta,0.8,52,3,harmonic_neighborhood_mass,0.7397977511088053,0.10746213793754578
beta,0.8,53,3,harmonic_neighborhood_mass,0.7315567135810852,0.09448063125212987
beta,0.8,54,3,harmonic_neighborhood_mass,0.7295972307523092,0.09760058422883351
beta,0.8,55,3,harmonic_neighborhood_mass,0.7292570471763611,0.09625163426001866
beta,0.8,56,3,harmonic_neighborhood_mass,0.7458961407343546,0.11293861269950867
beta,0.8,57,3,harmonic_neighborhood_mass,0.7399635910987854,0.10846607635418574
beta,0.8,58,3,harmonic_neighborhood_mass,0.7367738882700602,0.10600714633862178
beta,0.8,59,3,harmonic_neighborhood_mass,0.7305835684140524,0.09713621934254964
beta,0.8,60,3,harmonic_neighborhood_mass,0.7338200012842814,0.09998112916946411
beta,0.8,61,3,harmonic_neighborhood_mass,0.7262564897537231,0.09562435746192932
beta,0.8,62,3,harmonic_neighborhood_mass,0.7359329462051392,0.10470597445964813
beta,0.8,63,3,harmonic_neighborhood_mass,0.7410732905069987,0.10825071483850479
beta,0.8,64,3,harmonic_neighborhood_mass,0.738235592842102,0.10123399396737416
beta,0.8,65,3,harmonic_neighborhood_mass,0.72688094774882,0.0945540393392245
beta,0.8,66,3,harmonic_neighborhood_mass,0.7445233464241028,0.11150954912106197
beta,0.8,67,3,harmonic_neighborhood_mass,0.7514436841011047,0.11273837586243947
beta,0.8,68,3,harmonic_neighborhood_mass,0.730019728342692,0.09527720014254253
beta,0.8,69,3,harmonic_neighborhood_mass,0.7246626218159994,0.0937690610686938
beta,0.8,70,3,harmonic_neighborhood_mass,0.7432050903638204,0.10596158603827159
beta,1.2,1,3,normalized_entropy,0.5531133319614264,0.9645331076249879
beta,1.2,2,3,normalized_entropy,0.5595781199183835,0.9710052237645804
beta,1.2,3,3,normalized_entropy,0.5464107981618761,0.9628795097497339
beta,1.2,4,3,normalized_entropy,0.5617836210297148,0.9709662019167373
beta,1.2,5,3,normalized_entropy,0.5639646183420816,0.9714709387231171
beta,1.2,6,3,normalized_entropy,0.5537523626879652,0.960715481389056
beta,1.2,7,3,normalized_entropy,0.5656076801572808,0.9694489868460917
beta,1.2,8,3,normalized_entropy,0.5568200730832339,0.9643633837208307
beta,1.2,9,3,normalized_entropy,0.5336656874482587,0.9520780379594616
beta,1.2,10,3,normalized_entropy,0.5529472698324197,0.9669590900388126
beta,1.2,11,3,normalized_entropy,0.568821657679012,0.9720491842265636
beta,1.2,12,3,normalized_entropy,0.5470490594519736,0.9662535678488382
beta,1.2,13,3,normalized_entropy,0.5581664790614265,0.9713478719760565
beta,1.2,14,3,normalized_entropy,0.5644553173135208,0.9666437192863059
beta,1.2,15,3,normalized_entropy,0.5630335474309304,0.9683463469833266
beta,1.2,16,3,normalized_entropy,0.5628516039683745,0.971219281099078
beta,1.2,17,3,normalized_entropy,0.5690258306774458,0.9708899374353614
beta,1.2,18,3,normalized_entropy,0.5482109568479151,0.9573182207222691
beta,1.2,19,3,normalized_entropy,0.5562109784772552,0.9661298991256487
beta,1.2,20,3,normalized_entropy,0.5651372658232984,0.9714094730726118
beta,1.2,21,3,normalized_entropy,0.555531878682669,0.9691210471491732
beta,1.2,22,3,normalized_entropy,0.5615467253625952,0.967020709067902
beta,1.2,23,3,normalized_entropy,0.5519156953944743,0.9662192442396714
beta,1.2,24,3,normalized_entropy,0.5638780768561416,0.9649214030593859
beta,1.2,25,3,normalized_entropy,0.5680344563486174,0.969525334055846
beta,1.2,26,3,normalized_entropy,0.5597302068626421,0.9654139347443361
beta,1.2,27,3,normalized_entropy,0.5570777514916537,0.9713732320464193
beta,1.2,28,3,normalized_entropy,0.5468762960685442,0.964958724840474
beta,1.2,29,3,normalized_entropy,0.5588489377674298,0.963821562462352
beta,1.2,30,3,normalized_entropy,0.5656132544613494,0.9708109472656408
beta,1.2,31,3,normalized_entropy,0.5665194974806377,0.9717388605303618
beta,1.2,32,3,normalized_entropy,0.5674237105853787,0.9711997345800709
beta,1.2,33,3,normalized_entropy,0.5685903079251503,0.9710689464987476
beta,1.2,34,3,normalized_entropy,0.5630634654058121,0.9701758033945538
beta,1.2,35,3,normalized_entropy,0.5564536308430612,0.9643017164927272
beta,1.2,36,3,normalized_entropy,0.5433672988759226,0.9626846241130197
beta,1.2,37,3,normalized_entropy,0.5353062976501669,0.9589843412754283
beta,1.2,38,3,normalized_entropy,0.5607439816121782,0.9661881906039415
beta,1.2,39,3,normalized_entropy,0.5495927590196417,0.9645030961508395
beta,1.2,40,3,normalized_entropy,0.5664407236238859,0.9711902575057817
beta,1.2,41,3,normalized_entropy,0.5703443855971415,0.9721177677574028
beta,1.2,42,3,normalized_entropy,0.5527965883469687,0.9669836063422385
beta,1.2,43,3,normalized_entropy,0.560864810643282,0.9679313434976508
beta,1.2,44,3,normalized_entropy,0.5654654048384861,0.969602366424815
beta,1.2,45,3,normalized_entropy,0.565858393879226,0.9676867933240878
beta,1.2,46,3,normalized_entropy,0.565445307242191,0.9680707208649384
beta,1.2,47,3,normalized_entropy,0.5675026016856636,0.9696322431349751
beta,1.2,48,3,normalized_entropy,0.566979307051077,0.9708252241773533
beta,1.2,49,3,normalized_entropy,0.5595918316994988,0.9706248651390466
beta,1.2,50,3,normalized_entropy,0.5612883596350989,0.9652866057380057
beta,1.2,51,3,normalized_entropy,0.5609464049238816,0.9673696407711206
beta,1.2,52,3,normalized_entropy,0.5527026238860518,0.9641649712860986
beta,1.2,53,3,normalized_entropy,0.5633752186034903,0.9686870353478669
beta,1.2,54,3,normalized_entropy,0.5652695578644802,0.9714437475165107
beta,1.2,55,3,normalized_entropy,0.5653928551483342,0.9688672394682921
beta,1.2,56,3,normalized_entropy,0.5463034166983068,0.9631114495720672
beta,1.2,57,3,normalized_entropy,0.5483875507456727,0.96146456792817
beta,1.2,58,3,normalized_entropy,0.5597931851835001,0.964636326495527
beta,1.2,59,3,normalized_entropy,0.5666008929687236,0.970006800912549
beta,1.2,60,3,normalized_entropy,0.5673197026691295,0.9739239665244793
beta,1.2,61,3,normalized_entropy,0.5682147520500109,0.9689467971984538
beta,1.2,62,3,normalized_entropy,0.5555036108703743,0.9674710682354997
beta,1.2,63,3,normalized_entropy,0.5518920912488628,0.9635792277666985
beta,1.2,64,3,normalized_entropy,0.5594961879747034,0.9684530410425619
beta,1.2,65,3,normalized_entropy,0.56751579083714,0.969355946976402
beta,1.2,66,3,normalized_entropy,0.5503412124493603,0.9687483642734569
beta,1.2,67,3,normalized_entropy,0.5533610823676357,0.9654316697647877
beta,1.2,68,3,normalized_entropy,0.5695332345006702,0.9705654264048597
beta,1.2,69,3,normalized_entropy,0.5683784071128696,0.9693646396515252
beta,1.2,70,3,normalized_entropy,0.5578663739966904,0.9706147837014131
beta,1.2,1,3,peak_distance_hz,0.16911465922991434,2.568906227747599
beta,1.2,2,3,peak_distance_hz,0.17333333690961203,2.433385451634725
beta,1.2,3,3,peak_distance_hz,0.17161459724108377,2.438281297683716
beta,1.2,4,3,peak_distance_hz,0.17661456763744354,2.8485937118530273
beta,1.2,5,3,peak_distance_hz,0.18739583591620126,2.882291634877523
beta,1.2,6,3,peak_distance_hz,0.18229169646898905,2.888385454813639
beta,1.2,7,3,peak_distance_hz,0.17005203664302826,3.0116144816080728
beta,1.2,8,3,peak_distance_hz,0.18000001708666483,2.8551562627156577
beta,1.2,9,3,peak_distance_hz,0.17526049415270487,2.2633334000905356
beta,1.2,10,3,peak_distance_hz,0.16609375675519308,2.537447929382324
beta,1.2,11,3,peak_distance_hz,0.17234366635481516,3.097135384877523
beta,1.2,12,3,peak_distance_hz,0.17041675249735513,2.3372915585835776
beta,1.2,13,3,peak_distance_hz,0.1761979560057322,2.208124876022339
beta,1.2,14,3,peak_distance_hz,0.17828121781349182,3.0308855374654136
beta,1.2,15,3,peak_distance_hz,0.1765624980131785,3.0247915585835776
beta,1.2,16,3,peak_distance_hz,0.18083331485589346,2.4175000190734863
beta,1.2,17,3,peak_distance_hz,0.18270833790302277,3.180625041325887
beta,1.2,18,3,peak_distance_hz,0.19026045501232147,2.507552146911621
beta,1.2,19,3,peak_distance_hz,0.1746354897816976,2.746354103088379
beta,1.2,20,3,peak_distance_hz,0.18312495946884155,2.8889583746592202
beta,1.2,21,3,peak_distance_hz,0.1772917260726293,2.2952083746592202
beta,1.2,22,3,peak_distance_hz,0.18130205074946085,2.9208332697550454
beta,1.2,23,3,peak_distance_hz,0.1722396363814672,2.3535937070846558
beta,1.2,24,3,peak_distance_hz,0.18666671713193259,2.9043750762939453
beta,1.2,25,3,peak_distance_hz,0.18395828704039255,3.100416580835978
beta,1.2,26,3,peak_distance_hz,0.1781250387430191,2.8620834350585938
beta,1.2,27,3,peak_distance_hz,0.17916671931743622,2.4023958841959634
beta,1.2,28,3,peak_distance_hz,0.17427089313666025,1.9093229373296101
beta,1.2,29,3,peak_distance_hz,0.1778124918540319,2.982968727747599
beta,1.2,30,3,peak_distance_hz,0.1753124992052714,2.9940625031789145
beta,1.2,31,3,peak_distance_hz,0.18250001470247904,2.848176876703898
beta,1.2,32,3,peak_distance_hz,0.18223951756954193,3.131770928700765
beta,1.2,33,3,peak_distance_hz,0.17656244337558746,3.0059896310170493
beta,1.2,34,3,peak_distance_hz,0.17208336293697357,2.798281272252401
beta,1.2,35,3,peak_distance_hz,0.18098957339922586,2.7134894529978433
beta,1.2,36,3,peak_distance_hz,0.16666674117247263,2.277968724568685
beta,1.2,37,3,peak_distance_hz,0.16317718227704367,1.9700000286102295
beta,1.2,38,3,peak_distance_hz,0.18208338816960654,2.796875
beta,1.2,39,3,peak_distance_hz,0.18083340426286063,2.2010415395100913
beta,1.2,40,3,peak_distance_hz,0.1802604099114736,2.810208320617676
beta,1.2,41,3,peak_distance_hz,0.18161452313264212,3.0523959000905356
beta,1.2,42,3,peak_distance_hz,0.17588549355665842,2.133750001589457
beta,1.2,43,3,peak_distance_hz,0.18369793891906738,2.713697910308838
beta,1.2,44,3,peak_distance_hz,0.17578122516473135,3.108020782470703
beta,1.2,45,3,peak_distance_hz,0.1831249644358953,2.995208422342936
beta,1.2,46,3,peak_distance_hz,0.18515625099341074,2.9695311387379966
beta,1.2,47,3,peak_distance_hz,0.17916665971279144,3.0126561323801675
beta,1.2,48,3,peak_distance_hz,0.17359375456968942,2.974843740463257
beta,1.2,49,3,peak_distance_hz,0.1689062863588333,2.4573957920074463
beta,1.2,50,3,peak_distance_hz,0.17791667580604553,3.029531160990397
beta,1.2,51,3,peak_distance_hz,0.17151047786076865,3.0019269784291587
beta,1.2,52,3,peak_distance_hz,0.17807293434937796,2.6561978658040366
beta,1.2,53,3,peak_distance_hz,0.18281247715155283,3.0159374872843423
beta,1.2,54,3,peak_distance_hz,0.18270833293596903,2.622500022252401
beta,1.2,55,3,peak_distance_hz,0.17864582935969034,2.9728124936421714
beta,1.2,56,3,peak_distance_hz,0.17697920898596445,2.449166774749756
beta,1.2,57,3,peak_distance_hz,0.17406257490317026,2.536562442779541
beta,1.2,58,3,peak_distance_hz,0.17182295521100363,2.8188020388285318
beta,1.2,59,3,peak_distance_hz,0.18229162693023682,3.053541580835978
beta,1.2,60,3,peak_distance_hz,0.1795312613248825,2.7401562531789145
beta,1.2,61,3,peak_distance_hz,0.17968741556008658,3.168541590372721
beta,1.2,62,3,peak_distance_hz,0.17619794110457102,2.5741666158040366
beta,1.2,63,3,peak_distance_hz,0.17781255642573038,2.465625047683716
beta,1.2,64,3,peak_distance_hz,0.1730729639530182,2.6791667143503823
beta,1.2,65,3,peak_distance_hz,0.17796871066093445,3.0427083174387612
beta,1.2,66,3,peak_distance_hz,0.17302087942759195,1.8690625429153442
beta,1.2,67,3,peak_distance_hz,0.1728124717871348,2.733593781789144
beta,1.2,68,3,peak_distance_hz,0.1785416305065155,3.109166463216146
beta,1.2,69,3,peak_distance_hz,0.17614571253458658,3.033177137374878
beta,1.2,70,3,peak_distance_hz,0.18072917064030966,2.563593626022339
beta,1.2,1,3,peak_within_bias_width_fraction,0.9859375,0.25364583333333335
beta,1.2,2,3,peak_within_bias_width_fraction,0.9921875,0.2828125
beta,1.2,3,3,peak_within_bias_width_fraction,0.9864583333333333,0.2885416666666667
beta,1.2,4,3,peak_within_bias_width_fraction,0.9817708333333334,0.1947916666666667
beta,1.2,5,3,peak_within_bias_width_fraction,0.9890625000000001,0.16197916666666667
beta,1.2,6,3,peak_within_bias_width_fraction,0.9932291666666666,0.18125
beta,1.2,7,3,peak_within_bias_width_fraction,0.9869791666666666,0.13593750000000002
beta,1.2,8,3,peak_within_bias_width_fraction,0.9864583333333332,0.2015625
beta,1.2,9,3,peak_within_bias_width_fraction,0.9864583333333332,0.34010416666666665
beta,1.2,10,3,peak_within_bias_width_fraction,0.9921875,0.2776041666666667
beta,1.2,11,3,peak_within_bias_width_fraction,0.984375,0.12708333333333333
beta,1.2,12,3,peak_within_bias_width_fraction,0.9932291666666666,0.34218750000000003
beta,1.2,13,3,peak_within_bias_width_fraction,0.9874999999999999,0.31927083333333334
beta,1.2,14,3,peak_within_bias_width_fraction,0.9885416666666668,0.13489583333333333
beta,1.2,15,3,peak_within_bias_width_fraction,0.9833333333333334,0.16093749999999998
beta,1.2,16,3,peak_within_bias_width_fraction,0.9875000000000002,0.24583333333333335
beta,1.2,17,3,peak_within_bias_width_fraction,0.9869791666666666,0.12395833333333334
beta,1.2,18,3,peak_within_bias_width_fraction,0.96875,0.26979166666666665
beta,1.2,19,3,peak_within_bias_width_fraction,0.9864583333333332,0.22968749999999996
beta,1.2,20,3,peak_within_bias_width_fraction,0.9859375,0.165625
beta,1.2,21,3,peak_within_bias_width_fraction,0.9885416666666668,0.3046875
beta,1.2,22,3,peak_within_bias_width_fraction,0.9828125,0.1791666666666667
beta,1.2,23,3,peak_within_bias_width_fraction,0.9828125,0.3020833333333333
beta,1.2,24,3,peak_within_bias_width_fraction,0.9776041666666666,0.14010416666666667
beta,1.2,25,3,peak_within_bias_width_fraction,0.9848958333333334,0.12552083333333333
beta,1.2,26,3,peak_within_bias_width_fraction,0.9874999999999999,0.17239583333333333
beta,1.2,27,3,peak_within_bias_width_fraction,0.9895833333333334,0.2942708333333333
beta,1.2,28,3,peak_within_bias_width_fraction,0.9869791666666666,0.38958333333333334
beta,1.2,29,3,peak_within_bias_width_fraction,0.9828125,0.15572916666666667
beta,1.2,30,3,peak_within_bias_width_fraction,0.9890624999999998,0.1572916666666667
beta,1.2,31,3,peak_within_bias_width_fraction,0.9859375,0.16145833333333331
beta,1.2,32,3,peak_within_bias_width_fraction,0.9901041666666668,0.13072916666666665
beta,1.2,33,3,peak_within_bias_width_fraction,0.9927083333333333,0.12447916666666668
beta,1.2,34,3,peak_within_bias_width_fraction,0.9848958333333333,0.19322916666666667
beta,1.2,35,3,peak_within_bias_width_fraction,0.9828125,0.20052083333333334
beta,1.2,36,3,peak_within_bias_width_fraction,0.9916666666666667,0.3458333333333334
beta,1.2,37,3,peak_within_bias_width_fraction,0.9953124999999999,0.4182291666666667
beta,1.2,38,3,peak_within_bias_width_fraction,0.9833333333333334,0.18385416666666665
beta,1.2,39,3,peak_within_bias_width_fraction,0.9848958333333333,0.3151041666666667
beta,1.2,40,3,peak_within_bias_width_fraction,0.990625,0.1734375
beta,1.2,41,3,peak_within_bias_width_fraction,0.9885416666666668,0.11927083333333333
beta,1.2,42,3,peak_within_bias_width_fraction,0.984375,0.32916666666666666
beta,1.2,43,3,peak_within_bias_width_fraction,0.9833333333333334,0.18125
beta,1.2,44,3,peak_within_bias_width_fraction,0.9911458333333334,0.14583333333333334
beta,1.2,45,3,peak_within_bias_width_fraction,0.9854166666666666,0.12916666666666665
beta,1.2,46,3,peak_within_bias_width_fraction,0.9890625000000001,0.13697916666666665
beta,1.2,47,3,peak_within_bias_width_fraction,0.9869791666666666,0.1265625
beta,1.2,48,3,peak_within_bias_width_fraction,0.9890625000000001,0.16458333333333333
beta,1.2,49,3,peak_within_bias_width_fraction,0.9885416666666668,0.2546875
beta,1.2,50,3,peak_within_bias_width_fraction,0.9864583333333333,0.14791666666666667
beta,1.2,51,3,peak_within_bias_width_fraction,0.9885416666666668,0.16510416666666666
beta,1.2,52,3,peak_within_bias_width_fraction,0.9869791666666666,0.25677083333333334
beta,1.2,53,3,peak_within_bias_width_fraction,0.9828125,0.14791666666666667
beta,1.2,54,3,peak_within_bias_width_fraction,0.984375,0.17343750000000002
beta,1.2,55,3,peak_within_bias_width_fraction,0.9885416666666668,0.1338541666666667
beta,1.2,56,3,peak_within_bias_width_fraction,0.9864583333333333,0.31093750000000003
beta,1.2,57,3,peak_within_bias_width_fraction,0.9911458333333334,0.2411458333333333
beta,1.2,58,3,peak_within_bias_width_fraction,0.9911458333333334,0.19375
beta,1.2,59,3,peak_within_bias_width_fraction,0.9854166666666666,0.12239583333333333
beta,1.2,60,3,peak_within_bias_width_fraction,0.9911458333333334,0.20104166666666667
beta,1.2,61,3,peak_within_bias_width_fraction,0.9854166666666666,0.10312500000000001
beta,1.2,62,3,peak_within_bias_width_fraction,0.9916666666666667,0.2255208333333333
beta,1.2,63,3,peak_within_bias_width_fraction,0.9874999999999999,0.2635416666666666
beta,1.2,64,3,peak_within_bias_width_fraction,0.9911458333333334,0.18125
beta,1.2,65,3,peak_within_bias_width_fraction,0.9911458333333334,0.12135416666666667
beta,1.2,66,3,peak_within_bias_width_fraction,0.9864583333333333,0.39999999999999997
beta,1.2,67,3,peak_within_bias_width_fraction,0.9916666666666667,0.25052083333333336
beta,1.2,68,3,peak_within_bias_width_fraction,0.9864583333333333,0.11666666666666665
beta,1.2,69,3,peak_within_bias_width_fraction,0.9854166666666666,0.11770833333333335
beta,1.2,70,3,peak_within_bias_width_fraction,0.9880208333333332,0.253125
beta,1.2,1,3,harmonic_neighborhood_mass,0.7475963433583578,0.10930166641871135
beta,1.2,2,3,harmonic_neighborhood_mass,0.7468064427375793,0.10806698103745778
beta,1.2,3,3,harmonic_neighborhood_mass,0.7513019641240438,0.11193683743476868
beta,1.2,4,3,harmonic_neighborhood_mass,0.7317918340365092,0.09573723375797272
beta,1.2,5,3,harmonic_neighborhood_mass,0.7299423416455587,0.0962716614206632
beta,1.2,6,3,harmonic_neighborhood_mass,0.7457548181215922,0.10557943830887477
beta,1.2,7,3,harmonic_neighborhood_mass,0.7258180181185404,0.09230061620473862
beta,1.2,8,3,harmonic_neighborhood_mass,0.7366943359375,0.09889113903045654
beta,1.2,9,3,harmonic_neighborhood_mass,0.7601754864056905,0.12351914246877034
beta,1.2,10,3,harmonic_neighborhood_mass,0.7488231062889099,0.10547390580177307
beta,1.2,11,3,harmonic_neighborhood_mass,0.726433277130127,0.09419175485769908
beta,1.2,12,3,harmonic_neighborhood_mass,0.7588303486506144,0.11183470984299977
beta,1.2,13,3,harmonic_neighborhood_mass,0.7446345289548238,0.10798810670773189
beta,1.2,14,3,harmonic_neighborhood_mass,0.7298441131909689,0.09544014185667038
beta,1.2,15,3,harmonic_neighborhood_mass,0.7343528270721436,0.0976804792881012
beta,1.2,16,3,harmonic_neighborhood_mass,0.733919084072113,0.10169212768475215
beta,1.2,17,3,harmonic_neighborhood_mass,0.7291457851727804,0.09347197165091832
beta,1.2,18,3,harmonic_neighborhood_mass,0.7350414196650187,0.10386890669663747
beta,1.2,19,3,harmonic_neighborhood_mass,0.7476500272750854,0.10409390429655711
beta,1.2,20,3,harmonic_neighborhood_mass,0.7292502721150717,0.09685049454371135
beta,1.2,21,3,harmonic_neighborhood_mass,0.7389072775840759,0.1046043907602628
beta,1.2,22,3,harmonic_neighborhood_mass,0.7339922785758972,0.09627654155095418
beta,1.2,23,3,harmonic_neighborhood_mass,0.7446581721305847,0.10819078236818314
beta,1.2,24,3,harmonic_neighborhood_mass,0.7228648066520691,0.09619741141796112
beta,1.2,25,3,harmonic_neighborhood_mass,0.7295246521631876,0.09362792472044627
beta,1.2,26,3,harmonic_neighborhood_mass,0.7375408808390299,0.10149161517620087
beta,1.2,27,3,harmonic_neighborhood_mass,0.7437560359636942,0.10709355523188908
beta,1.2,28,3,harmonic_neighborhood_mass,0.7471629977226257,0.1132732704281807
beta,1.2,29,3,harmonic_neighborhood_mass,0.7355621655782064,0.09626669685045879
beta,1.2,30,3,harmonic_neighborhood_mass,0.7353474895159403,0.09782279034455617
beta,1.2,31,3,harmonic_neighborhood_mass,0.7320882678031921,0.09784415364265442
beta,1.2,32,3,harmonic_neighborhood_mass,0.7331637938817342,0.09732657670974731
beta,1.2,33,3,harmonic_neighborhood_mass,0.7288742065429688,0.09375540167093277
beta,1.2,34,3,harmonic_neighborhood_mass,0.7353235483169556,0.09733360509077708
beta,1.2,35,3,harmonic_neighborhood_mass,0.7355246345202128,0.0999475046992302
beta,1.2,36,3,harmonic_neighborhood_mass,0.7568584084510803,0.11643802126248677
beta,1.2,37,3,harmonic_neighborhood_mass,0.7633688052495321,0.12144866585731506
beta,1.2,38,3,harmonic_neighborhood_mass,0.7305073738098145,0.09750072906414668
beta,1.2,39,3,harmonic_neighborhood_mass,0.7433633605639139,0.10922067364056905
beta,1.2,40,3,harmonic_neighborhood_mass,0.7341324289639791,0.09964462866385777
beta,1.2,41,3,harmonic_neighborhood_mass,0.7277031938234965,0.09432730078697205
beta,1.2,42,3,harmonic_neighborhood_mass,0.7423966725667318,0.11090048154195149
beta,1.2,43,3,harmonic_neighborhood_mass,0.7299113273620605,0.0979137197136879
beta,1.2,44,3,harmonic_neighborhood_mass,0.7358883023262024,0.09741395215193431
beta,1.2,45,3,harmonic_neighborhood_mass,0.7300051848093668,0.09448391944169998
beta,1.2,46,3,harmonic_neighborhood_mass,0.7288917700449625,0.09436281273762386
beta,1.2,47,3,harmonic_neighborhood_mass,0.7267081340154012,0.09497974067926407
beta,1.2,48,3,harmonic_neighborhood_mass,0.7330597837766012,0.09670789043108623
beta,1.2,49,3,harmonic_neighborhood_mass,0.7447466055552164,0.10459474970897038
beta,1.2,50,3,harmonic_neighborhood_mass,0.7309794823328654,0.09651117026805878
beta,1.2,51,3,harmonic_neighborhood_mass,0.7389110326766968,0.09788398693005244
beta,1.2,52,3,harmonic_neighborhood_mass,0.7508212725321451,0.10971324890851974
beta,1.2,53,3,harmonic_neighborhood_mass,0.7303363680839539,0.09131296475728352
beta,1.2,54,3,harmonic_neighborhood_mass,0.7280681729316711,0.09652894238630931
beta,1.2,55,3,harmonic_neighborhood_mass,0.7305586934089661,0.09523941576480865
beta,1.2,56,3,harmonic_neighborhood_mass,0.7520383993784586,0.11257567008336385
beta,1.2,57,3,harmonic_neighborhood_mass,0.748123288154602,0.11077520499626796
beta,1.2,58,3,harmonic_neighborhood_mass,0.7432494759559631,0.1070445105433464
beta,1.2,59,3,harmonic_neighborhood_mass,0.7304538289705912,0.09622828662395477
beta,1.2,60,3,harmonic_neighborhood_mass,0.7322763999303182,0.09753689418236415
beta,1.2,61,3,harmonic_neighborhood_mass,0.7262730002403259,0.09418403853972752
beta,1.2,62,3,harmonic_neighborhood_mass,0.7420289715131124,0.10343220829963684
beta,1.2,63,3,harmonic_neighborhood_mass,0.7415520747502645,0.10503957668940227
beta,1.2,64,3,harmonic_neighborhood_mass,0.7378968795140585,0.09921753903230031
beta,1.2,65,3,harmonic_neighborhood_mass,0.72488005956014,0.09302184234062831
beta,1.2,66,3,harmonic_neighborhood_mass,0.7472640872001648,0.11262829850117366
beta,1.2,67,3,harmonic_neighborhood_mass,0.7581769625345866,0.1095204030474027
beta,1.2,68,3,harmonic_neighborhood_mass,0.7293525735537211,0.09428298473358154
beta,1.2,69,3,harmonic_neighborhood_mass,0.7255953550338745,0.09259146948655446
beta,1.2,70,3,harmonic_neighborhood_mass,0.7460384368896484,0.10409454504648845
