architecture,protocol_status,window_s,batch_size,dtype,parameters,cpu_iterations,cpu_p50_ms,cpu_p95_ms,cuda_iterations,cuda_p50_ms,cuda_p95_ms,cuda_peak_allocated_bytes,platform,python,torch,cpu_threads_timed,cuda,gpu,session_scope,source_file,source_sha256
fb_ssvepformer,protocol_adapted_reference,0.4,1,float32,3741724,1000,2.7558499999999997,3.59295,1000,7.600543975830078,9.602023839950562,24717312,Windows-10-10.0.26200-SP0,3.11.9,2.11.0+cu128,1,12.8,NVIDIA GeForce RTX 5060 Laptop GPU,"single-session empirical latency distribution on one laptop; no independent-session, power-mode, or thermal-state uncertainty estimate",runs/paper_v39/deployment/fb_ssvepformer_0.4s.json,37a03c3e21c06f4bcf1bbf18f0311063a9f956ea6f4ea22db89830a2dbd0ce25
fb_ssvepformer,protocol_adapted_reference,0.8,1,float32,3741724,1000,2.7497499999999997,4.134335,1000,7.742815971374512,11.76424331665039,24720384,Windows-10-10.0.26200-SP0,3.11.9,2.11.0+cu128,1,12.8,NVIDIA GeForce RTX 5060 Laptop GPU,"single-session empirical latency distribution on one laptop; no independent-session, power-mode, or thermal-state uncertainty estimate",runs/paper_v39/deployment/fb_ssvepformer_0.8s.json,264f9f635d1d5d3944496c4654ac36179acd14985c9c6bdf902adac2a25cf086
fb_ssvepformer,protocol_adapted_reference,1.2,1,float32,3741724,1000,2.67255,4.270315,1000,7.753039836883545,11.734345483779908,24723456,Windows-10-10.0.26200-SP0,3.11.9,2.11.0+cu128,1,12.8,NVIDIA GeForce RTX 5060 Laptop GPU,"single-session empirical latency distribution on one laptop; no independent-session, power-mode, or thermal-state uncertainty estimate",runs/paper_v39/deployment/fb_ssvepformer_1.2s.json,33a3980d8552ab13baa36020b5439226fb60dff246e70d0580b129b63a133dcd
harmonic_fold_v4_1,proposed_folded_graph,0.4,1,float32,435043,1000,2.9909499999999998,4.007524999999999,1000,3.4648159742355347,4.505555415153503,12676608,Windows-10-10.0.26200-SP0,3.11.9,2.11.0+cu128,1,12.8,NVIDIA GeForce RTX 5060 Laptop GPU,"single-session empirical latency distribution on one laptop; no independent-session, power-mode, or thermal-state uncertainty estimate",runs/paper_v39/deployment/harmonic_fold_v4_1_0.4s.json,a757ec8c841ee9464c73844e8d4b2b6ae88a5de40c2fe8c2eea5b6dbd81ab3bb
harmonic_fold_v4_1,proposed_folded_graph,0.8,1,float32,435043,1000,2.89885,4.068034999999999,1000,3.7166240215301514,5.356804680824279,13899776,Windows-10-10.0.26200-SP0,3.11.9,2.11.0+cu128,1,12.8,NVIDIA GeForce RTX 5060 Laptop GPU,"single-session empirical latency distribution on one laptop; no independent-session, power-mode, or thermal-state uncertainty estimate",runs/paper_v39/deployment/harmonic_fold_v4_1_0.8s.json,059b5bcd56d90c0838b40973caa7f7b054f08cdb92dd60f6a2c31fe2c250b2b8
harmonic_fold_v4_1,proposed_folded_graph,1.2,1,float32,435043,1000,3.03955,4.38954,1000,3.4281280040740967,5.521599984169006,15122944,Windows-10-10.0.26200-SP0,3.11.9,2.11.0+cu128,1,12.8,NVIDIA GeForce RTX 5060 Laptop GPU,"single-session empirical latency distribution on one laptop; no independent-session, power-mode, or thermal-state uncertainty estimate",runs/paper_v39/deployment/harmonic_fold_v4_1_1.2s.json,b311b0c68ba40ea62ca5ae804f6c531c704b8a110798ab2f44ab007c17e0ea54
mtsnet_external_protocol_reconstruction,reconstruction_not_exact_published_reproduction,0.4,1,float32,8718800,1000,5.51215,7.15942,1000,3.178912043571472,4.969023799896239,45357056,Windows-10-10.0.26200-SP0,3.11.9,2.11.0+cu128,1,12.8,NVIDIA GeForce RTX 5060 Laptop GPU,"single-session empirical latency distribution on one laptop; no independent-session, power-mode, or thermal-state uncertainty estimate",runs/paper_v39/deployment/mtsnet_0.4s.json,98464f7d599d4cc481d1faaa8d29f0e347ff84e9b5ef654497e97ae208f1f351
mtsnet_external_protocol_reconstruction,reconstruction_not_exact_published_reproduction,0.8,1,float32,10484200,1000,6.88935,8.309405,1000,2.8876959085464478,4.064027261734008,52043264,Windows-10-10.0.26200-SP0,3.11.9,2.11.0+cu128,1,12.8,NVIDIA GeForce RTX 5060 Laptop GPU,"single-session empirical latency distribution on one laptop; no independent-session, power-mode, or thermal-state uncertainty estimate",runs/paper_v39/deployment/mtsnet_0.8s.json,668782a95f2851834dac5ca0c23b76d7c0d5d5368a091785954d60bf3914dfd3
mtsnet_external_protocol_reconstruction,reconstruction_not_exact_published_reproduction,1.2,1,float32,12569600,1000,7.5885,9.40902,1000,2.801136016845703,3.6487920641899105,60398592,Windows-10-10.0.26200-SP0,3.11.9,2.11.0+cu128,1,12.8,NVIDIA GeForce RTX 5060 Laptop GPU,"single-session empirical latency distribution on one laptop; no independent-session, power-mode, or thermal-state uncertainty estimate",runs/paper_v39/deployment/mtsnet_1.2s.json,038f898db6dc2ba5da768304a20ec9296cb5ce76f6883f11c5446093245d82a9
ssvepformer,protocol_adapted_reference,0.4,1,float32,1247240,1000,0.87425,1.17335,1000,2.610640048980713,3.257881617546081,14711808,Windows-10-10.0.26200-SP0,3.11.9,2.11.0+cu128,1,12.8,NVIDIA GeForce RTX 5060 Laptop GPU,"single-session empirical latency distribution on one laptop; no independent-session, power-mode, or thermal-state uncertainty estimate",runs/paper_v39/deployment/ssvepformer_0.4s.json,2733bea6b915264acee07c7ce4b65a8751077ec5ac7e9e3be826274f11ed1408
ssvepformer,protocol_adapted_reference,0.8,1,float32,1247240,1000,0.9335,1.178095,1000,2.6171520948410034,3.8901295781135556,14714880,Windows-10-10.0.26200-SP0,3.11.9,2.11.0+cu128,1,12.8,NVIDIA GeForce RTX 5060 Laptop GPU,"single-session empirical latency distribution on one laptop; no independent-session, power-mode, or thermal-state uncertainty estimate",runs/paper_v39/deployment/ssvepformer_0.8s.json,ea9c850728a07435c71ee9464c7b69af1b9ca0d08dd42324da774171323de555
ssvepformer,protocol_adapted_reference,1.2,1,float32,1247240,1000,0.8259,1.149225,1000,2.5279680490493774,3.656166350841522,14717952,Windows-10-10.0.26200-SP0,3.11.9,2.11.0+cu128,1,12.8,NVIDIA GeForce RTX 5060 Laptop GPU,"single-session empirical latency distribution on one laptop; no independent-session, power-mode, or thermal-state uncertainty estimate",runs/paper_v39/deployment/ssvepformer_1.2s.json,48e0fb7fd62bfe12a842730b984f5f179dbe1c3412e6ed59de56a9186b97a0eb
