multiplicity_family,dataset,left,right,window_s,metric,participants,mean_difference,median_difference,bootstrap_difference_ci95_low,bootstrap_difference_ci95_high,wilcoxon_p_value,rank_biserial,contrast_label,holm_adjusted_p_value
electrode_transfer:wearable:all_registered_21_tests,wearable,dry_to_wet,wet_to_wet,0.4,balanced_accuracy,102,-0.09547930283224403,-0.09166666666666659,-0.1113834422657952,-0.07946623093681918,5.884551860778658e-15,-0.8903483723586522,wet_target_transfer,1.235755890763518e-13
electrode_transfer:wearable:all_registered_21_tests,wearable,dry_to_wet,wet_to_wet,0.6,balanced_accuracy,102,-0.10098039215686275,-0.0986111111111111,-0.11841026688453161,-0.08287037037037039,1.4198478898650036e-14,-0.8775937559489815,wet_target_transfer,2.8396957797300073e-13
electrode_transfer:wearable:all_registered_21_tests,wearable,dry_to_wet,wet_to_wet,0.8,balanced_accuracy,102,-0.09719498910675384,-0.08611111111111107,-0.11764705882352942,-0.07728758169934644,1.1357531937786828e-13,-0.8509027373325568,wet_target_transfer,2.0443557488016293e-12
electrode_transfer:wearable:all_registered_21_tests,wearable,dry_to_wet,wet_to_wet,1.0,balanced_accuracy,102,-0.09215686274509807,-0.08055555555555555,-0.11312704248366014,-0.07211328976034859,2.8406598657756985e-13,-0.8452525252525253,wet_target_transfer,4.829121771818687e-12
electrode_transfer:wearable:all_registered_21_tests,wearable,dry_to_wet,wet_to_wet,1.2,balanced_accuracy,102,-0.08390522875816994,-0.06666666666666676,-0.10435729847494558,-0.06386097494553379,7.004383530535588e-13,-0.8269306930693069,wet_target_transfer,1.120701364885694e-11
electrode_transfer:wearable:all_registered_21_tests,wearable,dry_to_wet,wet_to_wet,1.5,balanced_accuracy,102,-0.08227124183006534,-0.06527777777777782,-0.103677151416122,-0.06146514161220043,2.5498145025511112e-12,-0.8063366336633664,wet_target_transfer,3.314758853316445e-11
electrode_transfer:wearable:all_registered_21_tests,wearable,dry_to_wet,wet_to_wet,2.0,balanced_accuracy,102,-0.09106753812636165,-0.07222222222222219,-0.11163126361655773,-0.07159517973856211,3.152624468055713e-14,-0.8744554455445545,wet_target_transfer,5.989986489305855e-13
electrode_transfer:wearable:all_registered_21_tests,wearable,wet_to_dry,dry_to_dry,0.4,balanced_accuracy,102,-0.03632897603485837,-0.022222222222222233,-0.05699891067538125,-0.017075163398692805,0.0021098923576429495,-0.3523587652882935,dry_target_transfer,0.0021098923576429495
electrode_transfer:wearable:all_registered_21_tests,wearable,wet_to_dry,dry_to_dry,0.6,balanced_accuracy,102,-0.05915032679738561,-0.036111111111111094,-0.08635757080610021,-0.03363289760348583,0.00027438703012069946,-0.41700640652300525,dry_target_transfer,0.0005487740602413989
electrode_transfer:wearable:all_registered_21_tests,wearable,wet_to_dry,dry_to_dry,0.8,balanced_accuracy,102,-0.0943627450980392,-0.05555555555555561,-0.12745098039215685,-0.06247140522875821,8.049931351263878e-07,-0.5655212580081538,dry_target_transfer,3.7001778239192708e-06
electrode_transfer:wearable:all_registered_21_tests,wearable,wet_to_dry,dry_to_dry,1.0,balanced_accuracy,102,-0.1218954248366013,-0.08611111111111114,-0.1616557734204793,-0.08461192810457517,4.3884732191293874e-08,-0.6274509803921569,dry_target_transfer,3.071931253390571e-07
electrode_transfer:wearable:all_registered_21_tests,wearable,wet_to_dry,dry_to_dry,1.2,balanced_accuracy,102,-0.1276143790849673,-0.06666666666666662,-0.1707250816993464,-0.08725422113289759,2.1886538152697546e-07,-0.5910908052541405,dry_target_transfer,1.3131922891618528e-06
electrode_transfer:wearable:all_registered_21_tests,wearable,wet_to_dry,dry_to_dry,1.5,balanced_accuracy,102,-0.12448257080610023,-0.04861111111111109,-0.1680290032679739,-0.08227056100217862,7.400355647838542e-07,-0.5646297353893014,dry_target_transfer,3.7001778239192708e-06
electrode_transfer:wearable:all_registered_21_tests,wearable,wet_to_dry,dry_to_dry,2.0,balanced_accuracy,102,-0.12246732026143792,-0.04166666666666666,-0.17050789760348586,-0.07758646514161222,2.5628447072957593e-05,-0.48243059600077653,dry_target_transfer,7.688534121887277e-05
electrode_transfer:wearable:all_registered_21_tests,wearable,dry_to_wet,wet_to_dry,0.4,balanced_accuracy,102,0.11644880174291936,0.07361111111111113,0.08346881808278866,0.15089937363834427,8.787964902969345e-10,0.7025820229081732,cross_direction,7.030371922375476e-09
electrode_transfer:wearable:all_registered_21_tests,wearable,dry_to_wet,wet_to_dry,0.6,balanced_accuracy,102,0.1586328976034859,0.08888888888888888,0.11745642701525055,0.20166122004357298,2.970400890227285e-11,0.7582333904435561,cross_direction,2.970400890227285e-10
electrode_transfer:wearable:all_registered_21_tests,wearable,dry_to_wet,wet_to_dry,0.8,balanced_accuracy,102,0.19286492374727665,0.13472222222222227,0.14539692265795204,0.2420486111111111,3.439782054265745e-12,0.7936417285360746,cross_direction,4.127738465118894e-11
electrode_transfer:wearable:all_registered_21_tests,wearable,dry_to_wet,wet_to_dry,1.0,balanced_accuracy,102,0.20874183006535948,0.14305555555555557,0.1581958061002179,0.25986043028322436,1.7431893706319896e-12,0.8044926708547496,cross_direction,2.4404651188847855e-11
electrode_transfer:wearable:all_registered_21_tests,wearable,dry_to_wet,wet_to_dry,1.2,balanced_accuracy,102,0.21963507625272333,0.14305555555555552,0.1680548747276688,0.2727403322440087,1.6025655040850118e-12,0.8058252427184466,cross_direction,2.4038482561275176e-11
electrode_transfer:wearable:all_registered_21_tests,wearable,dry_to_wet,wet_to_dry,1.5,balanced_accuracy,102,0.21565904139433548,0.1430555555555555,0.1624720860566449,0.2712976579520697,4.106372023905015e-12,0.7907862173995812,cross_direction,4.5170092262955165e-11
electrode_transfer:wearable:all_registered_21_tests,wearable,dry_to_wet,wet_to_dry,2.0,balanced_accuracy,102,0.20539215686274517,0.13055555555555556,0.15160607298474946,0.26073188997821345,8.707696657705849e-11,0.7399581191699981,cross_direction,7.836926991935265e-10
