dataset,condition,overhead_s,window_s,participants,mean_itr_bits_per_minute,bootstrap_mean_ci95_low,bootstrap_mean_ci95_high
benchmark,harmonic_fold,0.0,0.4,35,120.22115695208382,89.73938673583234,154.7329528137244
benchmark,harmonic_fold,0.0,0.6,35,173.9356203845246,140.1594185845705,209.1393543177947
benchmark,harmonic_fold,0.0,0.8,35,208.6524276570811,179.2236420095772,237.96342043407037
benchmark,harmonic_fold,0.0,1.0,35,201.74843638244735,177.92336843836821,224.25241849238748
benchmark,harmonic_fold,0.0,1.2,35,177.90178822345774,157.9781970018618,196.75468888054402
benchmark,harmonic_fold,0.25,0.4,35,73.9822504320516,54.69013567063315,95.26112171229919
benchmark,harmonic_fold,0.25,0.6,35,122.77808497731151,98.94436085165773,148.07284257566445
benchmark,harmonic_fold,0.25,0.8,35,158.97327821491893,136.2116067583838,181.47205040219475
benchmark,harmonic_fold,0.25,1.0,35,161.39874910595785,141.74628737254199,179.35195830784488
benchmark,harmonic_fold,0.25,1.2,35,147.22906611596505,130.51072495131544,162.86255662514594
benchmark,harmonic_fold,0.5,0.4,35,53.43162531203725,39.758850776256494,68.88689043061966
benchmark,harmonic_fold,0.5,0.6,35,94.87397475519525,76.820141159521,114.48286049803976
benchmark,harmonic_fold,0.5,0.8,35,128.40149394281917,110.22839970867726,146.3184323596981
benchmark,harmonic_fold,0.5,1.0,35,134.49895758829825,118.79497912895461,149.47772582998357
benchmark,harmonic_fold,0.5,1.2,35,125.57773286361721,111.44067702606594,139.07309717599506
benchmark,harmonic_fold,1.0,0.4,35,34.34890198630967,25.68191452171453,44.166217655343274
benchmark,harmonic_fold,1.0,0.6,35,65.22585764419672,52.36186838977307,78.49369787148453
benchmark,harmonic_fold,1.0,0.8,35,92.73441229203604,79.8047545503858,105.9367446603683
benchmark,harmonic_fold,1.0,1.0,35,100.87421819122368,89.08703038738038,112.12264248786461
benchmark,harmonic_fold,1.0,1.2,35,97.03733903097692,86.4541796637263,107.27150283665685
benchmark,ssvepformer,0.0,0.4,35,131.08182457139907,97.4590666294097,167.48114406004174
benchmark,ssvepformer,0.0,0.6,35,159.45191722006146,127.41044526016759,192.63741243007055
benchmark,ssvepformer,0.0,0.8,35,189.96955009251022,161.2417741088335,219.80244320953446
benchmark,ssvepformer,0.0,1.0,35,184.3052618535661,160.25010520076165,207.46967007637951
benchmark,ssvepformer,0.0,1.2,35,162.6358421859008,142.09617084481394,182.11560944795661
benchmark,ssvepformer,0.25,0.4,35,80.66573819778404,59.973034335307446,104.28774908713358
benchmark,ssvepformer,0.25,0.6,35,112.55429450827867,90.03473688737601,135.9350752150478
benchmark,ssvepformer,0.25,0.8,35,144.73870483238875,122.0489385665726,166.89106542511976
benchmark,ssvepformer,0.25,1.0,35,147.44420948285293,127.6845756249886,166.07089139625452
benchmark,ssvepformer,0.25,1.2,35,134.5951797400558,117.79553127751348,150.71085608361264
benchmark,ssvepformer,0.5,0.4,35,58.258588698399585,43.62485026465452,74.9199723909314
benchmark,ssvepformer,0.5,0.6,35,86.9737730291244,69.70807424630257,105.19812776193227
benchmark,ssvepformer,0.5,0.8,35,116.90433851846784,98.65747600526262,135.3414290807184
benchmark,ssvepformer,0.5,1.0,35,122.87017456904408,106.68297647321499,138.4122996990793
benchmark,ssvepformer,0.5,1.2,35,114.80177095475351,100.22307169002438,128.33543929734157
benchmark,ssvepformer,1.0,0.4,35,37.45194987754259,27.754486975833988,48.15650661290494
benchmark,ssvepformer,1.0,0.6,35,59.79446895752304,47.81537107359537,72.57489448795769
benchmark,ssvepformer,1.0,0.8,35,84.43091115222677,70.91632198919554,97.78682883638653
benchmark,ssvepformer,1.0,1.0,35,92.15263092678305,79.96345241366083,103.91936067839495
benchmark,ssvepformer,1.0,1.2,35,88.7104593741277,77.73706736976723,99.31600056038057
beta,harmonic_fold,0.0,0.4,70,106.41287925726492,87.67497267250701,126.01750558572047
beta,harmonic_fold,0.0,0.6,70,146.12011597811028,124.16328310394859,168.73674301085353
beta,harmonic_fold,0.0,0.8,70,159.5717035075317,138.51296501659132,180.08552027489728
beta,harmonic_fold,0.0,1.0,70,156.05073660763006,138.23544585135878,173.3239252512447
beta,harmonic_fold,0.0,1.2,70,146.64604671214124,131.09340932481672,161.97778539356855
beta,harmonic_fold,0.0,1.5,70,128.9594417554721,116.3264820546481,141.0069433828291
beta,harmonic_fold,0.25,0.4,70,65.48484877370149,53.6621336814073,77.68198412980064
beta,harmonic_fold,0.25,0.6,70,103.14361127866606,87.42609313948833,118.94543595824126
beta,harmonic_fold,0.25,0.8,70,121.57844076764317,105.5331141938353,137.83169422823107
beta,harmonic_fold,0.25,1.0,70,124.84058928610403,110.58899213480133,138.8517657564232
beta,harmonic_fold,0.25,1.2,70,121.36224555487549,108.45142350223931,133.8535597105546
beta,harmonic_fold,0.25,1.5,70,110.53666436183325,99.87836676202474,121.33515044019555
beta,harmonic_fold,0.5,0.4,70,47.29461300322885,38.96231762385339,55.959366208026
beta,harmonic_fold,0.5,0.6,70,79.7018814426056,67.83610857520095,91.82241827630625
beta,harmonic_fold,0.5,0.8,70,98.19797138925027,85.47070944697658,110.89705748728373
beta,harmonic_fold,0.5,1.0,70,104.0338244050867,92.33576825861397,115.73739885506443
beta,harmonic_fold,0.5,1.2,70,103.5148565026879,92.50152603940523,114.25273363197009
beta,harmonic_fold,0.5,1.5,70,96.71958131660409,87.38221512188954,105.83796110780028
beta,harmonic_fold,1.0,0.4,70,30.403679787789972,25.06187007974462,36.0541735370443
beta,harmonic_fold,1.0,0.6,70,54.79504349179134,46.652088861112524,63.25360822095531
beta,harmonic_fold,1.0,0.8,70,70.92075711445851,61.69315483317754,80.45663484065828
beta,harmonic_fold,1.0,1.0,70,78.02536830381503,69.20335625888158,86.89858816595806
beta,harmonic_fold,1.0,1.2,70,79.98875275207699,71.42920045225046,88.39059944990008
beta,harmonic_fold,1.0,1.5,70,77.37566505328327,69.96985797763155,84.75836670470872
beta,ssvepformer,0.0,0.4,70,124.41495399016235,101.93667214626663,147.3348332371644
beta,ssvepformer,0.0,0.6,70,147.03409503614753,123.59153364926738,171.44717815526442
beta,ssvepformer,0.0,0.8,70,147.87865799141048,127.51265949306067,169.23357980027146
beta,ssvepformer,0.0,1.0,70,138.27780658921648,120.4662114308741,156.52414981106148
beta,ssvepformer,0.0,1.2,70,125.29300237636687,110.26336787434278,140.10308839252966
beta,ssvepformer,0.0,1.5,70,107.8251876059969,95.6316860231469,119.67916647482744
beta,ssvepformer,0.25,0.4,70,76.56304860933068,63.16583382627139,90.69814910216984
beta,ssvepformer,0.25,0.6,70,103.78877296669236,87.6892190862756,120.64682813241676
beta,ssvepformer,0.25,0.8,70,112.66945370774127,97.06752540462715,128.53390981982577
beta,ssvepformer,0.25,1.0,70,110.62224527137319,96.68796553144499,124.92551497801234
beta,ssvepformer,0.25,1.2,70,103.69076058733806,91.38695527681473,116.51404202234666
beta,ssvepformer,0.25,1.5,70,92.42158937656879,82.3169485749607,102.59871644886553
beta,ssvepformer,0.5,0.4,70,55.29553510673882,45.586648533617456,65.2798601528402
beta,ssvepformer,0.5,0.6,70,80.20041547426224,67.42897257380476,93.43311232608315
beta,ssvepformer,0.5,0.8,70,91.00225107163719,78.22286958497891,103.91915002766201
beta,ssvepformer,0.5,1.0,70,92.18520439281102,80.44738001116392,104.08021500877148
beta,ssvepformer,0.5,1.2,70,88.44211932449424,77.90694238952415,98.78068082245396
beta,ssvepformer,0.5,1.5,70,80.86889070449769,71.81762029909454,89.95952411981658
beta,ssvepformer,1.0,0.4,70,35.54712971147496,29.312829473215015,42.23317490916238
beta,ssvepformer,1.0,0.6,70,55.13778563855531,46.38521388870697,64.16835878704966
beta,ssvepformer,1.0,0.8,70,65.72384799618243,56.59432181893847,74.93263144140505
beta,ssvepformer,1.0,1.0,70,69.13890329460824,60.40481480648376,78.06396552609677
beta,ssvepformer,1.0,1.2,70,68.34163765983646,60.209816498668175,76.61944174847929
beta,ssvepformer,1.0,1.5,70,64.69511256359814,57.296880294626014,71.7637819732114
