dataset,condition,window_s,participant,seed,balanced_accuracy
benchmark,harmonic_fold,0.4,1,20260929,0.35416666666666663
benchmark,harmonic_fold,0.4,2,20260929,0.4291666666666666
benchmark,harmonic_fold,0.4,3,20260929,0.7083333333333334
benchmark,harmonic_fold,0.4,4,20260929,0.39166666666666666
benchmark,harmonic_fold,0.4,5,20260929,0.2875
benchmark,harmonic_fold,0.4,6,20260929,0.29166666666666663
benchmark,harmonic_fold,0.4,7,20260929,0.2208333333333333
benchmark,harmonic_fold,0.4,8,20260929,0.15833333333333335
benchmark,harmonic_fold,0.4,9,20260929,0.29166666666666663
benchmark,harmonic_fold,0.4,10,20260929,0.3708333333333333
benchmark,harmonic_fold,0.4,11,20260929,0.041666666666666664
benchmark,harmonic_fold,0.4,12,20260929,0.12083333333333332
benchmark,harmonic_fold,0.4,13,20260929,0.09583333333333333
benchmark,harmonic_fold,0.4,14,20260929,0.20416666666666666
benchmark,harmonic_fold,0.4,15,20260929,0.2208333333333333
benchmark,harmonic_fold,0.4,16,20260929,0.25833333333333336
benchmark,harmonic_fold,0.4,17,20260929,0.29166666666666663
benchmark,harmonic_fold,0.4,18,20260929,0.5375
benchmark,harmonic_fold,0.4,19,20260929,0.08333333333333333
benchmark,harmonic_fold,0.4,20,20260929,0.29166666666666663
benchmark,harmonic_fold,0.4,21,20260929,0.2125
benchmark,harmonic_fold,0.4,22,20260929,0.4375
benchmark,harmonic_fold,0.4,23,20260929,0.15
benchmark,harmonic_fold,0.4,24,20260929,0.36666666666666664
benchmark,harmonic_fold,0.4,25,20260929,0.25
benchmark,harmonic_fold,0.4,26,20260929,0.3333333333333333
benchmark,harmonic_fold,0.4,27,20260929,0.26666666666666666
benchmark,harmonic_fold,0.4,28,20260929,0.5583333333333333
benchmark,harmonic_fold,0.4,29,20260929,0.11666666666666665
benchmark,harmonic_fold,0.4,30,20260929,0.2583333333333333
benchmark,harmonic_fold,0.4,31,20260929,0.3708333333333333
benchmark,harmonic_fold,0.4,32,20260929,0.6625
benchmark,harmonic_fold,0.4,33,20260929,0.2
benchmark,harmonic_fold,0.4,34,20260929,0.4833333333333334
benchmark,harmonic_fold,0.4,35,20260929,0.13333333333333333
benchmark,harmonic_fold,0.4,1,20260930,0.39166666666666666
benchmark,harmonic_fold,0.4,2,20260930,0.4125
benchmark,harmonic_fold,0.4,3,20260930,0.6708333333333333
benchmark,harmonic_fold,0.4,4,20260930,0.4458333333333334
benchmark,harmonic_fold,0.4,5,20260930,0.2791666666666667
benchmark,harmonic_fold,0.4,6,20260930,0.31666666666666665
benchmark,harmonic_fold,0.4,7,20260930,0.2333333333333333
benchmark,harmonic_fold,0.4,8,20260930,0.1875
benchmark,harmonic_fold,0.4,9,20260930,0.3
benchmark,harmonic_fold,0.4,10,20260930,0.39583333333333337
benchmark,harmonic_fold,0.4,11,20260930,0.0375
benchmark,harmonic_fold,0.4,12,20260930,0.09583333333333333
benchmark,harmonic_fold,0.4,13,20260930,0.14583333333333331
benchmark,harmonic_fold,0.4,14,20260930,0.20416666666666666
benchmark,harmonic_fold,0.4,15,20260930,0.2208333333333333
benchmark,harmonic_fold,0.4,16,20260930,0.2333333333333333
benchmark,harmonic_fold,0.4,17,20260930,0.2958333333333333
benchmark,harmonic_fold,0.4,18,20260930,0.4875
benchmark,harmonic_fold,0.4,19,20260930,0.07499999999999998
benchmark,harmonic_fold,0.4,20,20260930,0.29166666666666663
benchmark,harmonic_fold,0.4,21,20260930,0.2541666666666666
benchmark,harmonic_fold,0.4,22,20260930,0.4041666666666666
benchmark,harmonic_fold,0.4,23,20260930,0.16666666666666669
benchmark,harmonic_fold,0.4,24,20260930,0.3
benchmark,harmonic_fold,0.4,25,20260930,0.2583333333333333
benchmark,harmonic_fold,0.4,26,20260930,0.3208333333333333
benchmark,harmonic_fold,0.4,27,20260930,0.24999999999999994
benchmark,harmonic_fold,0.4,28,20260930,0.55
benchmark,harmonic_fold,0.4,29,20260930,0.11666666666666667
benchmark,harmonic_fold,0.4,30,20260930,0.2416666666666667
benchmark,harmonic_fold,0.4,31,20260930,0.2875
benchmark,harmonic_fold,0.4,32,20260930,0.6583333333333334
benchmark,harmonic_fold,0.4,33,20260930,0.17916666666666664
benchmark,harmonic_fold,0.4,34,20260930,0.4333333333333333
benchmark,harmonic_fold,0.4,35,20260930,0.12083333333333332
benchmark,harmonic_fold,0.4,1,20260931,0.3833333333333333
benchmark,harmonic_fold,0.4,2,20260931,0.4041666666666666
benchmark,harmonic_fold,0.4,3,20260931,0.675
benchmark,harmonic_fold,0.4,4,20260931,0.4333333333333333
benchmark,harmonic_fold,0.4,5,20260931,0.2583333333333333
benchmark,harmonic_fold,0.4,6,20260931,0.20833333333333331
benchmark,harmonic_fold,0.4,7,20260931,0.2333333333333333
benchmark,harmonic_fold,0.4,8,20260931,0.14166666666666666
benchmark,harmonic_fold,0.4,9,20260931,0.2583333333333333
benchmark,harmonic_fold,0.4,10,20260931,0.3458333333333333
benchmark,harmonic_fold,0.4,11,20260931,0.03333333333333333
benchmark,harmonic_fold,0.4,12,20260931,0.12083333333333332
benchmark,harmonic_fold,0.4,13,20260931,0.07499999999999998
benchmark,harmonic_fold,0.4,14,20260931,0.12083333333333332
benchmark,harmonic_fold,0.4,15,20260931,0.2208333333333333
benchmark,harmonic_fold,0.4,16,20260931,0.25416666666666665
benchmark,harmonic_fold,0.4,17,20260931,0.24583333333333335
benchmark,harmonic_fold,0.4,18,20260931,0.525
benchmark,harmonic_fold,0.4,19,20260931,0.07499999999999998
benchmark,harmonic_fold,0.4,20,20260931,0.29166666666666663
benchmark,harmonic_fold,0.4,21,20260931,0.2583333333333333
benchmark,harmonic_fold,0.4,22,20260931,0.5541666666666666
benchmark,harmonic_fold,0.4,23,20260931,0.11666666666666665
benchmark,harmonic_fold,0.4,24,20260931,0.3833333333333333
benchmark,harmonic_fold,0.4,25,20260931,0.2333333333333333
benchmark,harmonic_fold,0.4,26,20260931,0.3083333333333333
benchmark,harmonic_fold,0.4,27,20260931,0.2208333333333333
benchmark,harmonic_fold,0.4,28,20260931,0.5041666666666667
benchmark,harmonic_fold,0.4,29,20260931,0.11666666666666665
benchmark,harmonic_fold,0.4,30,20260931,0.29166666666666663
benchmark,harmonic_fold,0.4,31,20260931,0.3708333333333333
benchmark,harmonic_fold,0.4,32,20260931,0.65
benchmark,harmonic_fold,0.4,33,20260931,0.20833333333333331
benchmark,harmonic_fold,0.4,34,20260931,0.4666666666666666
benchmark,harmonic_fold,0.4,35,20260931,0.175
benchmark,mtsnet,0.4,1,20260929,0.4833333333333333
benchmark,mtsnet,0.4,2,20260929,0.5125
benchmark,mtsnet,0.4,3,20260929,0.7916666666666667
benchmark,mtsnet,0.4,4,20260929,0.30416666666666664
benchmark,mtsnet,0.4,5,20260929,0.3958333333333333
benchmark,mtsnet,0.4,6,20260929,0.4708333333333334
benchmark,mtsnet,0.4,7,20260929,0.2708333333333333
benchmark,mtsnet,0.4,8,20260929,0.2791666666666667
benchmark,mtsnet,0.4,9,20260929,0.3708333333333333
benchmark,mtsnet,0.4,10,20260929,0.5083333333333334
benchmark,mtsnet,0.4,11,20260929,0.07916666666666666
benchmark,mtsnet,0.4,12,20260929,0.16666666666666666
benchmark,mtsnet,0.4,13,20260929,0.1125
benchmark,mtsnet,0.4,14,20260929,0.20416666666666666
benchmark,mtsnet,0.4,15,20260929,0.2833333333333333
benchmark,mtsnet,0.4,16,20260929,0.2958333333333333
benchmark,mtsnet,0.4,17,20260929,0.26666666666666666
benchmark,mtsnet,0.4,18,20260929,0.675
benchmark,mtsnet,0.4,19,20260929,0.1625
benchmark,mtsnet,0.4,20,20260929,0.425
benchmark,mtsnet,0.4,21,20260929,0.29166666666666663
benchmark,mtsnet,0.4,22,20260929,0.4333333333333334
benchmark,mtsnet,0.4,23,20260929,0.1375
benchmark,mtsnet,0.4,24,20260929,0.4375
benchmark,mtsnet,0.4,25,20260929,0.2875
benchmark,mtsnet,0.4,26,20260929,0.3625
benchmark,mtsnet,0.4,27,20260929,0.3083333333333333
benchmark,mtsnet,0.4,28,20260929,0.5583333333333333
benchmark,mtsnet,0.4,29,20260929,0.125
benchmark,mtsnet,0.4,30,20260929,0.4458333333333333
benchmark,mtsnet,0.4,31,20260929,0.4916666666666667
benchmark,mtsnet,0.4,32,20260929,0.7916666666666666
benchmark,mtsnet,0.4,33,20260929,0.17083333333333334
benchmark,mtsnet,0.4,34,20260929,0.47916666666666663
benchmark,mtsnet,0.4,35,20260929,0.25
benchmark,mtsnet,0.4,1,20260930,0.5291666666666666
benchmark,mtsnet,0.4,2,20260930,0.5375
benchmark,mtsnet,0.4,3,20260930,0.8375
benchmark,mtsnet,0.4,4,20260930,0.3833333333333333
benchmark,mtsnet,0.4,5,20260930,0.4083333333333334
benchmark,mtsnet,0.4,6,20260930,0.475
benchmark,mtsnet,0.4,7,20260930,0.2458333333333333
benchmark,mtsnet,0.4,8,20260930,0.2833333333333333
benchmark,mtsnet,0.4,9,20260930,0.35
benchmark,mtsnet,0.4,10,20260930,0.5583333333333333
benchmark,mtsnet,0.4,11,20260930,0.06666666666666665
benchmark,mtsnet,0.4,12,20260930,0.17916666666666664
benchmark,mtsnet,0.4,13,20260930,0.12916666666666665
benchmark,mtsnet,0.4,14,20260930,0.19166666666666665
benchmark,mtsnet,0.4,15,20260930,0.3083333333333333
benchmark,mtsnet,0.4,16,20260930,0.2625
benchmark,mtsnet,0.4,17,20260930,0.29166666666666663
benchmark,mtsnet,0.4,18,20260930,0.6916666666666667
benchmark,mtsnet,0.4,19,20260930,0.16249999999999998
benchmark,mtsnet,0.4,20,20260930,0.4291666666666666
benchmark,mtsnet,0.4,21,20260930,0.2458333333333333
benchmark,mtsnet,0.4,22,20260930,0.5
benchmark,mtsnet,0.4,23,20260930,0.175
benchmark,mtsnet,0.4,24,20260930,0.4708333333333333
benchmark,mtsnet,0.4,25,20260930,0.2958333333333333
benchmark,mtsnet,0.4,26,20260930,0.3875
benchmark,mtsnet,0.4,27,20260930,0.33333333333333337
benchmark,mtsnet,0.4,28,20260930,0.525
benchmark,mtsnet,0.4,29,20260930,0.1375
benchmark,mtsnet,0.4,30,20260930,0.4291666666666666
benchmark,mtsnet,0.4,31,20260930,0.475
benchmark,mtsnet,0.4,32,20260930,0.7708333333333334
benchmark,mtsnet,0.4,33,20260930,0.2
benchmark,mtsnet,0.4,34,20260930,0.5541666666666666
benchmark,mtsnet,0.4,35,20260930,0.2625
benchmark,mtsnet,0.4,1,20260931,0.4875
benchmark,mtsnet,0.4,2,20260931,0.5416666666666666
benchmark,mtsnet,0.4,3,20260931,0.825
benchmark,mtsnet,0.4,4,20260931,0.31666666666666665
benchmark,mtsnet,0.4,5,20260931,0.3833333333333333
benchmark,mtsnet,0.4,6,20260931,0.4666666666666666
benchmark,mtsnet,0.4,7,20260931,0.24166666666666664
benchmark,mtsnet,0.4,8,20260931,0.2625
benchmark,mtsnet,0.4,9,20260931,0.35416666666666663
benchmark,mtsnet,0.4,10,20260931,0.5625
benchmark,mtsnet,0.4,11,20260931,0.0875
benchmark,mtsnet,0.4,12,20260931,0.19166666666666665
benchmark,mtsnet,0.4,13,20260931,0.13333333333333333
benchmark,mtsnet,0.4,14,20260931,0.225
benchmark,mtsnet,0.4,15,20260931,0.3291666666666666
benchmark,mtsnet,0.4,16,20260931,0.25
benchmark,mtsnet,0.4,17,20260931,0.26666666666666666
benchmark,mtsnet,0.4,18,20260931,0.6458333333333334
benchmark,mtsnet,0.4,19,20260931,0.17083333333333334
benchmark,mtsnet,0.4,20,20260931,0.4166666666666667
benchmark,mtsnet,0.4,21,20260931,0.2833333333333333
benchmark,mtsnet,0.4,22,20260931,0.4541666666666666
benchmark,mtsnet,0.4,23,20260931,0.175
benchmark,mtsnet,0.4,24,20260931,0.4875
benchmark,mtsnet,0.4,25,20260931,0.2208333333333333
benchmark,mtsnet,0.4,26,20260931,0.4375
benchmark,mtsnet,0.4,27,20260931,0.3125
benchmark,mtsnet,0.4,28,20260931,0.5416666666666667
benchmark,mtsnet,0.4,29,20260931,0.12083333333333332
benchmark,mtsnet,0.4,30,20260931,0.4666666666666666
benchmark,mtsnet,0.4,31,20260931,0.5416666666666666
benchmark,mtsnet,0.4,32,20260931,0.7875
benchmark,mtsnet,0.4,33,20260931,0.175
benchmark,mtsnet,0.4,34,20260931,0.4958333333333334
benchmark,mtsnet,0.4,35,20260931,0.2625
benchmark,harmonic_fold,0.8,1,20260929,0.6875
benchmark,harmonic_fold,0.8,2,20260929,0.8708333333333332
benchmark,harmonic_fold,0.8,3,20260929,0.9833333333333334
benchmark,harmonic_fold,0.8,4,20260929,0.825
benchmark,harmonic_fold,0.8,5,20260929,0.85
benchmark,harmonic_fold,0.8,6,20260929,0.8875
benchmark,harmonic_fold,0.8,7,20260929,0.575
benchmark,harmonic_fold,0.8,8,20260929,0.575
benchmark,harmonic_fold,0.8,9,20260929,0.6458333333333333
benchmark,harmonic_fold,0.8,10,20260929,0.8416666666666666
benchmark,harmonic_fold,0.8,11,20260929,0.12916666666666665
benchmark,harmonic_fold,0.8,12,20260929,0.47916666666666663
benchmark,harmonic_fold,0.8,13,20260929,0.5291666666666666
benchmark,harmonic_fold,0.8,14,20260929,0.4291666666666667
benchmark,harmonic_fold,0.8,15,20260929,0.6041666666666667
benchmark,harmonic_fold,0.8,16,20260929,0.5791666666666666
benchmark,harmonic_fold,0.8,17,20260929,0.7375
benchmark,harmonic_fold,0.8,18,20260929,0.7666666666666666
benchmark,harmonic_fold,0.8,19,20260929,0.3416666666666666
benchmark,harmonic_fold,0.8,20,20260929,0.7833333333333333
benchmark,harmonic_fold,0.8,21,20260929,0.65
benchmark,harmonic_fold,0.8,22,20260929,0.8666666666666666
benchmark,harmonic_fold,0.8,23,20260929,0.4166666666666667
benchmark,harmonic_fold,0.8,24,20260929,0.8458333333333332
benchmark,harmonic_fold,0.8,25,20260929,0.7
benchmark,harmonic_fold,0.8,26,20260929,0.7541666666666667
benchmark,harmonic_fold,0.8,27,20260929,0.6625
benchmark,harmonic_fold,0.8,28,20260929,0.8916666666666668
benchmark,harmonic_fold,0.8,29,20260929,0.29166666666666663
benchmark,harmonic_fold,0.8,30,20260929,0.7416666666666667
benchmark,harmonic_fold,0.8,31,20260929,0.8166666666666668
benchmark,harmonic_fold,0.8,32,20260929,0.9583333333333334
benchmark,harmonic_fold,0.8,33,20260929,0.3875
benchmark,harmonic_fold,0.8,34,20260929,0.8
benchmark,harmonic_fold,0.8,35,20260929,0.525
benchmark,harmonic_fold,0.8,1,20260930,0.7166666666666667
benchmark,harmonic_fold,0.8,2,20260930,0.8583333333333334
benchmark,harmonic_fold,0.8,3,20260930,0.975
benchmark,harmonic_fold,0.8,4,20260930,0.8208333333333334
benchmark,harmonic_fold,0.8,5,20260930,0.8166666666666668
benchmark,harmonic_fold,0.8,6,20260930,0.8791666666666668
benchmark,harmonic_fold,0.8,7,20260930,0.6083333333333334
benchmark,harmonic_fold,0.8,8,20260930,0.6291666666666667
benchmark,harmonic_fold,0.8,9,20260930,0.6541666666666667
benchmark,harmonic_fold,0.8,10,20260930,0.8625
benchmark,harmonic_fold,0.8,11,20260930,0.11666666666666665
benchmark,harmonic_fold,0.8,12,20260930,0.4458333333333333
benchmark,harmonic_fold,0.8,13,20260930,0.525
benchmark,harmonic_fold,0.8,14,20260930,0.4958333333333334
benchmark,harmonic_fold,0.8,15,20260930,0.5916666666666666
benchmark,harmonic_fold,0.8,16,20260930,0.5625
benchmark,harmonic_fold,0.8,17,20260930,0.6874999999999999
benchmark,harmonic_fold,0.8,18,20260930,0.7333333333333334
benchmark,harmonic_fold,0.8,19,20260930,0.37916666666666665
benchmark,harmonic_fold,0.8,20,20260930,0.7666666666666666
benchmark,harmonic_fold,0.8,21,20260930,0.7083333333333334
benchmark,harmonic_fold,0.8,22,20260930,0.8666666666666668
benchmark,harmonic_fold,0.8,23,20260930,0.4291666666666666
benchmark,harmonic_fold,0.8,24,20260930,0.7416666666666666
benchmark,harmonic_fold,0.8,25,20260930,0.7458333333333333
benchmark,harmonic_fold,0.8,26,20260930,0.7208333333333334
benchmark,harmonic_fold,0.8,27,20260930,0.5791666666666666
benchmark,harmonic_fold,0.8,28,20260930,0.9083333333333334
benchmark,harmonic_fold,0.8,29,20260930,0.3166666666666666
benchmark,harmonic_fold,0.8,30,20260930,0.7458333333333333
benchmark,harmonic_fold,0.8,31,20260930,0.7791666666666666
benchmark,harmonic_fold,0.8,32,20260930,0.95
benchmark,harmonic_fold,0.8,33,20260930,0.36666666666666664
benchmark,harmonic_fold,0.8,34,20260930,0.8083333333333333
benchmark,harmonic_fold,0.8,35,20260930,0.5791666666666666
benchmark,harmonic_fold,0.8,1,20260931,0.6833333333333333
benchmark,harmonic_fold,0.8,2,20260931,0.825
benchmark,harmonic_fold,0.8,3,20260931,0.975
benchmark,harmonic_fold,0.8,4,20260931,0.8333333333333334
benchmark,harmonic_fold,0.8,5,20260931,0.825
benchmark,harmonic_fold,0.8,6,20260931,0.8833333333333334
benchmark,harmonic_fold,0.8,7,20260931,0.5791666666666667
benchmark,harmonic_fold,0.8,8,20260931,0.47916666666666663
benchmark,harmonic_fold,0.8,9,20260931,0.6375
benchmark,harmonic_fold,0.8,10,20260931,0.8208333333333334
benchmark,harmonic_fold,0.8,11,20260931,0.09583333333333333
benchmark,harmonic_fold,0.8,12,20260931,0.4541666666666667
benchmark,harmonic_fold,0.8,13,20260931,0.5
benchmark,harmonic_fold,0.8,14,20260931,0.36666666666666664
benchmark,harmonic_fold,0.8,15,20260931,0.6333333333333333
benchmark,harmonic_fold,0.8,16,20260931,0.6041666666666666
benchmark,harmonic_fold,0.8,17,20260931,0.6416666666666668
benchmark,harmonic_fold,0.8,18,20260931,0.7791666666666666
benchmark,harmonic_fold,0.8,19,20260931,0.4083333333333333
benchmark,harmonic_fold,0.8,20,20260931,0.8166666666666668
benchmark,harmonic_fold,0.8,21,20260931,0.7291666666666667
benchmark,harmonic_fold,0.8,22,20260931,0.9083333333333334
benchmark,harmonic_fold,0.8,23,20260931,0.3416666666666667
benchmark,harmonic_fold,0.8,24,20260931,0.7958333333333332
benchmark,harmonic_fold,0.8,25,20260931,0.7375
benchmark,harmonic_fold,0.8,26,20260931,0.7708333333333334
benchmark,harmonic_fold,0.8,27,20260931,0.6208333333333333
benchmark,harmonic_fold,0.8,28,20260931,0.8708333333333332
benchmark,harmonic_fold,0.8,29,20260931,0.3666666666666666
benchmark,harmonic_fold,0.8,30,20260931,0.7666666666666667
benchmark,harmonic_fold,0.8,31,20260931,0.8166666666666668
benchmark,harmonic_fold,0.8,32,20260931,0.9708333333333334
benchmark,harmonic_fold,0.8,33,20260931,0.3916666666666666
benchmark,harmonic_fold,0.8,34,20260931,0.7791666666666667
benchmark,harmonic_fold,0.8,35,20260931,0.5625
benchmark,mtsnet,0.8,1,20260929,0.7208333333333334
benchmark,mtsnet,0.8,2,20260929,0.75
benchmark,mtsnet,0.8,3,20260929,0.9791666666666666
benchmark,mtsnet,0.8,4,20260929,0.65
benchmark,mtsnet,0.8,5,20260929,0.7833333333333334
benchmark,mtsnet,0.8,6,20260929,0.8083333333333333
benchmark,mtsnet,0.8,7,20260929,0.65
benchmark,mtsnet,0.8,8,20260929,0.5125
benchmark,mtsnet,0.8,9,20260929,0.6291666666666667
benchmark,mtsnet,0.8,10,20260929,0.825
benchmark,mtsnet,0.8,11,20260929,0.12083333333333332
benchmark,mtsnet,0.8,12,20260929,0.5416666666666666
benchmark,mtsnet,0.8,13,20260929,0.3833333333333333
benchmark,mtsnet,0.8,14,20260929,0.5583333333333333
benchmark,mtsnet,0.8,15,20260929,0.5916666666666667
benchmark,mtsnet,0.8,16,20260929,0.5916666666666666
benchmark,mtsnet,0.8,17,20260929,0.575
benchmark,mtsnet,0.8,18,20260929,0.7875000000000001
benchmark,mtsnet,0.8,19,20260929,0.39999999999999997
benchmark,mtsnet,0.8,20,20260929,0.8125
benchmark,mtsnet,0.8,21,20260929,0.6541666666666667
benchmark,mtsnet,0.8,22,20260929,0.7625
benchmark,mtsnet,0.8,23,20260929,0.3375
benchmark,mtsnet,0.8,24,20260929,0.7958333333333334
benchmark,mtsnet,0.8,25,20260929,0.6958333333333334
benchmark,mtsnet,0.8,26,20260929,0.7791666666666666
benchmark,mtsnet,0.8,27,20260929,0.7541666666666667
benchmark,mtsnet,0.8,28,20260929,0.8708333333333333
benchmark,mtsnet,0.8,29,20260929,0.35
benchmark,mtsnet,0.8,30,20260929,0.7666666666666666
benchmark,mtsnet,0.8,31,20260929,0.85
benchmark,mtsnet,0.8,32,20260929,0.9791666666666667
benchmark,mtsnet,0.8,33,20260929,0.2791666666666667
benchmark,mtsnet,0.8,34,20260929,0.8083333333333333
benchmark,mtsnet,0.8,35,20260929,0.5875
benchmark,mtsnet,0.8,1,20260930,0.7875
benchmark,mtsnet,0.8,2,20260930,0.7541666666666667
benchmark,mtsnet,0.8,3,20260930,0.9875
benchmark,mtsnet,0.8,4,20260930,0.6791666666666667
benchmark,mtsnet,0.8,5,20260930,0.8333333333333334
benchmark,mtsnet,0.8,6,20260930,0.8041666666666668
benchmark,mtsnet,0.8,7,20260930,0.7
benchmark,mtsnet,0.8,8,20260930,0.5333333333333333
benchmark,mtsnet,0.8,9,20260930,0.6875
benchmark,mtsnet,0.8,10,20260930,0.8541666666666667
benchmark,mtsnet,0.8,11,20260930,0.13333333333333333
benchmark,mtsnet,0.8,12,20260930,0.4916666666666666
benchmark,mtsnet,0.8,13,20260930,0.37083333333333335
benchmark,mtsnet,0.8,14,20260930,0.6041666666666666
benchmark,mtsnet,0.8,15,20260930,0.6083333333333334
benchmark,mtsnet,0.8,16,20260930,0.5958333333333334
benchmark,mtsnet,0.8,17,20260930,0.6083333333333333
benchmark,mtsnet,0.8,18,20260930,0.8208333333333332
benchmark,mtsnet,0.8,19,20260930,0.4333333333333334
benchmark,mtsnet,0.8,20,20260930,0.8208333333333334
benchmark,mtsnet,0.8,21,20260930,0.625
benchmark,mtsnet,0.8,22,20260930,0.7291666666666666
benchmark,mtsnet,0.8,23,20260930,0.4083333333333333
benchmark,mtsnet,0.8,24,20260930,0.8166666666666668
benchmark,mtsnet,0.8,25,20260930,0.7291666666666666
benchmark,mtsnet,0.8,26,20260930,0.7708333333333333
benchmark,mtsnet,0.8,27,20260930,0.7708333333333333
benchmark,mtsnet,0.8,28,20260930,0.8291666666666668
benchmark,mtsnet,0.8,29,20260930,0.35
benchmark,mtsnet,0.8,30,20260930,0.7416666666666666
benchmark,mtsnet,0.8,31,20260930,0.8791666666666668
benchmark,mtsnet,0.8,32,20260930,0.975
benchmark,mtsnet,0.8,33,20260930,0.2958333333333333
benchmark,mtsnet,0.8,34,20260930,0.8125
benchmark,mtsnet,0.8,35,20260930,0.65
benchmark,mtsnet,0.8,1,20260931,0.775
benchmark,mtsnet,0.8,2,20260931,0.7166666666666667
benchmark,mtsnet,0.8,3,20260931,0.9791666666666667
benchmark,mtsnet,0.8,4,20260931,0.6416666666666666
benchmark,mtsnet,0.8,5,20260931,0.8125
benchmark,mtsnet,0.8,6,20260931,0.7874999999999999
benchmark,mtsnet,0.8,7,20260931,0.6625
benchmark,mtsnet,0.8,8,20260931,0.5125
benchmark,mtsnet,0.8,9,20260931,0.6666666666666666
benchmark,mtsnet,0.8,10,20260931,0.8291666666666668
benchmark,mtsnet,0.8,11,20260931,0.1125
benchmark,mtsnet,0.8,12,20260931,0.55
benchmark,mtsnet,0.8,13,20260931,0.3375
benchmark,mtsnet,0.8,14,20260931,0.6041666666666666
benchmark,mtsnet,0.8,15,20260931,0.6125
benchmark,mtsnet,0.8,16,20260931,0.55
benchmark,mtsnet,0.8,17,20260931,0.6041666666666666
benchmark,mtsnet,0.8,18,20260931,0.8
benchmark,mtsnet,0.8,19,20260931,0.4208333333333333
benchmark,mtsnet,0.8,20,20260931,0.7791666666666668
benchmark,mtsnet,0.8,21,20260931,0.6791666666666666
benchmark,mtsnet,0.8,22,20260931,0.7333333333333333
benchmark,mtsnet,0.8,23,20260931,0.3708333333333333
benchmark,mtsnet,0.8,24,20260931,0.8291666666666668
benchmark,mtsnet,0.8,25,20260931,0.7
benchmark,mtsnet,0.8,26,20260931,0.7208333333333334
benchmark,mtsnet,0.8,27,20260931,0.7083333333333333
benchmark,mtsnet,0.8,28,20260931,0.8166666666666667
benchmark,mtsnet,0.8,29,20260931,0.3416666666666666
benchmark,mtsnet,0.8,30,20260931,0.7
benchmark,mtsnet,0.8,31,20260931,0.875
benchmark,mtsnet,0.8,32,20260931,0.9708333333333334
benchmark,mtsnet,0.8,33,20260931,0.3083333333333333
benchmark,mtsnet,0.8,34,20260931,0.8041666666666666
benchmark,mtsnet,0.8,35,20260931,0.575
benchmark,harmonic_fold,1.2,1,20260929,0.7375
benchmark,harmonic_fold,1.2,2,20260929,0.9458333333333334
benchmark,harmonic_fold,1.2,3,20260929,0.9916666666666668
benchmark,harmonic_fold,1.2,4,20260929,0.8583333333333332
benchmark,harmonic_fold,1.2,5,20260929,0.9291666666666666
benchmark,harmonic_fold,1.2,6,20260929,0.9625
benchmark,harmonic_fold,1.2,7,20260929,0.8083333333333333
benchmark,harmonic_fold,1.2,8,20260929,0.7625
benchmark,harmonic_fold,1.2,9,20260929,0.7583333333333333
benchmark,harmonic_fold,1.2,10,20260929,0.9041666666666668
benchmark,harmonic_fold,1.2,11,20260929,0.20833333333333331
benchmark,harmonic_fold,1.2,12,20260929,0.6916666666666667
benchmark,harmonic_fold,1.2,13,20260929,0.725
benchmark,harmonic_fold,1.2,14,20260929,0.475
benchmark,harmonic_fold,1.2,15,20260929,0.7916666666666667
benchmark,harmonic_fold,1.2,16,20260929,0.7541666666666667
benchmark,harmonic_fold,1.2,17,20260929,0.7666666666666667
benchmark,harmonic_fold,1.2,18,20260929,0.8041666666666668
benchmark,harmonic_fold,1.2,19,20260929,0.6208333333333333
benchmark,harmonic_fold,1.2,20,20260929,0.9625
benchmark,harmonic_fold,1.2,21,20260929,0.8083333333333333
benchmark,harmonic_fold,1.2,22,20260929,0.9375
benchmark,harmonic_fold,1.2,23,20260929,0.475
benchmark,harmonic_fold,1.2,24,20260929,0.875
benchmark,harmonic_fold,1.2,25,20260929,0.8875
benchmark,harmonic_fold,1.2,26,20260929,0.9
benchmark,harmonic_fold,1.2,27,20260929,0.725
benchmark,harmonic_fold,1.2,28,20260929,0.9666666666666668
benchmark,harmonic_fold,1.2,29,20260929,0.525
benchmark,harmonic_fold,1.2,30,20260929,0.8916666666666668
benchmark,harmonic_fold,1.2,31,20260929,0.9291666666666666
benchmark,harmonic_fold,1.2,32,20260929,0.9958333333333333
benchmark,harmonic_fold,1.2,33,20260929,0.4625
benchmark,harmonic_fold,1.2,34,20260929,0.9208333333333334
benchmark,harmonic_fold,1.2,35,20260929,0.8083333333333333
benchmark,harmonic_fold,1.2,1,20260930,0.7625
benchmark,harmonic_fold,1.2,2,20260930,0.9541666666666668
benchmark,harmonic_fold,1.2,3,20260930,0.9916666666666668
benchmark,harmonic_fold,1.2,4,20260930,0.8583333333333334
benchmark,harmonic_fold,1.2,5,20260930,0.9291666666666668
benchmark,harmonic_fold,1.2,6,20260930,0.9291666666666668
benchmark,harmonic_fold,1.2,7,20260930,0.8208333333333332
benchmark,harmonic_fold,1.2,8,20260930,0.7666666666666668
benchmark,harmonic_fold,1.2,9,20260930,0.7583333333333333
benchmark,harmonic_fold,1.2,10,20260930,0.9208333333333332
benchmark,harmonic_fold,1.2,11,20260930,0.22916666666666666
benchmark,harmonic_fold,1.2,12,20260930,0.65
benchmark,harmonic_fold,1.2,13,20260930,0.7166666666666667
benchmark,harmonic_fold,1.2,14,20260930,0.5958333333333334
benchmark,harmonic_fold,1.2,15,20260930,0.8166666666666668
benchmark,harmonic_fold,1.2,16,20260930,0.8
benchmark,harmonic_fold,1.2,17,20260930,0.725
benchmark,harmonic_fold,1.2,18,20260930,0.7541666666666667
benchmark,harmonic_fold,1.2,19,20260930,0.6208333333333333
benchmark,harmonic_fold,1.2,20,20260930,0.925
benchmark,harmonic_fold,1.2,21,20260930,0.7958333333333333
benchmark,harmonic_fold,1.2,22,20260930,0.925
benchmark,harmonic_fold,1.2,23,20260930,0.5125
benchmark,harmonic_fold,1.2,24,20260930,0.8083333333333332
benchmark,harmonic_fold,1.2,25,20260930,0.9
benchmark,harmonic_fold,1.2,26,20260930,0.875
benchmark,harmonic_fold,1.2,27,20260930,0.625
benchmark,harmonic_fold,1.2,28,20260930,0.9708333333333332
benchmark,harmonic_fold,1.2,29,20260930,0.5125
benchmark,harmonic_fold,1.2,30,20260930,0.8916666666666668
benchmark,harmonic_fold,1.2,31,20260930,0.9083333333333332
benchmark,harmonic_fold,1.2,32,20260930,1.0
benchmark,harmonic_fold,1.2,33,20260930,0.4125
benchmark,harmonic_fold,1.2,34,20260930,0.9375
benchmark,harmonic_fold,1.2,35,20260930,0.7958333333333332
benchmark,harmonic_fold,1.2,1,20260931,0.675
benchmark,harmonic_fold,1.2,2,20260931,0.95
benchmark,harmonic_fold,1.2,3,20260931,0.9875
benchmark,harmonic_fold,1.2,4,20260931,0.8958333333333334
benchmark,harmonic_fold,1.2,5,20260931,0.95
benchmark,harmonic_fold,1.2,6,20260931,0.9416666666666668
benchmark,harmonic_fold,1.2,7,20260931,0.7708333333333334
benchmark,harmonic_fold,1.2,8,20260931,0.7375
benchmark,harmonic_fold,1.2,9,20260931,0.7291666666666666
benchmark,harmonic_fold,1.2,10,20260931,0.9208333333333334
benchmark,harmonic_fold,1.2,11,20260931,0.1875
benchmark,harmonic_fold,1.2,12,20260931,0.7166666666666666
benchmark,harmonic_fold,1.2,13,20260931,0.7208333333333334
benchmark,harmonic_fold,1.2,14,20260931,0.39999999999999997
benchmark,harmonic_fold,1.2,15,20260931,0.8333333333333333
benchmark,harmonic_fold,1.2,16,20260931,0.7333333333333333
benchmark,harmonic_fold,1.2,17,20260931,0.65
benchmark,harmonic_fold,1.2,18,20260931,0.7916666666666666
benchmark,harmonic_fold,1.2,19,20260931,0.5916666666666666
benchmark,harmonic_fold,1.2,20,20260931,0.9541666666666668
benchmark,harmonic_fold,1.2,21,20260931,0.9083333333333332
benchmark,harmonic_fold,1.2,22,20260931,0.9583333333333333
benchmark,harmonic_fold,1.2,23,20260931,0.3666666666666667
benchmark,harmonic_fold,1.2,24,20260931,0.8666666666666668
benchmark,harmonic_fold,1.2,25,20260931,0.8916666666666668
benchmark,harmonic_fold,1.2,26,20260931,0.8958333333333334
benchmark,harmonic_fold,1.2,27,20260931,0.6916666666666667
benchmark,harmonic_fold,1.2,28,20260931,0.9541666666666668
benchmark,harmonic_fold,1.2,29,20260931,0.5416666666666666
benchmark,harmonic_fold,1.2,30,20260931,0.8583333333333334
benchmark,harmonic_fold,1.2,31,20260931,0.925
benchmark,harmonic_fold,1.2,32,20260931,1.0
benchmark,harmonic_fold,1.2,33,20260931,0.5166666666666666
benchmark,harmonic_fold,1.2,34,20260931,0.9541666666666666
benchmark,harmonic_fold,1.2,35,20260931,0.7958333333333334
benchmark,mtsnet,1.2,1,20260929,0.8625
benchmark,mtsnet,1.2,2,20260929,0.8583333333333332
benchmark,mtsnet,1.2,3,20260929,0.9833333333333334
benchmark,mtsnet,1.2,4,20260929,0.7583333333333334
benchmark,mtsnet,1.2,5,20260929,0.8916666666666668
benchmark,mtsnet,1.2,6,20260929,0.8916666666666668
benchmark,mtsnet,1.2,7,20260929,0.8541666666666667
benchmark,mtsnet,1.2,8,20260929,0.7
benchmark,mtsnet,1.2,9,20260929,0.7499999999999999
benchmark,mtsnet,1.2,10,20260929,0.9375
benchmark,mtsnet,1.2,11,20260929,0.175
benchmark,mtsnet,1.2,12,20260929,0.6541666666666667
benchmark,mtsnet,1.2,13,20260929,0.5333333333333333
benchmark,mtsnet,1.2,14,20260929,0.6041666666666666
benchmark,mtsnet,1.2,15,20260929,0.8458333333333334
benchmark,mtsnet,1.2,16,20260929,0.7208333333333332
benchmark,mtsnet,1.2,17,20260929,0.7583333333333333
benchmark,mtsnet,1.2,18,20260929,0.75
benchmark,mtsnet,1.2,19,20260929,0.5958333333333333
benchmark,mtsnet,1.2,20,20260929,0.9333333333333332
benchmark,mtsnet,1.2,21,20260929,0.8583333333333332
benchmark,mtsnet,1.2,22,20260929,0.8083333333333333
benchmark,mtsnet,1.2,23,20260929,0.4083333333333334
benchmark,mtsnet,1.2,24,20260929,0.9
benchmark,mtsnet,1.2,25,20260929,0.9041666666666668
benchmark,mtsnet,1.2,26,20260929,0.8541666666666666
benchmark,mtsnet,1.2,27,20260929,0.875
benchmark,mtsnet,1.2,28,20260929,0.9208333333333334
benchmark,mtsnet,1.2,29,20260929,0.4291666666666667
benchmark,mtsnet,1.2,30,20260929,0.8833333333333334
benchmark,mtsnet,1.2,31,20260929,0.9208333333333334
benchmark,mtsnet,1.2,32,20260929,1.0
benchmark,mtsnet,1.2,33,20260929,0.4083333333333333
benchmark,mtsnet,1.2,34,20260929,0.9583333333333334
benchmark,mtsnet,1.2,35,20260929,0.8125
benchmark,mtsnet,1.2,1,20260930,0.8083333333333332
benchmark,mtsnet,1.2,2,20260930,0.925
benchmark,mtsnet,1.2,3,20260930,0.9833333333333334
benchmark,mtsnet,1.2,4,20260930,0.7625
benchmark,mtsnet,1.2,5,20260930,0.8375
benchmark,mtsnet,1.2,6,20260930,0.8708333333333333
benchmark,mtsnet,1.2,7,20260930,0.85
benchmark,mtsnet,1.2,8,20260930,0.7416666666666667
benchmark,mtsnet,1.2,9,20260930,0.75
benchmark,mtsnet,1.2,10,20260930,0.925
benchmark,mtsnet,1.2,11,20260930,0.15833333333333335
benchmark,mtsnet,1.2,12,20260930,0.7625
benchmark,mtsnet,1.2,13,20260930,0.5083333333333333
benchmark,mtsnet,1.2,14,20260930,0.6583333333333333
benchmark,mtsnet,1.2,15,20260930,0.8416666666666668
benchmark,mtsnet,1.2,16,20260930,0.75
benchmark,mtsnet,1.2,17,20260930,0.7333333333333332
benchmark,mtsnet,1.2,18,20260930,0.7666666666666667
benchmark,mtsnet,1.2,19,20260930,0.6208333333333333
benchmark,mtsnet,1.2,20,20260930,0.9458333333333332
benchmark,mtsnet,1.2,21,20260930,0.8875
benchmark,mtsnet,1.2,22,20260930,0.8458333333333334
benchmark,mtsnet,1.2,23,20260930,0.41666666666666663
benchmark,mtsnet,1.2,24,20260930,0.8916666666666668
benchmark,mtsnet,1.2,25,20260930,0.9166666666666666
benchmark,mtsnet,1.2,26,20260930,0.8916666666666668
benchmark,mtsnet,1.2,27,20260930,0.875
benchmark,mtsnet,1.2,28,20260930,0.9333333333333333
benchmark,mtsnet,1.2,29,20260930,0.4416666666666666
benchmark,mtsnet,1.2,30,20260930,0.8916666666666668
benchmark,mtsnet,1.2,31,20260930,0.8625
benchmark,mtsnet,1.2,32,20260930,0.9958333333333333
benchmark,mtsnet,1.2,33,20260930,0.4041666666666666
benchmark,mtsnet,1.2,34,20260930,0.9583333333333334
benchmark,mtsnet,1.2,35,20260930,0.825
benchmark,mtsnet,1.2,1,20260931,0.8125
benchmark,mtsnet,1.2,2,20260931,0.9041666666666666
benchmark,mtsnet,1.2,3,20260931,0.9791666666666667
benchmark,mtsnet,1.2,4,20260931,0.6791666666666668
benchmark,mtsnet,1.2,5,20260931,0.875
benchmark,mtsnet,1.2,6,20260931,0.8833333333333334
benchmark,mtsnet,1.2,7,20260931,0.8541666666666667
benchmark,mtsnet,1.2,8,20260931,0.7666666666666667
benchmark,mtsnet,1.2,9,20260931,0.7291666666666666
benchmark,mtsnet,1.2,10,20260931,0.9291666666666668
benchmark,mtsnet,1.2,11,20260931,0.2208333333333333
benchmark,mtsnet,1.2,12,20260931,0.7125
benchmark,mtsnet,1.2,13,20260931,0.5458333333333333
benchmark,mtsnet,1.2,14,20260931,0.7458333333333333
benchmark,mtsnet,1.2,15,20260931,0.7875
benchmark,mtsnet,1.2,16,20260931,0.7333333333333334
benchmark,mtsnet,1.2,17,20260931,0.6666666666666666
benchmark,mtsnet,1.2,18,20260931,0.7916666666666666
benchmark,mtsnet,1.2,19,20260931,0.5916666666666667
benchmark,mtsnet,1.2,20,20260931,0.9291666666666668
benchmark,mtsnet,1.2,21,20260931,0.8041666666666668
benchmark,mtsnet,1.2,22,20260931,0.8458333333333334
benchmark,mtsnet,1.2,23,20260931,0.4166666666666667
benchmark,mtsnet,1.2,24,20260931,0.9125
benchmark,mtsnet,1.2,25,20260931,0.9166666666666666
benchmark,mtsnet,1.2,26,20260931,0.8875
benchmark,mtsnet,1.2,27,20260931,0.9166666666666667
benchmark,mtsnet,1.2,28,20260931,0.9375
benchmark,mtsnet,1.2,29,20260931,0.4291666666666667
benchmark,mtsnet,1.2,30,20260931,0.8583333333333334
benchmark,mtsnet,1.2,31,20260931,0.9083333333333334
benchmark,mtsnet,1.2,32,20260931,1.0
benchmark,mtsnet,1.2,33,20260931,0.4291666666666667
benchmark,mtsnet,1.2,34,20260931,0.975
benchmark,mtsnet,1.2,35,20260931,0.8125
beta,harmonic_fold,0.4,1,20260929,0.475
beta,harmonic_fold,0.4,2,20260929,0.54375
beta,harmonic_fold,0.4,3,20260929,0.46875
beta,harmonic_fold,0.4,4,20260929,0.20625
beta,harmonic_fold,0.4,5,20260929,0.1375
beta,harmonic_fold,0.4,6,20260929,0.225
beta,harmonic_fold,0.4,7,20260929,0.15
beta,harmonic_fold,0.4,8,20260929,0.16875
beta,harmonic_fold,0.4,9,20260929,0.475
beta,harmonic_fold,0.4,10,20260929,0.25625
beta,harmonic_fold,0.4,11,20260929,0.06875
beta,harmonic_fold,0.4,12,20260929,0.44375
beta,harmonic_fold,0.4,13,20260929,0.39375
beta,harmonic_fold,0.4,14,20260929,0.09375
beta,harmonic_fold,0.4,15,20260929,0.225
beta,harmonic_fold,0.4,16,20260929,0.3
beta,harmonic_fold,0.4,17,20260929,0.075
beta,harmonic_fold,0.4,18,20260929,0.4875
beta,harmonic_fold,0.4,19,20260929,0.43125
beta,harmonic_fold,0.4,20,20260929,0.1125
beta,harmonic_fold,0.4,21,20260929,0.36875
beta,harmonic_fold,0.4,22,20260929,0.31875
beta,harmonic_fold,0.4,23,20260929,0.3
beta,harmonic_fold,0.4,24,20260929,0.23125
beta,harmonic_fold,0.4,25,20260929,0.10625
beta,harmonic_fold,0.4,26,20260929,0.2375
beta,harmonic_fold,0.4,27,20260929,0.45
beta,harmonic_fold,0.4,28,20260929,0.40625
beta,harmonic_fold,0.4,29,20260929,0.25625
beta,harmonic_fold,0.4,30,20260929,0.30625
beta,harmonic_fold,0.4,31,20260929,0.15625
beta,harmonic_fold,0.4,32,20260929,0.04375
beta,harmonic_fold,0.4,33,20260929,0.175
beta,harmonic_fold,0.4,34,20260929,0.35
beta,harmonic_fold,0.4,35,20260929,0.2
beta,harmonic_fold,0.4,36,20260929,0.5125
beta,harmonic_fold,0.4,37,20260929,0.5375
beta,harmonic_fold,0.4,38,20260929,0.1625
beta,harmonic_fold,0.4,39,20260929,0.33125
beta,harmonic_fold,0.4,40,20260929,0.225
beta,harmonic_fold,0.4,41,20260929,0.0875
beta,harmonic_fold,0.4,42,20260929,0.25625
beta,harmonic_fold,0.4,43,20260929,0.2375
beta,harmonic_fold,0.4,44,20260929,0.18125
beta,harmonic_fold,0.4,45,20260929,0.1125
beta,harmonic_fold,0.4,46,20260929,0.19375
beta,harmonic_fold,0.4,47,20260929,0.125
beta,harmonic_fold,0.4,48,20260929,0.15625
beta,harmonic_fold,0.4,49,20260929,0.41875
beta,harmonic_fold,0.4,50,20260929,0.18125
beta,harmonic_fold,0.4,51,20260929,0.2625
beta,harmonic_fold,0.4,52,20260929,0.33125
beta,harmonic_fold,0.4,53,20260929,0.3375
beta,harmonic_fold,0.4,54,20260929,0.26875
beta,harmonic_fold,0.4,55,20260929,0.1375
beta,harmonic_fold,0.4,56,20260929,0.31875
beta,harmonic_fold,0.4,57,20260929,0.26875
beta,harmonic_fold,0.4,58,20260929,0.23125
beta,harmonic_fold,0.4,59,20260929,0.09375
beta,harmonic_fold,0.4,60,20260929,0.21875
beta,harmonic_fold,0.4,61,20260929,0.1375
beta,harmonic_fold,0.4,62,20260929,0.425
beta,harmonic_fold,0.4,63,20260929,0.51875
beta,harmonic_fold,0.4,64,20260929,0.34375
beta,harmonic_fold,0.4,65,20260929,0.1
beta,harmonic_fold,0.4,66,20260929,0.525
beta,harmonic_fold,0.4,67,20260929,0.44375
beta,harmonic_fold,0.4,68,20260929,0.125
beta,harmonic_fold,0.4,69,20260929,0.1
beta,harmonic_fold,0.4,70,20260929,0.31875
beta,harmonic_fold,0.4,1,20260930,0.45
beta,harmonic_fold,0.4,2,20260930,0.49375
beta,harmonic_fold,0.4,3,20260930,0.475
beta,harmonic_fold,0.4,4,20260930,0.25
beta,harmonic_fold,0.4,5,20260930,0.20625
beta,harmonic_fold,0.4,6,20260930,0.18125
beta,harmonic_fold,0.4,7,20260930,0.1
beta,harmonic_fold,0.4,8,20260930,0.2625
beta,harmonic_fold,0.4,9,20260930,0.54375
beta,harmonic_fold,0.4,10,20260930,0.31875
beta,harmonic_fold,0.4,11,20260930,0.1
beta,harmonic_fold,0.4,12,20260930,0.5125
beta,harmonic_fold,0.4,13,20260930,0.40625
beta,harmonic_fold,0.4,14,20260930,0.11875
beta,harmonic_fold,0.4,15,20260930,0.2875
beta,harmonic_fold,0.4,16,20260930,0.275
beta,harmonic_fold,0.4,17,20260930,0.09375
beta,harmonic_fold,0.4,18,20260930,0.54375
beta,harmonic_fold,0.4,19,20260930,0.4
beta,harmonic_fold,0.4,20,20260930,0.125
beta,harmonic_fold,0.4,21,20260930,0.41875
beta,harmonic_fold,0.4,22,20260930,0.34375
beta,harmonic_fold,0.4,23,20260930,0.2875
beta,harmonic_fold,0.4,24,20260930,0.21875
beta,harmonic_fold,0.4,25,20260930,0.1375
beta,harmonic_fold,0.4,26,20260930,0.2
beta,harmonic_fold,0.4,27,20260930,0.4
beta,harmonic_fold,0.4,28,20260930,0.3625
beta,harmonic_fold,0.4,29,20260930,0.26875
beta,harmonic_fold,0.4,30,20260930,0.34375
beta,harmonic_fold,0.4,31,20260930,0.2
beta,harmonic_fold,0.4,32,20260930,0.08125
beta,harmonic_fold,0.4,33,20260930,0.18125
beta,harmonic_fold,0.4,34,20260930,0.38125
beta,harmonic_fold,0.4,35,20260930,0.31875
beta,harmonic_fold,0.4,36,20260930,0.5
beta,harmonic_fold,0.4,37,20260930,0.56875
beta,harmonic_fold,0.4,38,20260930,0.125
beta,harmonic_fold,0.4,39,20260930,0.33125
beta,harmonic_fold,0.4,40,20260930,0.175
beta,harmonic_fold,0.4,41,20260930,0.15
beta,harmonic_fold,0.4,42,20260930,0.2375
beta,harmonic_fold,0.4,43,20260930,0.2375
beta,harmonic_fold,0.4,44,20260930,0.1875
beta,harmonic_fold,0.4,45,20260930,0.18125
beta,harmonic_fold,0.4,46,20260930,0.2125
beta,harmonic_fold,0.4,47,20260930,0.1125
beta,harmonic_fold,0.4,48,20260930,0.1375
beta,harmonic_fold,0.4,49,20260930,0.3
beta,harmonic_fold,0.4,50,20260930,0.1625
beta,harmonic_fold,0.4,51,20260930,0.29375
beta,harmonic_fold,0.4,52,20260930,0.4
beta,harmonic_fold,0.4,53,20260930,0.3875
beta,harmonic_fold,0.4,54,20260930,0.21875
beta,harmonic_fold,0.4,55,20260930,0.1625
beta,harmonic_fold,0.4,56,20260930,0.34375
beta,harmonic_fold,0.4,57,20260930,0.29375
beta,harmonic_fold,0.4,58,20260930,0.2
beta,harmonic_fold,0.4,59,20260930,0.1375
beta,harmonic_fold,0.4,60,20260930,0.2
beta,harmonic_fold,0.4,61,20260930,0.11875
beta,harmonic_fold,0.4,62,20260930,0.45625
beta,harmonic_fold,0.4,63,20260930,0.59375
beta,harmonic_fold,0.4,64,20260930,0.375
beta,harmonic_fold,0.4,65,20260930,0.125
beta,harmonic_fold,0.4,66,20260930,0.50625
beta,harmonic_fold,0.4,67,20260930,0.50625
beta,harmonic_fold,0.4,68,20260930,0.08125
beta,harmonic_fold,0.4,69,20260930,0.05
beta,harmonic_fold,0.4,70,20260930,0.35
beta,harmonic_fold,0.4,1,20260931,0.43125
beta,harmonic_fold,0.4,2,20260931,0.51875
beta,harmonic_fold,0.4,3,20260931,0.45625
beta,harmonic_fold,0.4,4,20260931,0.26875
beta,harmonic_fold,0.4,5,20260931,0.1625
beta,harmonic_fold,0.4,6,20260931,0.20625
beta,harmonic_fold,0.4,7,20260931,0.10625
beta,harmonic_fold,0.4,8,20260931,0.25625
beta,harmonic_fold,0.4,9,20260931,0.5625
beta,harmonic_fold,0.4,10,20260931,0.275
beta,harmonic_fold,0.4,11,20260931,0.06875
beta,harmonic_fold,0.4,12,20260931,0.46875
beta,harmonic_fold,0.4,13,20260931,0.43125
beta,harmonic_fold,0.4,14,20260931,0.13125
beta,harmonic_fold,0.4,15,20260931,0.34375
beta,harmonic_fold,0.4,16,20260931,0.275
beta,harmonic_fold,0.4,17,20260931,0.13125
beta,harmonic_fold,0.4,18,20260931,0.50625
beta,harmonic_fold,0.4,19,20260931,0.39375
beta,harmonic_fold,0.4,20,20260931,0.1125
beta,harmonic_fold,0.4,21,20260931,0.34375
beta,harmonic_fold,0.4,22,20260931,0.28125
beta,harmonic_fold,0.4,23,20260931,0.2125
beta,harmonic_fold,0.4,24,20260931,0.175
beta,harmonic_fold,0.4,25,20260931,0.08125
beta,harmonic_fold,0.4,26,20260931,0.20625
beta,harmonic_fold,0.4,27,20260931,0.375
beta,harmonic_fold,0.4,28,20260931,0.33125
beta,harmonic_fold,0.4,29,20260931,0.28125
beta,harmonic_fold,0.4,30,20260931,0.3375
beta,harmonic_fold,0.4,31,20260931,0.1875
beta,harmonic_fold,0.4,32,20260931,0.0375
beta,harmonic_fold,0.4,33,20260931,0.14375
beta,harmonic_fold,0.4,34,20260931,0.4
beta,harmonic_fold,0.4,35,20260931,0.31875
beta,harmonic_fold,0.4,36,20260931,0.53125
beta,harmonic_fold,0.4,37,20260931,0.50625
beta,harmonic_fold,0.4,38,20260931,0.125
beta,harmonic_fold,0.4,39,20260931,0.26875
beta,harmonic_fold,0.4,40,20260931,0.1875
beta,harmonic_fold,0.4,41,20260931,0.16875
beta,harmonic_fold,0.4,42,20260931,0.1875
beta,harmonic_fold,0.4,43,20260931,0.1625
beta,harmonic_fold,0.4,44,20260931,0.175
beta,harmonic_fold,0.4,45,20260931,0.1125
beta,harmonic_fold,0.4,46,20260931,0.2625
beta,harmonic_fold,0.4,47,20260931,0.09375
beta,harmonic_fold,0.4,48,20260931,0.1625
beta,harmonic_fold,0.4,49,20260931,0.29375
beta,harmonic_fold,0.4,50,20260931,0.2125
beta,harmonic_fold,0.4,51,20260931,0.2875
beta,harmonic_fold,0.4,52,20260931,0.4
beta,harmonic_fold,0.4,53,20260931,0.41875
beta,harmonic_fold,0.4,54,20260931,0.3125
beta,harmonic_fold,0.4,55,20260931,0.15
beta,harmonic_fold,0.4,56,20260931,0.31875
beta,harmonic_fold,0.4,57,20260931,0.25625
beta,harmonic_fold,0.4,58,20260931,0.18125
beta,harmonic_fold,0.4,59,20260931,0.09375
beta,harmonic_fold,0.4,60,20260931,0.21875
beta,harmonic_fold,0.4,61,20260931,0.1
beta,harmonic_fold,0.4,62,20260931,0.40625
beta,harmonic_fold,0.4,63,20260931,0.5875
beta,harmonic_fold,0.4,64,20260931,0.30625
beta,harmonic_fold,0.4,65,20260931,0.0875
beta,harmonic_fold,0.4,66,20260931,0.45625
beta,harmonic_fold,0.4,67,20260931,0.49375
beta,harmonic_fold,0.4,68,20260931,0.08125
beta,harmonic_fold,0.4,69,20260931,0.0625
beta,harmonic_fold,0.4,70,20260931,0.38125
beta,mtsnet,0.4,1,20260929,0.58125
beta,mtsnet,0.4,2,20260929,0.61875
beta,mtsnet,0.4,3,20260929,0.5875
beta,mtsnet,0.4,4,20260929,0.3875
beta,mtsnet,0.4,5,20260929,0.225
beta,mtsnet,0.4,6,20260929,0.30625
beta,mtsnet,0.4,7,20260929,0.15
beta,mtsnet,0.4,8,20260929,0.35
beta,mtsnet,0.4,9,20260929,0.65625
beta,mtsnet,0.4,10,20260929,0.40625
beta,mtsnet,0.4,11,20260929,0.15
beta,mtsnet,0.4,12,20260929,0.55625
beta,mtsnet,0.4,13,20260929,0.55625
beta,mtsnet,0.4,14,20260929,0.1875
beta,mtsnet,0.4,15,20260929,0.35
beta,mtsnet,0.4,16,20260929,0.31875
beta,mtsnet,0.4,17,20260929,0.10625
beta,mtsnet,0.4,18,20260929,0.65
beta,mtsnet,0.4,19,20260929,0.53125
beta,mtsnet,0.4,20,20260929,0.11875
beta,mtsnet,0.4,21,20260929,0.475
beta,mtsnet,0.4,22,20260929,0.46875
beta,mtsnet,0.4,23,20260929,0.35625
beta,mtsnet,0.4,24,20260929,0.1625
beta,mtsnet,0.4,25,20260929,0.225
beta,mtsnet,0.4,26,20260929,0.28125
beta,mtsnet,0.4,27,20260929,0.35
beta,mtsnet,0.4,28,20260929,0.475
beta,mtsnet,0.4,29,20260929,0.475
beta,mtsnet,0.4,30,20260929,0.425
beta,mtsnet,0.4,31,20260929,0.25
beta,mtsnet,0.4,32,20260929,0.10625
beta,mtsnet,0.4,33,20260929,0.30625
beta,mtsnet,0.4,34,20260929,0.5
beta,mtsnet,0.4,35,20260929,0.4625
beta,mtsnet,0.4,36,20260929,0.60625
beta,mtsnet,0.4,37,20260929,0.63125
beta,mtsnet,0.4,38,20260929,0.20625
beta,mtsnet,0.4,39,20260929,0.35
beta,mtsnet,0.4,40,20260929,0.2875
beta,mtsnet,0.4,41,20260929,0.23125
beta,mtsnet,0.4,42,20260929,0.225
beta,mtsnet,0.4,43,20260929,0.3125
beta,mtsnet,0.4,44,20260929,0.1875
beta,mtsnet,0.4,45,20260929,0.1625
beta,mtsnet,0.4,46,20260929,0.33125
beta,mtsnet,0.4,47,20260929,0.1875
beta,mtsnet,0.4,48,20260929,0.225
beta,mtsnet,0.4,49,20260929,0.3125
beta,mtsnet,0.4,50,20260929,0.34375
beta,mtsnet,0.4,51,20260929,0.325
beta,mtsnet,0.4,52,20260929,0.40625
beta,mtsnet,0.4,53,20260929,0.575
beta,mtsnet,0.4,54,20260929,0.3
beta,mtsnet,0.4,55,20260929,0.23125
beta,mtsnet,0.4,56,20260929,0.4
beta,mtsnet,0.4,57,20260929,0.4375
beta,mtsnet,0.4,58,20260929,0.2375
beta,mtsnet,0.4,59,20260929,0.2125
beta,mtsnet,0.4,60,20260929,0.275
beta,mtsnet,0.4,61,20260929,0.23125
beta,mtsnet,0.4,62,20260929,0.55
beta,mtsnet,0.4,63,20260929,0.66875
beta,mtsnet,0.4,64,20260929,0.45625
beta,mtsnet,0.4,65,20260929,0.1125
beta,mtsnet,0.4,66,20260929,0.61875
beta,mtsnet,0.4,67,20260929,0.4125
beta,mtsnet,0.4,68,20260929,0.09375
beta,mtsnet,0.4,69,20260929,0.14375
beta,mtsnet,0.4,70,20260929,0.55
beta,mtsnet,0.4,1,20260930,0.56875
beta,mtsnet,0.4,2,20260930,0.63125
beta,mtsnet,0.4,3,20260930,0.64375
beta,mtsnet,0.4,4,20260930,0.4375
beta,mtsnet,0.4,5,20260930,0.2125
beta,mtsnet,0.4,6,20260930,0.3
beta,mtsnet,0.4,7,20260930,0.125
beta,mtsnet,0.4,8,20260930,0.36875
beta,mtsnet,0.4,9,20260930,0.6625
beta,mtsnet,0.4,10,20260930,0.40625
beta,mtsnet,0.4,11,20260930,0.11875
beta,mtsnet,0.4,12,20260930,0.56875
beta,mtsnet,0.4,13,20260930,0.58125
beta,mtsnet,0.4,14,20260930,0.2
beta,mtsnet,0.4,15,20260930,0.30625
beta,mtsnet,0.4,16,20260930,0.35625
beta,mtsnet,0.4,17,20260930,0.1125
beta,mtsnet,0.4,18,20260930,0.65
beta,mtsnet,0.4,19,20260930,0.48125
beta,mtsnet,0.4,20,20260930,0.1375
beta,mtsnet,0.4,21,20260930,0.4
beta,mtsnet,0.4,22,20260930,0.46875
beta,mtsnet,0.4,23,20260930,0.35625
beta,mtsnet,0.4,24,20260930,0.20625
beta,mtsnet,0.4,25,20260930,0.18125
beta,mtsnet,0.4,26,20260930,0.2875
beta,mtsnet,0.4,27,20260930,0.43125
beta,mtsnet,0.4,28,20260930,0.475
beta,mtsnet,0.4,29,20260930,0.44375
beta,mtsnet,0.4,30,20260930,0.41875
beta,mtsnet,0.4,31,20260930,0.23125
beta,mtsnet,0.4,32,20260930,0.1
beta,mtsnet,0.4,33,20260930,0.25625
beta,mtsnet,0.4,34,20260930,0.53125
beta,mtsnet,0.4,35,20260930,0.43125
beta,mtsnet,0.4,36,20260930,0.6125
beta,mtsnet,0.4,37,20260930,0.6375
beta,mtsnet,0.4,38,20260930,0.1875
beta,mtsnet,0.4,39,20260930,0.35625
beta,mtsnet,0.4,40,20260930,0.25625
beta,mtsnet,0.4,41,20260930,0.23125
beta,mtsnet,0.4,42,20260930,0.23125
beta,mtsnet,0.4,43,20260930,0.30625
beta,mtsnet,0.4,44,20260930,0.175
beta,mtsnet,0.4,45,20260930,0.2
beta,mtsnet,0.4,46,20260930,0.29375
beta,mtsnet,0.4,47,20260930,0.16875
beta,mtsnet,0.4,48,20260930,0.25
beta,mtsnet,0.4,49,20260930,0.375
beta,mtsnet,0.4,50,20260930,0.3375
beta,mtsnet,0.4,51,20260930,0.375
beta,mtsnet,0.4,52,20260930,0.45
beta,mtsnet,0.4,53,20260930,0.5875
beta,mtsnet,0.4,54,20260930,0.30625
beta,mtsnet,0.4,55,20260930,0.28125
beta,mtsnet,0.4,56,20260930,0.475
beta,mtsnet,0.4,57,20260930,0.3375
beta,mtsnet,0.4,58,20260930,0.19375
beta,mtsnet,0.4,59,20260930,0.19375
beta,mtsnet,0.4,60,20260930,0.275
beta,mtsnet,0.4,61,20260930,0.2
beta,mtsnet,0.4,62,20260930,0.6125
beta,mtsnet,0.4,63,20260930,0.65625
beta,mtsnet,0.4,64,20260930,0.49375
beta,mtsnet,0.4,65,20260930,0.11875
beta,mtsnet,0.4,66,20260930,0.63125
beta,mtsnet,0.4,67,20260930,0.45
beta,mtsnet,0.4,68,20260930,0.13125
beta,mtsnet,0.4,69,20260930,0.175
beta,mtsnet,0.4,70,20260930,0.525
beta,mtsnet,0.4,1,20260931,0.58125
beta,mtsnet,0.4,2,20260931,0.65
beta,mtsnet,0.4,3,20260931,0.60625
beta,mtsnet,0.4,4,20260931,0.3375
beta,mtsnet,0.4,5,20260931,0.2375
beta,mtsnet,0.4,6,20260931,0.2625
beta,mtsnet,0.4,7,20260931,0.21875
beta,mtsnet,0.4,8,20260931,0.35625
beta,mtsnet,0.4,9,20260931,0.65
beta,mtsnet,0.4,10,20260931,0.44375
beta,mtsnet,0.4,11,20260931,0.1375
beta,mtsnet,0.4,12,20260931,0.56875
beta,mtsnet,0.4,13,20260931,0.5875
beta,mtsnet,0.4,14,20260931,0.2125
beta,mtsnet,0.4,15,20260931,0.3
beta,mtsnet,0.4,16,20260931,0.39375
beta,mtsnet,0.4,17,20260931,0.10625
beta,mtsnet,0.4,18,20260931,0.6625
beta,mtsnet,0.4,19,20260931,0.49375
beta,mtsnet,0.4,20,20260931,0.1625
beta,mtsnet,0.4,21,20260931,0.45625
beta,mtsnet,0.4,22,20260931,0.4875
beta,mtsnet,0.4,23,20260931,0.33125
beta,mtsnet,0.4,24,20260931,0.15625
beta,mtsnet,0.4,25,20260931,0.19375
beta,mtsnet,0.4,26,20260931,0.3
beta,mtsnet,0.4,27,20260931,0.3375
beta,mtsnet,0.4,28,20260931,0.4875
beta,mtsnet,0.4,29,20260931,0.45
beta,mtsnet,0.4,30,20260931,0.41875
beta,mtsnet,0.4,31,20260931,0.2
beta,mtsnet,0.4,32,20260931,0.0875
beta,mtsnet,0.4,33,20260931,0.30625
beta,mtsnet,0.4,34,20260931,0.5125
beta,mtsnet,0.4,35,20260931,0.45625
beta,mtsnet,0.4,36,20260931,0.675
beta,mtsnet,0.4,37,20260931,0.65625
beta,mtsnet,0.4,38,20260931,0.19375
beta,mtsnet,0.4,39,20260931,0.31875
beta,mtsnet,0.4,40,20260931,0.2625
beta,mtsnet,0.4,41,20260931,0.21875
beta,mtsnet,0.4,42,20260931,0.2125
beta,mtsnet,0.4,43,20260931,0.325
beta,mtsnet,0.4,44,20260931,0.175
beta,mtsnet,0.4,45,20260931,0.225
beta,mtsnet,0.4,46,20260931,0.3125
beta,mtsnet,0.4,47,20260931,0.15
beta,mtsnet,0.4,48,20260931,0.25
beta,mtsnet,0.4,49,20260931,0.3
beta,mtsnet,0.4,50,20260931,0.33125
beta,mtsnet,0.4,51,20260931,0.35625
beta,mtsnet,0.4,52,20260931,0.43125
beta,mtsnet,0.4,53,20260931,0.5625
beta,mtsnet,0.4,54,20260931,0.35
beta,mtsnet,0.4,55,20260931,0.25
beta,mtsnet,0.4,56,20260931,0.48125
beta,mtsnet,0.4,57,20260931,0.39375
beta,mtsnet,0.4,58,20260931,0.23125
beta,mtsnet,0.4,59,20260931,0.20625
beta,mtsnet,0.4,60,20260931,0.23125
beta,mtsnet,0.4,61,20260931,0.2375
beta,mtsnet,0.4,62,20260931,0.6
beta,mtsnet,0.4,63,20260931,0.66875
beta,mtsnet,0.4,64,20260931,0.5125
beta,mtsnet,0.4,65,20260931,0.14375
beta,mtsnet,0.4,66,20260931,0.625
beta,mtsnet,0.4,67,20260931,0.4375
beta,mtsnet,0.4,68,20260931,0.09375
beta,mtsnet,0.4,69,20260931,0.15625
beta,mtsnet,0.4,70,20260931,0.5375
beta,harmonic_fold,0.8,1,20260929,0.74375
beta,harmonic_fold,0.8,2,20260929,0.825
beta,harmonic_fold,0.8,3,20260929,0.8
beta,harmonic_fold,0.8,4,20260929,0.625
beta,harmonic_fold,0.8,5,20260929,0.4625
beta,harmonic_fold,0.8,6,20260929,0.55625
beta,harmonic_fold,0.8,7,20260929,0.31875
beta,harmonic_fold,0.8,8,20260929,0.475
beta,harmonic_fold,0.8,9,20260929,0.83125
beta,harmonic_fold,0.8,10,20260929,0.525
beta,harmonic_fold,0.8,11,20260929,0.24375
beta,harmonic_fold,0.8,12,20260929,0.81875
beta,harmonic_fold,0.8,13,20260929,0.76875
beta,harmonic_fold,0.8,14,20260929,0.31875
beta,harmonic_fold,0.8,15,20260929,0.5875
beta,harmonic_fold,0.8,16,20260929,0.68125
beta,harmonic_fold,0.8,17,20260929,0.1625
beta,harmonic_fold,0.8,18,20260929,0.89375
beta,harmonic_fold,0.8,19,20260929,0.7125
beta,harmonic_fold,0.8,20,20260929,0.2875
beta,harmonic_fold,0.8,21,20260929,0.6625
beta,harmonic_fold,0.8,22,20260929,0.6375
beta,harmonic_fold,0.8,23,20260929,0.7125
beta,harmonic_fold,0.8,24,20260929,0.48125
beta,harmonic_fold,0.8,25,20260929,0.2875
beta,harmonic_fold,0.8,26,20260929,0.50625
beta,harmonic_fold,0.8,27,20260929,0.78125
beta,harmonic_fold,0.8,28,20260929,0.7875
beta,harmonic_fold,0.8,29,20260929,0.76875
beta,harmonic_fold,0.8,30,20260929,0.59375
beta,harmonic_fold,0.8,31,20260929,0.325
beta,harmonic_fold,0.8,32,20260929,0.1375
beta,harmonic_fold,0.8,33,20260929,0.36875
beta,harmonic_fold,0.8,34,20260929,0.79375
beta,harmonic_fold,0.8,35,20260929,0.675
beta,harmonic_fold,0.8,36,20260929,0.9
beta,harmonic_fold,0.8,37,20260929,0.9125
beta,harmonic_fold,0.8,38,20260929,0.38125
beta,harmonic_fold,0.8,39,20260929,0.6875
beta,harmonic_fold,0.8,40,20260929,0.40625
beta,harmonic_fold,0.8,41,20260929,0.2375
beta,harmonic_fold,0.8,42,20260929,0.46875
beta,harmonic_fold,0.8,43,20260929,0.5125
beta,harmonic_fold,0.8,44,20260929,0.3875
beta,harmonic_fold,0.8,45,20260929,0.31875
beta,harmonic_fold,0.8,46,20260929,0.3875
beta,harmonic_fold,0.8,47,20260929,0.3125
beta,harmonic_fold,0.8,48,20260929,0.48125
beta,harmonic_fold,0.8,49,20260929,0.725
beta,harmonic_fold,0.8,50,20260929,0.43125
beta,harmonic_fold,0.8,51,20260929,0.58125
beta,harmonic_fold,0.8,52,20260929,0.73125
beta,harmonic_fold,0.8,53,20260929,0.6875
beta,harmonic_fold,0.8,54,20260929,0.4875
beta,harmonic_fold,0.8,55,20260929,0.3375
beta,harmonic_fold,0.8,56,20260929,0.6875
beta,harmonic_fold,0.8,57,20260929,0.76875
beta,harmonic_fold,0.8,58,20260929,0.53125
beta,harmonic_fold,0.8,59,20260929,0.1875
beta,harmonic_fold,0.8,60,20260929,0.4375
beta,harmonic_fold,0.8,61,20260929,0.2375
beta,harmonic_fold,0.8,62,20260929,0.75625
beta,harmonic_fold,0.8,63,20260929,0.9
beta,harmonic_fold,0.8,64,20260929,0.725
beta,harmonic_fold,0.8,65,20260929,0.24375
beta,harmonic_fold,0.8,66,20260929,0.8375
beta,harmonic_fold,0.8,67,20260929,0.75
beta,harmonic_fold,0.8,68,20260929,0.29375
beta,harmonic_fold,0.8,69,20260929,0.24375
beta,harmonic_fold,0.8,70,20260929,0.7625
beta,harmonic_fold,0.8,1,20260930,0.75625
beta,harmonic_fold,0.8,2,20260930,0.83125
beta,harmonic_fold,0.8,3,20260930,0.775
beta,harmonic_fold,0.8,4,20260930,0.65
beta,harmonic_fold,0.8,5,20260930,0.53125
beta,harmonic_fold,0.8,6,20260930,0.54375
beta,harmonic_fold,0.8,7,20260930,0.3
beta,harmonic_fold,0.8,8,20260930,0.55625
beta,harmonic_fold,0.8,9,20260930,0.89375
beta,harmonic_fold,0.8,10,20260930,0.58125
beta,harmonic_fold,0.8,11,20260930,0.275
beta,harmonic_fold,0.8,12,20260930,0.79375
beta,harmonic_fold,0.8,13,20260930,0.8125
beta,harmonic_fold,0.8,14,20260930,0.29375
beta,harmonic_fold,0.8,15,20260930,0.5875
beta,harmonic_fold,0.8,16,20260930,0.63125
beta,harmonic_fold,0.8,17,20260930,0.20625
beta,harmonic_fold,0.8,18,20260930,0.9
beta,harmonic_fold,0.8,19,20260930,0.7
beta,harmonic_fold,0.8,20,20260930,0.36875
beta,harmonic_fold,0.8,21,20260930,0.65625
beta,harmonic_fold,0.8,22,20260930,0.6125
beta,harmonic_fold,0.8,23,20260930,0.675
beta,harmonic_fold,0.8,24,20260930,0.48125
beta,harmonic_fold,0.8,25,20260930,0.35625
beta,harmonic_fold,0.8,26,20260930,0.4875
beta,harmonic_fold,0.8,27,20260930,0.74375
beta,harmonic_fold,0.8,28,20260930,0.7125
beta,harmonic_fold,0.8,29,20260930,0.7125
beta,harmonic_fold,0.8,30,20260930,0.6125
beta,harmonic_fold,0.8,31,20260930,0.35
beta,harmonic_fold,0.8,32,20260930,0.1375
beta,harmonic_fold,0.8,33,20260930,0.38125
beta,harmonic_fold,0.8,34,20260930,0.79375
beta,harmonic_fold,0.8,35,20260930,0.69375
beta,harmonic_fold,0.8,36,20260930,0.8875
beta,harmonic_fold,0.8,37,20260930,0.925
beta,harmonic_fold,0.8,38,20260930,0.3875
beta,harmonic_fold,0.8,39,20260930,0.65625
beta,harmonic_fold,0.8,40,20260930,0.3875
beta,harmonic_fold,0.8,41,20260930,0.28125
beta,harmonic_fold,0.8,42,20260930,0.50625
beta,harmonic_fold,0.8,43,20260930,0.54375
beta,harmonic_fold,0.8,44,20260930,0.375
beta,harmonic_fold,0.8,45,20260930,0.3
beta,harmonic_fold,0.8,46,20260930,0.475
beta,harmonic_fold,0.8,47,20260930,0.38125
beta,harmonic_fold,0.8,48,20260930,0.36875
beta,harmonic_fold,0.8,49,20260930,0.75
beta,harmonic_fold,0.8,50,20260930,0.44375
beta,harmonic_fold,0.8,51,20260930,0.58125
beta,harmonic_fold,0.8,52,20260930,0.81875
beta,harmonic_fold,0.8,53,20260930,0.7125
beta,harmonic_fold,0.8,54,20260930,0.5125
beta,harmonic_fold,0.8,55,20260930,0.4
beta,harmonic_fold,0.8,56,20260930,0.73125
beta,harmonic_fold,0.8,57,20260930,0.8
beta,harmonic_fold,0.8,58,20260930,0.46875
beta,harmonic_fold,0.8,59,20260930,0.2375
beta,harmonic_fold,0.8,60,20260930,0.39375
beta,harmonic_fold,0.8,61,20260930,0.225
beta,harmonic_fold,0.8,62,20260930,0.775
beta,harmonic_fold,0.8,63,20260930,0.90625
beta,harmonic_fold,0.8,64,20260930,0.71875
beta,harmonic_fold,0.8,65,20260930,0.21875
beta,harmonic_fold,0.8,66,20260930,0.825
beta,harmonic_fold,0.8,67,20260930,0.79375
beta,harmonic_fold,0.8,68,20260930,0.21875
beta,harmonic_fold,0.8,69,20260930,0.21875
beta,harmonic_fold,0.8,70,20260930,0.79375
beta,harmonic_fold,0.8,1,20260931,0.6625
beta,harmonic_fold,0.8,2,20260931,0.83125
beta,harmonic_fold,0.8,3,20260931,0.8125
beta,harmonic_fold,0.8,4,20260931,0.625
beta,harmonic_fold,0.8,5,20260931,0.5
beta,harmonic_fold,0.8,6,20260931,0.58125
beta,harmonic_fold,0.8,7,20260931,0.30625
beta,harmonic_fold,0.8,8,20260931,0.50625
beta,harmonic_fold,0.8,9,20260931,0.80625
beta,harmonic_fold,0.8,10,20260931,0.5
beta,harmonic_fold,0.8,11,20260931,0.21875
beta,harmonic_fold,0.8,12,20260931,0.775
beta,harmonic_fold,0.8,13,20260931,0.7375
beta,harmonic_fold,0.8,14,20260931,0.2875
beta,harmonic_fold,0.8,15,20260931,0.60625
beta,harmonic_fold,0.8,16,20260931,0.625
beta,harmonic_fold,0.8,17,20260931,0.19375
beta,harmonic_fold,0.8,18,20260931,0.9125
beta,harmonic_fold,0.8,19,20260931,0.7375
beta,harmonic_fold,0.8,20,20260931,0.31875
beta,harmonic_fold,0.8,21,20260931,0.625
beta,harmonic_fold,0.8,22,20260931,0.6625
beta,harmonic_fold,0.8,23,20260931,0.65
beta,harmonic_fold,0.8,24,20260931,0.4625
beta,harmonic_fold,0.8,25,20260931,0.2875
beta,harmonic_fold,0.8,26,20260931,0.525
beta,harmonic_fold,0.8,27,20260931,0.75625
beta,harmonic_fold,0.8,28,20260931,0.7375
beta,harmonic_fold,0.8,29,20260931,0.69375
beta,harmonic_fold,0.8,30,20260931,0.56875
beta,harmonic_fold,0.8,31,20260931,0.36875
beta,harmonic_fold,0.8,32,20260931,0.125
beta,harmonic_fold,0.8,33,20260931,0.33125
beta,harmonic_fold,0.8,34,20260931,0.825
beta,harmonic_fold,0.8,35,20260931,0.69375
beta,harmonic_fold,0.8,36,20260931,0.875
beta,harmonic_fold,0.8,37,20260931,0.8625
beta,harmonic_fold,0.8,38,20260931,0.38125
beta,harmonic_fold,0.8,39,20260931,0.63125
beta,harmonic_fold,0.8,40,20260931,0.43125
beta,harmonic_fold,0.8,41,20260931,0.2375
beta,harmonic_fold,0.8,42,20260931,0.5125
beta,harmonic_fold,0.8,43,20260931,0.5
beta,harmonic_fold,0.8,44,20260931,0.3625
beta,harmonic_fold,0.8,45,20260931,0.29375
beta,harmonic_fold,0.8,46,20260931,0.475
beta,harmonic_fold,0.8,47,20260931,0.325
beta,harmonic_fold,0.8,48,20260931,0.5
beta,harmonic_fold,0.8,49,20260931,0.725
beta,harmonic_fold,0.8,50,20260931,0.375
beta,harmonic_fold,0.8,51,20260931,0.60625
beta,harmonic_fold,0.8,52,20260931,0.7625
beta,harmonic_fold,0.8,53,20260931,0.7125
beta,harmonic_fold,0.8,54,20260931,0.50625
beta,harmonic_fold,0.8,55,20260931,0.34375
beta,harmonic_fold,0.8,56,20260931,0.68125
beta,harmonic_fold,0.8,57,20260931,0.75
beta,harmonic_fold,0.8,58,20260931,0.45
beta,harmonic_fold,0.8,59,20260931,0.15625
beta,harmonic_fold,0.8,60,20260931,0.45
beta,harmonic_fold,0.8,61,20260931,0.23125
beta,harmonic_fold,0.8,62,20260931,0.75
beta,harmonic_fold,0.8,63,20260931,0.8875
beta,harmonic_fold,0.8,64,20260931,0.65
beta,harmonic_fold,0.8,65,20260931,0.18125
beta,harmonic_fold,0.8,66,20260931,0.81875
beta,harmonic_fold,0.8,67,20260931,0.725
beta,harmonic_fold,0.8,68,20260931,0.2875
beta,harmonic_fold,0.8,69,20260931,0.2
beta,harmonic_fold,0.8,70,20260931,0.79375
beta,mtsnet,0.8,1,20260929,0.85
beta,mtsnet,0.8,2,20260929,0.76875
beta,mtsnet,0.8,3,20260929,0.8875
beta,mtsnet,0.8,4,20260929,0.64375
beta,mtsnet,0.8,5,20260929,0.4375
beta,mtsnet,0.8,6,20260929,0.5875
beta,mtsnet,0.8,7,20260929,0.3
beta,mtsnet,0.8,8,20260929,0.6375
beta,mtsnet,0.8,9,20260929,0.85
beta,mtsnet,0.8,10,20260929,0.5
beta,mtsnet,0.8,11,20260929,0.25
beta,mtsnet,0.8,12,20260929,0.775
beta,mtsnet,0.8,13,20260929,0.7375
beta,mtsnet,0.8,14,20260929,0.4
beta,mtsnet,0.8,15,20260929,0.59375
beta,mtsnet,0.8,16,20260929,0.5875
beta,mtsnet,0.8,17,20260929,0.1625
beta,mtsnet,0.8,18,20260929,0.95
beta,mtsnet,0.8,19,20260929,0.66875
beta,mtsnet,0.8,20,20260929,0.2875
beta,mtsnet,0.8,21,20260929,0.575
beta,mtsnet,0.8,22,20260929,0.75625
beta,mtsnet,0.8,23,20260929,0.65625
beta,mtsnet,0.8,24,20260929,0.3625
beta,mtsnet,0.8,25,20260929,0.3875
beta,mtsnet,0.8,26,20260929,0.54375
beta,mtsnet,0.8,27,20260929,0.675
beta,mtsnet,0.8,28,20260929,0.725
beta,mtsnet,0.8,29,20260929,0.85625
beta,mtsnet,0.8,30,20260929,0.48125
beta,mtsnet,0.8,31,20260929,0.3625
beta,mtsnet,0.8,32,20260929,0.15
beta,mtsnet,0.8,33,20260929,0.35625
beta,mtsnet,0.8,34,20260929,0.79375
beta,mtsnet,0.8,35,20260929,0.65625
beta,mtsnet,0.8,36,20260929,0.86875
beta,mtsnet,0.8,37,20260929,0.88125
beta,mtsnet,0.8,38,20260929,0.39375
beta,mtsnet,0.8,39,20260929,0.6375
beta,mtsnet,0.8,40,20260929,0.4125
beta,mtsnet,0.8,41,20260929,0.2875
beta,mtsnet,0.8,42,20260929,0.43125
beta,mtsnet,0.8,43,20260929,0.525
beta,mtsnet,0.8,44,20260929,0.28125
beta,mtsnet,0.8,45,20260929,0.2875
beta,mtsnet,0.8,46,20260929,0.58125
beta,mtsnet,0.8,47,20260929,0.33125
beta,mtsnet,0.8,48,20260929,0.38125
beta,mtsnet,0.8,49,20260929,0.65625
beta,mtsnet,0.8,50,20260929,0.5
beta,mtsnet,0.8,51,20260929,0.525
beta,mtsnet,0.8,52,20260929,0.66875
beta,mtsnet,0.8,53,20260929,0.70625
beta,mtsnet,0.8,54,20260929,0.5
beta,mtsnet,0.8,55,20260929,0.35625
beta,mtsnet,0.8,56,20260929,0.71875
beta,mtsnet,0.8,57,20260929,0.7875
beta,mtsnet,0.8,58,20260929,0.40625
beta,mtsnet,0.8,59,20260929,0.36875
beta,mtsnet,0.8,60,20260929,0.41875
beta,mtsnet,0.8,61,20260929,0.2375
beta,mtsnet,0.8,62,20260929,0.81875
beta,mtsnet,0.8,63,20260929,0.85625
beta,mtsnet,0.8,64,20260929,0.575
beta,mtsnet,0.8,65,20260929,0.25
beta,mtsnet,0.8,66,20260929,0.85
beta,mtsnet,0.8,67,20260929,0.73125
beta,mtsnet,0.8,68,20260929,0.24375
beta,mtsnet,0.8,69,20260929,0.25625
beta,mtsnet,0.8,70,20260929,0.75
beta,mtsnet,0.8,1,20260930,0.84375
beta,mtsnet,0.8,2,20260930,0.83125
beta,mtsnet,0.8,3,20260930,0.90625
beta,mtsnet,0.8,4,20260930,0.68125
beta,mtsnet,0.8,5,20260930,0.4625
beta,mtsnet,0.8,6,20260930,0.575
beta,mtsnet,0.8,7,20260930,0.28125
beta,mtsnet,0.8,8,20260930,0.675
beta,mtsnet,0.8,9,20260930,0.91875
beta,mtsnet,0.8,10,20260930,0.55
beta,mtsnet,0.8,11,20260930,0.2375
beta,mtsnet,0.8,12,20260930,0.8125
beta,mtsnet,0.8,13,20260930,0.75625
beta,mtsnet,0.8,14,20260930,0.4375
beta,mtsnet,0.8,15,20260930,0.6625
beta,mtsnet,0.8,16,20260930,0.58125
beta,mtsnet,0.8,17,20260930,0.1875
beta,mtsnet,0.8,18,20260930,0.9625
beta,mtsnet,0.8,19,20260930,0.74375
beta,mtsnet,0.8,20,20260930,0.325
beta,mtsnet,0.8,21,20260930,0.63125
beta,mtsnet,0.8,22,20260930,0.7125
beta,mtsnet,0.8,23,20260930,0.5875
beta,mtsnet,0.8,24,20260930,0.43125
beta,mtsnet,0.8,25,20260930,0.34375
beta,mtsnet,0.8,26,20260930,0.575
beta,mtsnet,0.8,27,20260930,0.75625
beta,mtsnet,0.8,28,20260930,0.74375
beta,mtsnet,0.8,29,20260930,0.85625
beta,mtsnet,0.8,30,20260930,0.55
beta,mtsnet,0.8,31,20260930,0.375
beta,mtsnet,0.8,32,20260930,0.16875
beta,mtsnet,0.8,33,20260930,0.3625
beta,mtsnet,0.8,34,20260930,0.85625
beta,mtsnet,0.8,35,20260930,0.7375
beta,mtsnet,0.8,36,20260930,0.8875
beta,mtsnet,0.8,37,20260930,0.90625
beta,mtsnet,0.8,38,20260930,0.425
beta,mtsnet,0.8,39,20260930,0.6125
beta,mtsnet,0.8,40,20260930,0.41875
beta,mtsnet,0.8,41,20260930,0.28125
beta,mtsnet,0.8,42,20260930,0.41875
beta,mtsnet,0.8,43,20260930,0.54375
beta,mtsnet,0.8,44,20260930,0.29375
beta,mtsnet,0.8,45,20260930,0.38125
beta,mtsnet,0.8,46,20260930,0.59375
beta,mtsnet,0.8,47,20260930,0.35625
beta,mtsnet,0.8,48,20260930,0.5375
beta,mtsnet,0.8,49,20260930,0.69375
beta,mtsnet,0.8,50,20260930,0.53125
beta,mtsnet,0.8,51,20260930,0.5375
beta,mtsnet,0.8,52,20260930,0.75625
beta,mtsnet,0.8,53,20260930,0.8
beta,mtsnet,0.8,54,20260930,0.475
beta,mtsnet,0.8,55,20260930,0.3625
beta,mtsnet,0.8,56,20260930,0.69375
beta,mtsnet,0.8,57,20260930,0.825
beta,mtsnet,0.8,58,20260930,0.43125
beta,mtsnet,0.8,59,20260930,0.35
beta,mtsnet,0.8,60,20260930,0.41875
beta,mtsnet,0.8,61,20260930,0.25
beta,mtsnet,0.8,62,20260930,0.8125
beta,mtsnet,0.8,63,20260930,0.90625
beta,mtsnet,0.8,64,20260930,0.63125
beta,mtsnet,0.8,65,20260930,0.20625
beta,mtsnet,0.8,66,20260930,0.84375
beta,mtsnet,0.8,67,20260930,0.75625
beta,mtsnet,0.8,68,20260930,0.225
beta,mtsnet,0.8,69,20260930,0.3125
beta,mtsnet,0.8,70,20260930,0.78125
beta,mtsnet,0.8,1,20260931,0.84375
beta,mtsnet,0.8,2,20260931,0.84375
beta,mtsnet,0.8,3,20260931,0.90625
beta,mtsnet,0.8,4,20260931,0.60625
beta,mtsnet,0.8,5,20260931,0.48125
beta,mtsnet,0.8,6,20260931,0.56875
beta,mtsnet,0.8,7,20260931,0.2625
beta,mtsnet,0.8,8,20260931,0.6625
beta,mtsnet,0.8,9,20260931,0.875
beta,mtsnet,0.8,10,20260931,0.5625
beta,mtsnet,0.8,11,20260931,0.225
beta,mtsnet,0.8,12,20260931,0.8125
beta,mtsnet,0.8,13,20260931,0.725
beta,mtsnet,0.8,14,20260931,0.38125
beta,mtsnet,0.8,15,20260931,0.58125
beta,mtsnet,0.8,16,20260931,0.6
beta,mtsnet,0.8,17,20260931,0.20625
beta,mtsnet,0.8,18,20260931,0.94375
beta,mtsnet,0.8,19,20260931,0.71875
beta,mtsnet,0.8,20,20260931,0.25625
beta,mtsnet,0.8,21,20260931,0.6125
beta,mtsnet,0.8,22,20260931,0.7375
beta,mtsnet,0.8,23,20260931,0.625
beta,mtsnet,0.8,24,20260931,0.425
beta,mtsnet,0.8,25,20260931,0.31875
beta,mtsnet,0.8,26,20260931,0.54375
beta,mtsnet,0.8,27,20260931,0.675
beta,mtsnet,0.8,28,20260931,0.74375
beta,mtsnet,0.8,29,20260931,0.8375
beta,mtsnet,0.8,30,20260931,0.58125
beta,mtsnet,0.8,31,20260931,0.3375
beta,mtsnet,0.8,32,20260931,0.16875
beta,mtsnet,0.8,33,20260931,0.3
beta,mtsnet,0.8,34,20260931,0.8125
beta,mtsnet,0.8,35,20260931,0.68125
beta,mtsnet,0.8,36,20260931,0.875
beta,mtsnet,0.8,37,20260931,0.8875
beta,mtsnet,0.8,38,20260931,0.4375
beta,mtsnet,0.8,39,20260931,0.65
beta,mtsnet,0.8,40,20260931,0.48125
beta,mtsnet,0.8,41,20260931,0.23125
beta,mtsnet,0.8,42,20260931,0.4375
beta,mtsnet,0.8,43,20260931,0.5125
beta,mtsnet,0.8,44,20260931,0.35
beta,mtsnet,0.8,45,20260931,0.40625
beta,mtsnet,0.8,46,20260931,0.6625
beta,mtsnet,0.8,47,20260931,0.29375
beta,mtsnet,0.8,48,20260931,0.5125
beta,mtsnet,0.8,49,20260931,0.7
beta,mtsnet,0.8,50,20260931,0.525
beta,mtsnet,0.8,51,20260931,0.5875
beta,mtsnet,0.8,52,20260931,0.70625
beta,mtsnet,0.8,53,20260931,0.725
beta,mtsnet,0.8,54,20260931,0.50625
beta,mtsnet,0.8,55,20260931,0.375
beta,mtsnet,0.8,56,20260931,0.7375
beta,mtsnet,0.8,57,20260931,0.79375
beta,mtsnet,0.8,58,20260931,0.39375
beta,mtsnet,0.8,59,20260931,0.36875
beta,mtsnet,0.8,60,20260931,0.475
beta,mtsnet,0.8,61,20260931,0.24375
beta,mtsnet,0.8,62,20260931,0.8125
beta,mtsnet,0.8,63,20260931,0.89375
beta,mtsnet,0.8,64,20260931,0.625
beta,mtsnet,0.8,65,20260931,0.225
beta,mtsnet,0.8,66,20260931,0.84375
beta,mtsnet,0.8,67,20260931,0.73125
beta,mtsnet,0.8,68,20260931,0.23125
beta,mtsnet,0.8,69,20260931,0.34375
beta,mtsnet,0.8,70,20260931,0.8
beta,harmonic_fold,1.2,1,20260929,0.86875
beta,harmonic_fold,1.2,2,20260929,0.9
beta,harmonic_fold,1.2,3,20260929,0.95
beta,harmonic_fold,1.2,4,20260929,0.75
beta,harmonic_fold,1.2,5,20260929,0.75625
beta,harmonic_fold,1.2,6,20260929,0.74375
beta,harmonic_fold,1.2,7,20260929,0.5375
beta,harmonic_fold,1.2,8,20260929,0.7625
beta,harmonic_fold,1.2,9,20260929,0.95625
beta,harmonic_fold,1.2,10,20260929,0.6875
beta,harmonic_fold,1.2,11,20260929,0.38125
beta,harmonic_fold,1.2,12,20260929,0.94375
beta,harmonic_fold,1.2,13,20260929,0.95625
beta,harmonic_fold,1.2,14,20260929,0.46875
beta,harmonic_fold,1.2,15,20260929,0.71875
beta,harmonic_fold,1.2,16,20260929,0.80625
beta,harmonic_fold,1.2,17,20260929,0.23125
beta,harmonic_fold,1.2,18,20260929,0.9875
beta,harmonic_fold,1.2,19,20260929,0.8375
beta,harmonic_fold,1.2,20,20260929,0.40625
beta,harmonic_fold,1.2,21,20260929,0.86875
beta,harmonic_fold,1.2,22,20260929,0.80625
beta,harmonic_fold,1.2,23,20260929,0.8875
beta,harmonic_fold,1.2,24,20260929,0.61875
beta,harmonic_fold,1.2,25,20260929,0.4375
beta,harmonic_fold,1.2,26,20260929,0.6125
beta,harmonic_fold,1.2,27,20260929,0.8625
beta,harmonic_fold,1.2,28,20260929,0.8625
beta,harmonic_fold,1.2,29,20260929,0.8875
beta,harmonic_fold,1.2,30,20260929,0.74375
beta,harmonic_fold,1.2,31,20260929,0.50625
beta,harmonic_fold,1.2,32,20260929,0.24375
beta,harmonic_fold,1.2,33,20260929,0.51875
beta,harmonic_fold,1.2,34,20260929,0.93125
beta,harmonic_fold,1.2,35,20260929,0.81875
beta,harmonic_fold,1.2,36,20260929,0.975
beta,harmonic_fold,1.2,37,20260929,0.975
beta,harmonic_fold,1.2,38,20260929,0.69375
beta,harmonic_fold,1.2,39,20260929,0.75
beta,harmonic_fold,1.2,40,20260929,0.53125
beta,harmonic_fold,1.2,41,20260929,0.35625
beta,harmonic_fold,1.2,42,20260929,0.64375
beta,harmonic_fold,1.2,43,20260929,0.725
beta,harmonic_fold,1.2,44,20260929,0.475
beta,harmonic_fold,1.2,45,20260929,0.60625
beta,harmonic_fold,1.2,46,20260929,0.675
beta,harmonic_fold,1.2,47,20260929,0.425
beta,harmonic_fold,1.2,48,20260929,0.725
beta,harmonic_fold,1.2,49,20260929,0.8375
beta,harmonic_fold,1.2,50,20260929,0.6125
beta,harmonic_fold,1.2,51,20260929,0.65
beta,harmonic_fold,1.2,52,20260929,0.85
beta,harmonic_fold,1.2,53,20260929,0.84375
beta,harmonic_fold,1.2,54,20260929,0.68125
beta,harmonic_fold,1.2,55,20260929,0.5
beta,harmonic_fold,1.2,56,20260929,0.85
beta,harmonic_fold,1.2,57,20260929,0.85625
beta,harmonic_fold,1.2,58,20260929,0.7375
beta,harmonic_fold,1.2,59,20260929,0.3375
beta,harmonic_fold,1.2,60,20260929,0.53125
beta,harmonic_fold,1.2,61,20260929,0.33125
beta,harmonic_fold,1.2,62,20260929,0.875
beta,harmonic_fold,1.2,63,20260929,0.96875
beta,harmonic_fold,1.2,64,20260929,0.875
beta,harmonic_fold,1.2,65,20260929,0.3375
beta,harmonic_fold,1.2,66,20260929,0.9125
beta,harmonic_fold,1.2,67,20260929,0.875
beta,harmonic_fold,1.2,68,20260929,0.35625
beta,harmonic_fold,1.2,69,20260929,0.35625
beta,harmonic_fold,1.2,70,20260929,0.825
beta,harmonic_fold,1.2,1,20260930,0.875
beta,harmonic_fold,1.2,2,20260930,0.91875
beta,harmonic_fold,1.2,3,20260930,0.93125
beta,harmonic_fold,1.2,4,20260930,0.8
beta,harmonic_fold,1.2,5,20260930,0.75
beta,harmonic_fold,1.2,6,20260930,0.75
beta,harmonic_fold,1.2,7,20260930,0.48125
beta,harmonic_fold,1.2,8,20260930,0.7625
beta,harmonic_fold,1.2,9,20260930,0.94375
beta,harmonic_fold,1.2,10,20260930,0.69375
beta,harmonic_fold,1.2,11,20260930,0.38125
beta,harmonic_fold,1.2,12,20260930,0.90625
beta,harmonic_fold,1.2,13,20260930,0.94375
beta,harmonic_fold,1.2,14,20260930,0.40625
beta,harmonic_fold,1.2,15,20260930,0.6875
beta,harmonic_fold,1.2,16,20260930,0.76875
beta,harmonic_fold,1.2,17,20260930,0.275
beta,harmonic_fold,1.2,18,20260930,0.99375
beta,harmonic_fold,1.2,19,20260930,0.8375
beta,harmonic_fold,1.2,20,20260930,0.4
beta,harmonic_fold,1.2,21,20260930,0.85625
beta,harmonic_fold,1.2,22,20260930,0.7625
beta,harmonic_fold,1.2,23,20260930,0.8625
beta,harmonic_fold,1.2,24,20260930,0.6375
beta,harmonic_fold,1.2,25,20260930,0.4625
beta,harmonic_fold,1.2,26,20260930,0.6
beta,harmonic_fold,1.2,27,20260930,0.8875
beta,harmonic_fold,1.2,28,20260930,0.84375
beta,harmonic_fold,1.2,29,20260930,0.86875
beta,harmonic_fold,1.2,30,20260930,0.76875
beta,harmonic_fold,1.2,31,20260930,0.575
beta,harmonic_fold,1.2,32,20260930,0.225
beta,harmonic_fold,1.2,33,20260930,0.53125
beta,harmonic_fold,1.2,34,20260930,0.90625
beta,harmonic_fold,1.2,35,20260930,0.83125
beta,harmonic_fold,1.2,36,20260930,0.96875
beta,harmonic_fold,1.2,37,20260930,0.98125
beta,harmonic_fold,1.2,38,20260930,0.65
beta,harmonic_fold,1.2,39,20260930,0.75625
beta,harmonic_fold,1.2,40,20260930,0.5125
beta,harmonic_fold,1.2,41,20260930,0.3625
beta,harmonic_fold,1.2,42,20260930,0.64375
beta,harmonic_fold,1.2,43,20260930,0.69375
beta,harmonic_fold,1.2,44,20260930,0.4125
beta,harmonic_fold,1.2,45,20260930,0.525
beta,harmonic_fold,1.2,46,20260930,0.68125
beta,harmonic_fold,1.2,47,20260930,0.45625
beta,harmonic_fold,1.2,48,20260930,0.53125
beta,harmonic_fold,1.2,49,20260930,0.8375
beta,harmonic_fold,1.2,50,20260930,0.5375
beta,harmonic_fold,1.2,51,20260930,0.6625
beta,harmonic_fold,1.2,52,20260930,0.875
beta,harmonic_fold,1.2,53,20260930,0.8375
beta,harmonic_fold,1.2,54,20260930,0.73125
beta,harmonic_fold,1.2,55,20260930,0.525
beta,harmonic_fold,1.2,56,20260930,0.8875
beta,harmonic_fold,1.2,57,20260930,0.90625
beta,harmonic_fold,1.2,58,20260930,0.6875
beta,harmonic_fold,1.2,59,20260930,0.3375
beta,harmonic_fold,1.2,60,20260930,0.5
beta,harmonic_fold,1.2,61,20260930,0.36875
beta,harmonic_fold,1.2,62,20260930,0.83125
beta,harmonic_fold,1.2,63,20260930,0.95
beta,harmonic_fold,1.2,64,20260930,0.8125
beta,harmonic_fold,1.2,65,20260930,0.275
beta,harmonic_fold,1.2,66,20260930,0.90625
beta,harmonic_fold,1.2,67,20260930,0.875
beta,harmonic_fold,1.2,68,20260930,0.3125
beta,harmonic_fold,1.2,69,20260930,0.275
beta,harmonic_fold,1.2,70,20260930,0.825
beta,harmonic_fold,1.2,1,20260931,0.86875
beta,harmonic_fold,1.2,2,20260931,0.93125
beta,harmonic_fold,1.2,3,20260931,0.91875
beta,harmonic_fold,1.2,4,20260931,0.775
beta,harmonic_fold,1.2,5,20260931,0.7625
beta,harmonic_fold,1.2,6,20260931,0.7125
beta,harmonic_fold,1.2,7,20260931,0.54375
beta,harmonic_fold,1.2,8,20260931,0.725
beta,harmonic_fold,1.2,9,20260931,0.9625
beta,harmonic_fold,1.2,10,20260931,0.6875
beta,harmonic_fold,1.2,11,20260931,0.34375
beta,harmonic_fold,1.2,12,20260931,0.93125
beta,harmonic_fold,1.2,13,20260931,0.93125
beta,harmonic_fold,1.2,14,20260931,0.3625
beta,harmonic_fold,1.2,15,20260931,0.7
beta,harmonic_fold,1.2,16,20260931,0.78125
beta,harmonic_fold,1.2,17,20260931,0.25
beta,harmonic_fold,1.2,18,20260931,0.98125
beta,harmonic_fold,1.2,19,20260931,0.83125
beta,harmonic_fold,1.2,20,20260931,0.38125
beta,harmonic_fold,1.2,21,20260931,0.85625
beta,harmonic_fold,1.2,22,20260931,0.81875
beta,harmonic_fold,1.2,23,20260931,0.85
beta,harmonic_fold,1.2,24,20260931,0.625
beta,harmonic_fold,1.2,25,20260931,0.4375
beta,harmonic_fold,1.2,26,20260931,0.65625
beta,harmonic_fold,1.2,27,20260931,0.85
beta,harmonic_fold,1.2,28,20260931,0.85
beta,harmonic_fold,1.2,29,20260931,0.79375
beta,harmonic_fold,1.2,30,20260931,0.71875
beta,harmonic_fold,1.2,31,20260931,0.58125
beta,harmonic_fold,1.2,32,20260931,0.15625
beta,harmonic_fold,1.2,33,20260931,0.46875
beta,harmonic_fold,1.2,34,20260931,0.94375
beta,harmonic_fold,1.2,35,20260931,0.7625
beta,harmonic_fold,1.2,36,20260931,0.95625
beta,harmonic_fold,1.2,37,20260931,0.9875
beta,harmonic_fold,1.2,38,20260931,0.63125
beta,harmonic_fold,1.2,39,20260931,0.75
beta,harmonic_fold,1.2,40,20260931,0.50625
beta,harmonic_fold,1.2,41,20260931,0.3
beta,harmonic_fold,1.2,42,20260931,0.65625
beta,harmonic_fold,1.2,43,20260931,0.6625
beta,harmonic_fold,1.2,44,20260931,0.50625
beta,harmonic_fold,1.2,45,20260931,0.4875
beta,harmonic_fold,1.2,46,20260931,0.7125
beta,harmonic_fold,1.2,47,20260931,0.44375
beta,harmonic_fold,1.2,48,20260931,0.6875
beta,harmonic_fold,1.2,49,20260931,0.80625
beta,harmonic_fold,1.2,50,20260931,0.48125
beta,harmonic_fold,1.2,51,20260931,0.725
beta,harmonic_fold,1.2,52,20260931,0.9
beta,harmonic_fold,1.2,53,20260931,0.79375
beta,harmonic_fold,1.2,54,20260931,0.7
beta,harmonic_fold,1.2,55,20260931,0.4875
beta,harmonic_fold,1.2,56,20260931,0.8625
beta,harmonic_fold,1.2,57,20260931,0.91875
beta,harmonic_fold,1.2,58,20260931,0.68125
beta,harmonic_fold,1.2,59,20260931,0.2625
beta,harmonic_fold,1.2,60,20260931,0.51875
beta,harmonic_fold,1.2,61,20260931,0.28125
beta,harmonic_fold,1.2,62,20260931,0.8625
beta,harmonic_fold,1.2,63,20260931,0.95
beta,harmonic_fold,1.2,64,20260931,0.80625
beta,harmonic_fold,1.2,65,20260931,0.31875
beta,harmonic_fold,1.2,66,20260931,0.9
beta,harmonic_fold,1.2,67,20260931,0.7875
beta,harmonic_fold,1.2,68,20260931,0.41875
beta,harmonic_fold,1.2,69,20260931,0.1625
beta,harmonic_fold,1.2,70,20260931,0.80625
beta,mtsnet,1.2,1,20260929,0.875
beta,mtsnet,1.2,2,20260929,0.9
beta,mtsnet,1.2,3,20260929,0.9625
beta,mtsnet,1.2,4,20260929,0.8125
beta,mtsnet,1.2,5,20260929,0.65625
beta,mtsnet,1.2,6,20260929,0.73125
beta,mtsnet,1.2,7,20260929,0.38125
beta,mtsnet,1.2,8,20260929,0.79375
beta,mtsnet,1.2,9,20260929,0.95
beta,mtsnet,1.2,10,20260929,0.61875
beta,mtsnet,1.2,11,20260929,0.4375
beta,mtsnet,1.2,12,20260929,0.94375
beta,mtsnet,1.2,13,20260929,0.8875
beta,mtsnet,1.2,14,20260929,0.55
beta,mtsnet,1.2,15,20260929,0.66875
beta,mtsnet,1.2,16,20260929,0.7625
beta,mtsnet,1.2,17,20260929,0.20625
beta,mtsnet,1.2,18,20260929,1.0
beta,mtsnet,1.2,19,20260929,0.8125
beta,mtsnet,1.2,20,20260929,0.325
beta,mtsnet,1.2,21,20260929,0.81875
beta,mtsnet,1.2,22,20260929,0.84375
beta,mtsnet,1.2,23,20260929,0.7625
beta,mtsnet,1.2,24,20260929,0.60625
beta,mtsnet,1.2,25,20260929,0.4625
beta,mtsnet,1.2,26,20260929,0.65625
beta,mtsnet,1.2,27,20260929,0.875
beta,mtsnet,1.2,28,20260929,0.85
beta,mtsnet,1.2,29,20260929,0.95
beta,mtsnet,1.2,30,20260929,0.65
beta,mtsnet,1.2,31,20260929,0.50625
beta,mtsnet,1.2,32,20260929,0.30625
beta,mtsnet,1.2,33,20260929,0.43125
beta,mtsnet,1.2,34,20260929,0.9375
beta,mtsnet,1.2,35,20260929,0.75
beta,mtsnet,1.2,36,20260929,0.95625
beta,mtsnet,1.2,37,20260929,0.95
beta,mtsnet,1.2,38,20260929,0.625
beta,mtsnet,1.2,39,20260929,0.78125
beta,mtsnet,1.2,40,20260929,0.53125
beta,mtsnet,1.2,41,20260929,0.3
beta,mtsnet,1.2,42,20260929,0.66875
beta,mtsnet,1.2,43,20260929,0.69375
beta,mtsnet,1.2,44,20260929,0.45
beta,mtsnet,1.2,45,20260929,0.46875
beta,mtsnet,1.2,46,20260929,0.78125
beta,mtsnet,1.2,47,20260929,0.48125
beta,mtsnet,1.2,48,20260929,0.70625
beta,mtsnet,1.2,49,20260929,0.76875
beta,mtsnet,1.2,50,20260929,0.7125
beta,mtsnet,1.2,51,20260929,0.68125
beta,mtsnet,1.2,52,20260929,0.7625
beta,mtsnet,1.2,53,20260929,0.8
beta,mtsnet,1.2,54,20260929,0.69375
beta,mtsnet,1.2,55,20260929,0.44375
beta,mtsnet,1.2,56,20260929,0.84375
beta,mtsnet,1.2,57,20260929,0.86875
beta,mtsnet,1.2,58,20260929,0.525
beta,mtsnet,1.2,59,20260929,0.44375
beta,mtsnet,1.2,60,20260929,0.625
beta,mtsnet,1.2,61,20260929,0.38125
beta,mtsnet,1.2,62,20260929,0.925
beta,mtsnet,1.2,63,20260929,0.9625
beta,mtsnet,1.2,64,20260929,0.71875
beta,mtsnet,1.2,65,20260929,0.38125
beta,mtsnet,1.2,66,20260929,0.9125
beta,mtsnet,1.2,67,20260929,0.8375
beta,mtsnet,1.2,68,20260929,0.33125
beta,mtsnet,1.2,69,20260929,0.4625
beta,mtsnet,1.2,70,20260929,0.84375
beta,mtsnet,1.2,1,20260930,0.89375
beta,mtsnet,1.2,2,20260930,0.925
beta,mtsnet,1.2,3,20260930,0.9625
beta,mtsnet,1.2,4,20260930,0.8
beta,mtsnet,1.2,5,20260930,0.64375
beta,mtsnet,1.2,6,20260930,0.74375
beta,mtsnet,1.2,7,20260930,0.36875
beta,mtsnet,1.2,8,20260930,0.79375
beta,mtsnet,1.2,9,20260930,0.95625
beta,mtsnet,1.2,10,20260930,0.69375
beta,mtsnet,1.2,11,20260930,0.45
beta,mtsnet,1.2,12,20260930,0.93125
beta,mtsnet,1.2,13,20260930,0.90625
beta,mtsnet,1.2,14,20260930,0.5375
beta,mtsnet,1.2,15,20260930,0.7625
beta,mtsnet,1.2,16,20260930,0.7875
beta,mtsnet,1.2,17,20260930,0.21875
beta,mtsnet,1.2,18,20260930,0.99375
beta,mtsnet,1.2,19,20260930,0.8375
beta,mtsnet,1.2,20,20260930,0.2875
beta,mtsnet,1.2,21,20260930,0.85625
beta,mtsnet,1.2,22,20260930,0.85
beta,mtsnet,1.2,23,20260930,0.86875
beta,mtsnet,1.2,24,20260930,0.575
beta,mtsnet,1.2,25,20260930,0.46875
beta,mtsnet,1.2,26,20260930,0.6625
beta,mtsnet,1.2,27,20260930,0.79375
beta,mtsnet,1.2,28,20260930,0.8625
beta,mtsnet,1.2,29,20260930,0.94375
beta,mtsnet,1.2,30,20260930,0.69375
beta,mtsnet,1.2,31,20260930,0.53125
beta,mtsnet,1.2,32,20260930,0.25
beta,mtsnet,1.2,33,20260930,0.44375
beta,mtsnet,1.2,34,20260930,0.94375
beta,mtsnet,1.2,35,20260930,0.7625
beta,mtsnet,1.2,36,20260930,0.9375
beta,mtsnet,1.2,37,20260930,0.95625
beta,mtsnet,1.2,38,20260930,0.63125
beta,mtsnet,1.2,39,20260930,0.75
beta,mtsnet,1.2,40,20260930,0.5
beta,mtsnet,1.2,41,20260930,0.33125
beta,mtsnet,1.2,42,20260930,0.55625
beta,mtsnet,1.2,43,20260930,0.69375
beta,mtsnet,1.2,44,20260930,0.4875
beta,mtsnet,1.2,45,20260930,0.48125
beta,mtsnet,1.2,46,20260930,0.775
beta,mtsnet,1.2,47,20260930,0.475
beta,mtsnet,1.2,48,20260930,0.66875
beta,mtsnet,1.2,49,20260930,0.8
beta,mtsnet,1.2,50,20260930,0.6375
beta,mtsnet,1.2,51,20260930,0.70625
beta,mtsnet,1.2,52,20260930,0.7625
beta,mtsnet,1.2,53,20260930,0.86875
beta,mtsnet,1.2,54,20260930,0.7
beta,mtsnet,1.2,55,20260930,0.45
beta,mtsnet,1.2,56,20260930,0.8375
beta,mtsnet,1.2,57,20260930,0.9125
beta,mtsnet,1.2,58,20260930,0.51875
beta,mtsnet,1.2,59,20260930,0.45625
beta,mtsnet,1.2,60,20260930,0.55625
beta,mtsnet,1.2,61,20260930,0.325
beta,mtsnet,1.2,62,20260930,0.9125
beta,mtsnet,1.2,63,20260930,0.95
beta,mtsnet,1.2,64,20260930,0.75625
beta,mtsnet,1.2,65,20260930,0.33125
beta,mtsnet,1.2,66,20260930,0.9125
beta,mtsnet,1.2,67,20260930,0.83125
beta,mtsnet,1.2,68,20260930,0.35
beta,mtsnet,1.2,69,20260930,0.39375
beta,mtsnet,1.2,70,20260930,0.8375
beta,mtsnet,1.2,1,20260931,0.89375
beta,mtsnet,1.2,2,20260931,0.9
beta,mtsnet,1.2,3,20260931,0.95
beta,mtsnet,1.2,4,20260931,0.7875
beta,mtsnet,1.2,5,20260931,0.65625
beta,mtsnet,1.2,6,20260931,0.74375
beta,mtsnet,1.2,7,20260931,0.4
beta,mtsnet,1.2,8,20260931,0.8
beta,mtsnet,1.2,9,20260931,0.95
beta,mtsnet,1.2,10,20260931,0.63125
beta,mtsnet,1.2,11,20260931,0.40625
beta,mtsnet,1.2,12,20260931,0.925
beta,mtsnet,1.2,13,20260931,0.9
beta,mtsnet,1.2,14,20260931,0.58125
beta,mtsnet,1.2,15,20260931,0.68125
beta,mtsnet,1.2,16,20260931,0.8
beta,mtsnet,1.2,17,20260931,0.2125
beta,mtsnet,1.2,18,20260931,1.0
beta,mtsnet,1.2,19,20260931,0.7875
beta,mtsnet,1.2,20,20260931,0.33125
beta,mtsnet,1.2,21,20260931,0.86875
beta,mtsnet,1.2,22,20260931,0.8375
beta,mtsnet,1.2,23,20260931,0.85
beta,mtsnet,1.2,24,20260931,0.65
beta,mtsnet,1.2,25,20260931,0.46875
beta,mtsnet,1.2,26,20260931,0.66875
beta,mtsnet,1.2,27,20260931,0.83125
beta,mtsnet,1.2,28,20260931,0.85625
beta,mtsnet,1.2,29,20260931,0.91875
beta,mtsnet,1.2,30,20260931,0.7125
beta,mtsnet,1.2,31,20260931,0.58125
beta,mtsnet,1.2,32,20260931,0.2375
beta,mtsnet,1.2,33,20260931,0.41875
beta,mtsnet,1.2,34,20260931,0.90625
beta,mtsnet,1.2,35,20260931,0.75625
beta,mtsnet,1.2,36,20260931,0.9375
beta,mtsnet,1.2,37,20260931,0.94375
beta,mtsnet,1.2,38,20260931,0.64375
beta,mtsnet,1.2,39,20260931,0.775
beta,mtsnet,1.2,40,20260931,0.51875
beta,mtsnet,1.2,41,20260931,0.325
beta,mtsnet,1.2,42,20260931,0.6375
beta,mtsnet,1.2,43,20260931,0.6875
beta,mtsnet,1.2,44,20260931,0.44375
beta,mtsnet,1.2,45,20260931,0.49375
beta,mtsnet,1.2,46,20260931,0.7625
beta,mtsnet,1.2,47,20260931,0.49375
beta,mtsnet,1.2,48,20260931,0.69375
beta,mtsnet,1.2,49,20260931,0.775
beta,mtsnet,1.2,50,20260931,0.65
beta,mtsnet,1.2,51,20260931,0.6
beta,mtsnet,1.2,52,20260931,0.79375
beta,mtsnet,1.2,53,20260931,0.85
beta,mtsnet,1.2,54,20260931,0.6875
beta,mtsnet,1.2,55,20260931,0.4375
beta,mtsnet,1.2,56,20260931,0.81875
beta,mtsnet,1.2,57,20260931,0.91875
beta,mtsnet,1.2,58,20260931,0.55625
beta,mtsnet,1.2,59,20260931,0.44375
beta,mtsnet,1.2,60,20260931,0.55625
beta,mtsnet,1.2,61,20260931,0.33125
beta,mtsnet,1.2,62,20260931,0.9125
beta,mtsnet,1.2,63,20260931,0.95625
beta,mtsnet,1.2,64,20260931,0.75
beta,mtsnet,1.2,65,20260931,0.31875
beta,mtsnet,1.2,66,20260931,0.9
beta,mtsnet,1.2,67,20260931,0.84375
beta,mtsnet,1.2,68,20260931,0.38125
beta,mtsnet,1.2,69,20260931,0.38125
beta,mtsnet,1.2,70,20260931,0.85625
