collection,dataset,condition,seed,split,train_participants,validation_participants,test_participants,train_count,validation_count,test_count,result_file,result_sha256
ablations,beta,full,20260929,group-5-fold-0,1;2;4;5;10;11;12;13;14;16;18;19;20;22;23;24;25;26;27;30;31;33;34;37;38;39;40;41;42;43;44;45;46;47;48;49;52;55;57;58;59;60;61;62;64;65;66;68;69,7;15;21;28;51;54;63,3;6;8;9;17;29;32;35;36;50;53;56;67;70,49,7,14,runs/paper_v15/adaptation_sources/beta/harmonic_fold_v4_1/full/seed-20260929/fold-0/result.json,c0677254f3aae8c796e68ed5d2d39dbadc57302e088f307f7d633a43385a172f
ablations,beta,full,20260929,group-5-fold-1,1;2;3;6;8;9;10;12;13;14;16;17;19;21;22;25;26;27;28;29;30;31;32;35;37;40;42;44;45;46;48;49;50;51;52;53;54;55;56;57;58;60;62;65;66;67;68;69;70,7;36;38;39;59;61;64,4;5;11;15;18;20;23;24;33;34;41;43;47;63,49,7,14,runs/paper_v15/adaptation_sources/beta/harmonic_fold_v4_1/full/seed-20260929/fold-1/result.json,552d826e849985cabb9f5c6aebeefbadd4ee07e0c6b00ec265486fe37ebe25ac
ablations,beta,full,20260929,group-5-fold-2,1;3;4;5;6;7;8;9;11;12;14;15;18;19;22;23;25;26;29;30;32;33;35;36;37;38;41;43;44;45;46;47;48;51;52;53;55;56;57;58;59;61;62;63;65;67;68;69;70,10;17;20;24;34;50;64,2;13;16;21;27;28;31;39;40;42;49;54;60;66,49,7,14,runs/paper_v15/adaptation_sources/beta/harmonic_fold_v4_1/full/seed-20260929/fold-2/result.json,4373f6d3a42895165477c2b8e8708040f3129ba3f4a9aa27a3a85f89e6be6d8e
ablations,beta,full,20260929,group-5-fold-3,1;2;3;4;5;6;7;8;9;13;15;16;17;18;19;22;23;24;25;27;28;29;30;31;33;34;35;36;39;40;41;42;43;44;46;47;49;50;52;54;56;57;58;60;63;65;66;68;70,11;20;21;32;51;53;67,10;12;14;26;37;38;45;48;55;59;61;62;64;69,49,7,14,runs/paper_v15/adaptation_sources/beta/harmonic_fold_v4_1/full/seed-20260929/fold-3/result.json,890bf285953bcacfc61b3595696df7db539209b94be3bdf79de2c44ce85d8475
ablations,beta,full,20260929,group-5-fold-4,2;3;4;5;6;8;9;10;11;13;14;15;16;17;18;20;21;24;26;27;29;31;32;33;34;36;37;39;40;41;42;43;45;47;48;49;50;53;55;56;59;60;61;62;63;66;67;69;70,12;23;28;35;38;54;64,1;7;19;22;25;30;44;46;51;52;57;58;65;68,49,7,14,runs/paper_v15/adaptation_sources/beta/harmonic_fold_v4_1/full/seed-20260929/fold-4/result.json,c04d3cc0e67c0420b105036d3b9b1e4f8dd07b1c8852b1ac2109d903f5074c54
ablations,beta,full,20260930,group-5-fold-0,1;2;4;5;10;11;12;13;14;16;18;19;20;22;23;24;25;26;27;30;31;33;34;37;38;39;40;41;42;43;44;45;46;47;48;49;52;55;57;58;59;60;61;62;64;65;66;68;69,7;15;21;28;51;54;63,3;6;8;9;17;29;32;35;36;50;53;56;67;70,49,7,14,runs/paper_v15/adaptation_sources/beta/harmonic_fold_v4_1/full/seed-20260930/fold-0/result.json,846badbe86291c7bd3f0ef7921776f28c4f4f86de578c05ac0ab2835eb2e2be9
ablations,beta,full,20260930,group-5-fold-1,1;2;3;6;8;9;10;12;13;14;16;17;19;21;22;25;26;27;28;29;30;31;32;35;37;40;42;44;45;46;48;49;50;51;52;53;54;55;56;57;58;60;62;65;66;67;68;69;70,7;36;38;39;59;61;64,4;5;11;15;18;20;23;24;33;34;41;43;47;63,49,7,14,runs/paper_v15/adaptation_sources/beta/harmonic_fold_v4_1/full/seed-20260930/fold-1/result.json,da18ba4f28216c091deb8bc61ee878d56390fda5b29a3afedb1a168973f2331b
ablations,beta,full,20260930,group-5-fold-2,1;3;4;5;6;7;8;9;11;12;14;15;18;19;22;23;25;26;29;30;32;33;35;36;37;38;41;43;44;45;46;47;48;51;52;53;55;56;57;58;59;61;62;63;65;67;68;69;70,10;17;20;24;34;50;64,2;13;16;21;27;28;31;39;40;42;49;54;60;66,49,7,14,runs/paper_v15/adaptation_sources/beta/harmonic_fold_v4_1/full/seed-20260930/fold-2/result.json,57ddff141eefa975ce3735f78e3b82ca15f23369912292f2dc682d2deb5739df
ablations,beta,full,20260930,group-5-fold-3,1;2;3;4;5;6;7;8;9;13;15;16;17;18;19;22;23;24;25;27;28;29;30;31;33;34;35;36;39;40;41;42;43;44;46;47;49;50;52;54;56;57;58;60;63;65;66;68;70,11;20;21;32;51;53;67,10;12;14;26;37;38;45;48;55;59;61;62;64;69,49,7,14,runs/paper_v15/adaptation_sources/beta/harmonic_fold_v4_1/full/seed-20260930/fold-3/result.json,bde87dbb5a16fe3ff564eba54bc0137010c78fbee2c67873abae978b488b8497
ablations,beta,full,20260930,group-5-fold-4,2;3;4;5;6;8;9;10;11;13;14;15;16;17;18;20;21;24;26;27;29;31;32;33;34;36;37;39;40;41;42;43;45;47;48;49;50;53;55;56;59;60;61;62;63;66;67;69;70,12;23;28;35;38;54;64,1;7;19;22;25;30;44;46;51;52;57;58;65;68,49,7,14,runs/paper_v15/adaptation_sources/beta/harmonic_fold_v4_1/full/seed-20260930/fold-4/result.json,39060781a9cb34b58e2550e0fc6a500a1128f716288f81d8034c5ae2488c0108
ablations,beta,full,20260931,group-5-fold-0,1;2;4;5;10;11;12;13;14;16;18;19;20;22;23;24;25;26;27;30;31;33;34;37;38;39;40;41;42;43;44;45;46;47;48;49;52;55;57;58;59;60;61;62;64;65;66;68;69,7;15;21;28;51;54;63,3;6;8;9;17;29;32;35;36;50;53;56;67;70,49,7,14,runs/paper_v15/adaptation_sources/beta/harmonic_fold_v4_1/full/seed-20260931/fold-0/result.json,5b7734a2b2106076bb8ae50ae3f7f9e05b71fa4c395a68ca3c64b7bf076e68e3
ablations,beta,full,20260931,group-5-fold-1,1;2;3;6;8;9;10;12;13;14;16;17;19;21;22;25;26;27;28;29;30;31;32;35;37;40;42;44;45;46;48;49;50;51;52;53;54;55;56;57;58;60;62;65;66;67;68;69;70,7;36;38;39;59;61;64,4;5;11;15;18;20;23;24;33;34;41;43;47;63,49,7,14,runs/paper_v15/adaptation_sources/beta/harmonic_fold_v4_1/full/seed-20260931/fold-1/result.json,9bcd72b306411e172a5d23b95db02839af8c8061d3607681b770328737a0bd25
ablations,beta,full,20260931,group-5-fold-2,1;3;4;5;6;7;8;9;11;12;14;15;18;19;22;23;25;26;29;30;32;33;35;36;37;38;41;43;44;45;46;47;48;51;52;53;55;56;57;58;59;61;62;63;65;67;68;69;70,10;17;20;24;34;50;64,2;13;16;21;27;28;31;39;40;42;49;54;60;66,49,7,14,runs/paper_v15/adaptation_sources/beta/harmonic_fold_v4_1/full/seed-20260931/fold-2/result.json,534a3e19fcdcb9e0bfff3ece17b29cbc4fd82459d3f59e707525244e313d06cf
ablations,beta,full,20260931,group-5-fold-3,1;2;3;4;5;6;7;8;9;13;15;16;17;18;19;22;23;24;25;27;28;29;30;31;33;34;35;36;39;40;41;42;43;44;46;47;49;50;52;54;56;57;58;60;63;65;66;68;70,11;20;21;32;51;53;67,10;12;14;26;37;38;45;48;55;59;61;62;64;69,49,7,14,runs/paper_v15/adaptation_sources/beta/harmonic_fold_v4_1/full/seed-20260931/fold-3/result.json,c0491018744c44df187341409323e81c238d907401a32b8179f608b40377e7eb
ablations,beta,full,20260931,group-5-fold-4,2;3;4;5;6;8;9;10;11;13;14;15;16;17;18;20;21;24;26;27;29;31;32;33;34;36;37;39;40;41;42;43;45;47;48;49;50;53;55;56;59;60;61;62;63;66;67;69;70,12;23;28;35;38;54;64,1;7;19;22;25;30;44;46;51;52;57;58;65;68,49,7,14,runs/paper_v15/adaptation_sources/beta/harmonic_fold_v4_1/full/seed-20260931/fold-4/result.json,e21d16f2a2686bcaa20eaaf2641a008b2171bc9240df79285cb254bec8ae05bf
ablations,beta,no_attention,20260929,group-5-fold-0,1;2;4;5;10;11;12;13;14;16;18;19;20;22;23;24;25;26;27;30;31;33;34;37;38;39;40;41;42;43;44;45;46;47;48;49;52;55;57;58;59;60;61;62;64;65;66;68;69,7;15;21;28;51;54;63,3;6;8;9;17;29;32;35;36;50;53;56;67;70,49,7,14,runs/paper_v20/ablations/beta/harmonic_fold_v4_1/no_attention/seed-20260929/fold-0/result.json,82bdb4710422c3a50f32f4d53e9d9a2306417ef34dba2453a22515dca266fc68
ablations,beta,no_attention,20260929,group-5-fold-1,1;2;3;6;8;9;10;12;13;14;16;17;19;21;22;25;26;27;28;29;30;31;32;35;37;40;42;44;45;46;48;49;50;51;52;53;54;55;56;57;58;60;62;65;66;67;68;69;70,7;36;38;39;59;61;64,4;5;11;15;18;20;23;24;33;34;41;43;47;63,49,7,14,runs/paper_v20/ablations/beta/harmonic_fold_v4_1/no_attention/seed-20260929/fold-1/result.json,bf115e118a429c997d755066277b06bc148568a72e45f8d8ec17530f3f0cef63
ablations,beta,no_attention,20260929,group-5-fold-2,1;3;4;5;6;7;8;9;11;12;14;15;18;19;22;23;25;26;29;30;32;33;35;36;37;38;41;43;44;45;46;47;48;51;52;53;55;56;57;58;59;61;62;63;65;67;68;69;70,10;17;20;24;34;50;64,2;13;16;21;27;28;31;39;40;42;49;54;60;66,49,7,14,runs/paper_v20/ablations/beta/harmonic_fold_v4_1/no_attention/seed-20260929/fold-2/result.json,4d579f750c339b9f8a4bd37771cb43a895e876b52c981c61f7c812c5b9ffc25d
ablations,beta,no_attention,20260929,group-5-fold-3,1;2;3;4;5;6;7;8;9;13;15;16;17;18;19;22;23;24;25;27;28;29;30;31;33;34;35;36;39;40;41;42;43;44;46;47;49;50;52;54;56;57;58;60;63;65;66;68;70,11;20;21;32;51;53;67,10;12;14;26;37;38;45;48;55;59;61;62;64;69,49,7,14,runs/paper_v20/ablations/beta/harmonic_fold_v4_1/no_attention/seed-20260929/fold-3/result.json,3ed65eac316b35d96f5e189c2465cf84f44eddf6c7d4f1f70b5305b53eaff43c
ablations,beta,no_attention,20260929,group-5-fold-4,2;3;4;5;6;8;9;10;11;13;14;15;16;17;18;20;21;24;26;27;29;31;32;33;34;36;37;39;40;41;42;43;45;47;48;49;50;53;55;56;59;60;61;62;63;66;67;69;70,12;23;28;35;38;54;64,1;7;19;22;25;30;44;46;51;52;57;58;65;68,49,7,14,runs/paper_v20/ablations/beta/harmonic_fold_v4_1/no_attention/seed-20260929/fold-4/result.json,4fa8f2377d906cc3b9cffe82915b2f34b60893c057bbe90231f022c191ba39b8
ablations,beta,no_attention,20260930,group-5-fold-0,1;2;4;5;10;11;12;13;14;16;18;19;20;22;23;24;25;26;27;30;31;33;34;37;38;39;40;41;42;43;44;45;46;47;48;49;52;55;57;58;59;60;61;62;64;65;66;68;69,7;15;21;28;51;54;63,3;6;8;9;17;29;32;35;36;50;53;56;67;70,49,7,14,runs/paper_v20/ablations/beta/harmonic_fold_v4_1/no_attention/seed-20260930/fold-0/result.json,8696e444b464d4cbcff714bf678426c2b1511a6af0792b0c5cd1c0ce7bf48c17
ablations,beta,no_attention,20260930,group-5-fold-1,1;2;3;6;8;9;10;12;13;14;16;17;19;21;22;25;26;27;28;29;30;31;32;35;37;40;42;44;45;46;48;49;50;51;52;53;54;55;56;57;58;60;62;65;66;67;68;69;70,7;36;38;39;59;61;64,4;5;11;15;18;20;23;24;33;34;41;43;47;63,49,7,14,runs/paper_v20/ablations/beta/harmonic_fold_v4_1/no_attention/seed-20260930/fold-1/result.json,8965eee9e31017a7b494545fb868bd54d839e1d7e7c04e2d515ae82f2bb3d19a
ablations,beta,no_attention,20260930,group-5-fold-2,1;3;4;5;6;7;8;9;11;12;14;15;18;19;22;23;25;26;29;30;32;33;35;36;37;38;41;43;44;45;46;47;48;51;52;53;55;56;57;58;59;61;62;63;65;67;68;69;70,10;17;20;24;34;50;64,2;13;16;21;27;28;31;39;40;42;49;54;60;66,49,7,14,runs/paper_v20/ablations/beta/harmonic_fold_v4_1/no_attention/seed-20260930/fold-2/result.json,ddd7214fa09d135afc399dc22ce6db0c4ba25bf9dbc242e379c0e08d777d7281
ablations,beta,no_attention,20260930,group-5-fold-3,1;2;3;4;5;6;7;8;9;13;15;16;17;18;19;22;23;24;25;27;28;29;30;31;33;34;35;36;39;40;41;42;43;44;46;47;49;50;52;54;56;57;58;60;63;65;66;68;70,11;20;21;32;51;53;67,10;12;14;26;37;38;45;48;55;59;61;62;64;69,49,7,14,runs/paper_v20/ablations/beta/harmonic_fold_v4_1/no_attention/seed-20260930/fold-3/result.json,80d4b86560785ddff9ca09e858914a2210ceb0f7972323c5b2b4d438330d006d
ablations,beta,no_attention,20260930,group-5-fold-4,2;3;4;5;6;8;9;10;11;13;14;15;16;17;18;20;21;24;26;27;29;31;32;33;34;36;37;39;40;41;42;43;45;47;48;49;50;53;55;56;59;60;61;62;63;66;67;69;70,12;23;28;35;38;54;64,1;7;19;22;25;30;44;46;51;52;57;58;65;68,49,7,14,runs/paper_v20/ablations/beta/harmonic_fold_v4_1/no_attention/seed-20260930/fold-4/result.json,4127b38111a5bbd1a6e341b11a46525feb237f06cc8ebf2737f6473369b358c8
ablations,beta,no_attention,20260931,group-5-fold-0,1;2;4;5;10;11;12;13;14;16;18;19;20;22;23;24;25;26;27;30;31;33;34;37;38;39;40;41;42;43;44;45;46;47;48;49;52;55;57;58;59;60;61;62;64;65;66;68;69,7;15;21;28;51;54;63,3;6;8;9;17;29;32;35;36;50;53;56;67;70,49,7,14,runs/paper_v20/ablations/beta/harmonic_fold_v4_1/no_attention/seed-20260931/fold-0/result.json,9f61dade6e4fdc76c916000eddcc56591e9cf798db17dc87302ce3d70a789e6b
ablations,beta,no_attention,20260931,group-5-fold-1,1;2;3;6;8;9;10;12;13;14;16;17;19;21;22;25;26;27;28;29;30;31;32;35;37;40;42;44;45;46;48;49;50;51;52;53;54;55;56;57;58;60;62;65;66;67;68;69;70,7;36;38;39;59;61;64,4;5;11;15;18;20;23;24;33;34;41;43;47;63,49,7,14,runs/paper_v20/ablations/beta/harmonic_fold_v4_1/no_attention/seed-20260931/fold-1/result.json,745348241af18cb48319aaec5e72c2788e5fbb95e8c06e6d3904d170bf683579
ablations,beta,no_attention,20260931,group-5-fold-2,1;3;4;5;6;7;8;9;11;12;14;15;18;19;22;23;25;26;29;30;32;33;35;36;37;38;41;43;44;45;46;47;48;51;52;53;55;56;57;58;59;61;62;63;65;67;68;69;70,10;17;20;24;34;50;64,2;13;16;21;27;28;31;39;40;42;49;54;60;66,49,7,14,runs/paper_v20/ablations/beta/harmonic_fold_v4_1/no_attention/seed-20260931/fold-2/result.json,4320b50cc56e38f9f9244058cf3cd31786548776bdc454a17d03d7fe943cd14e
ablations,beta,no_attention,20260931,group-5-fold-3,1;2;3;4;5;6;7;8;9;13;15;16;17;18;19;22;23;24;25;27;28;29;30;31;33;34;35;36;39;40;41;42;43;44;46;47;49;50;52;54;56;57;58;60;63;65;66;68;70,11;20;21;32;51;53;67,10;12;14;26;37;38;45;48;55;59;61;62;64;69,49,7,14,runs/paper_v20/ablations/beta/harmonic_fold_v4_1/no_attention/seed-20260931/fold-3/result.json,428df63857be1b811c9ab30a00e6d3aa8aaa12baede08a934070bc064c5ca511
ablations,beta,no_attention,20260931,group-5-fold-4,2;3;4;5;6;8;9;10;11;13;14;15;16;17;18;20;21;24;26;27;29;31;32;33;34;36;37;39;40;41;42;43;45;47;48;49;50;53;55;56;59;60;61;62;63;66;67;69;70,12;23;28;35;38;54;64,1;7;19;22;25;30;44;46;51;52;57;58;65;68,49,7,14,runs/paper_v20/ablations/beta/harmonic_fold_v4_1/no_attention/seed-20260931/fold-4/result.json,17fe72c9e89d86db437f04058e64695139b184f04fb33f11ee1c465cf7e831fb
ablations,beta,no_harmonic_bias,20260929,group-5-fold-0,1;2;4;5;10;11;12;13;14;16;18;19;20;22;23;24;25;26;27;30;31;33;34;37;38;39;40;41;42;43;44;45;46;47;48;49;52;55;57;58;59;60;61;62;64;65;66;68;69,7;15;21;28;51;54;63,3;6;8;9;17;29;32;35;36;50;53;56;67;70,49,7,14,runs/paper_v20/ablations/beta/harmonic_fold_v4_1/no_harmonic_bias/seed-20260929/fold-0/result.json,18c45ce98f4bb5689c7eb825916cbdc37e2d3e1537bae8a6f518a663306f243f
ablations,beta,no_harmonic_bias,20260929,group-5-fold-1,1;2;3;6;8;9;10;12;13;14;16;17;19;21;22;25;26;27;28;29;30;31;32;35;37;40;42;44;45;46;48;49;50;51;52;53;54;55;56;57;58;60;62;65;66;67;68;69;70,7;36;38;39;59;61;64,4;5;11;15;18;20;23;24;33;34;41;43;47;63,49,7,14,runs/paper_v20/ablations/beta/harmonic_fold_v4_1/no_harmonic_bias/seed-20260929/fold-1/result.json,be07c6e15b7d3acc796b897480de0b015ef7be36b1ecf1ad3aacf22d2aca97a4
ablations,beta,no_harmonic_bias,20260929,group-5-fold-2,1;3;4;5;6;7;8;9;11;12;14;15;18;19;22;23;25;26;29;30;32;33;35;36;37;38;41;43;44;45;46;47;48;51;52;53;55;56;57;58;59;61;62;63;65;67;68;69;70,10;17;20;24;34;50;64,2;13;16;21;27;28;31;39;40;42;49;54;60;66,49,7,14,runs/paper_v20/ablations/beta/harmonic_fold_v4_1/no_harmonic_bias/seed-20260929/fold-2/result.json,e13d035f0818703ba29221e8bc4be46b2a95338083303cab31ab68c7cf88af10
ablations,beta,no_harmonic_bias,20260929,group-5-fold-3,1;2;3;4;5;6;7;8;9;13;15;16;17;18;19;22;23;24;25;27;28;29;30;31;33;34;35;36;39;40;41;42;43;44;46;47;49;50;52;54;56;57;58;60;63;65;66;68;70,11;20;21;32;51;53;67,10;12;14;26;37;38;45;48;55;59;61;62;64;69,49,7,14,runs/paper_v20/ablations/beta/harmonic_fold_v4_1/no_harmonic_bias/seed-20260929/fold-3/result.json,b0974d3ed028f0caacd22a43ab75393881491193cb4e4f873eb01e876ce4e747
ablations,beta,no_harmonic_bias,20260929,group-5-fold-4,2;3;4;5;6;8;9;10;11;13;14;15;16;17;18;20;21;24;26;27;29;31;32;33;34;36;37;39;40;41;42;43;45;47;48;49;50;53;55;56;59;60;61;62;63;66;67;69;70,12;23;28;35;38;54;64,1;7;19;22;25;30;44;46;51;52;57;58;65;68,49,7,14,runs/paper_v20/ablations/beta/harmonic_fold_v4_1/no_harmonic_bias/seed-20260929/fold-4/result.json,6e2d76290f503ac865d706282ea31e6b3837118a2669ad335a1a54e797fa16d4
ablations,beta,no_harmonic_bias,20260930,group-5-fold-0,1;2;4;5;10;11;12;13;14;16;18;19;20;22;23;24;25;26;27;30;31;33;34;37;38;39;40;41;42;43;44;45;46;47;48;49;52;55;57;58;59;60;61;62;64;65;66;68;69,7;15;21;28;51;54;63,3;6;8;9;17;29;32;35;36;50;53;56;67;70,49,7,14,runs/paper_v20/ablations/beta/harmonic_fold_v4_1/no_harmonic_bias/seed-20260930/fold-0/result.json,99739d40d1defd95c89e81dcfaebf11afa5aa014d59446c08c05dff8c9b2cfa7
ablations,beta,no_harmonic_bias,20260930,group-5-fold-1,1;2;3;6;8;9;10;12;13;14;16;17;19;21;22;25;26;27;28;29;30;31;32;35;37;40;42;44;45;46;48;49;50;51;52;53;54;55;56;57;58;60;62;65;66;67;68;69;70,7;36;38;39;59;61;64,4;5;11;15;18;20;23;24;33;34;41;43;47;63,49,7,14,runs/paper_v20/ablations/beta/harmonic_fold_v4_1/no_harmonic_bias/seed-20260930/fold-1/result.json,e20f5ab43dcc89a58db85e3014d129c7974e623d9d029c2ee1d25a76c475856a
ablations,beta,no_harmonic_bias,20260930,group-5-fold-2,1;3;4;5;6;7;8;9;11;12;14;15;18;19;22;23;25;26;29;30;32;33;35;36;37;38;41;43;44;45;46;47;48;51;52;53;55;56;57;58;59;61;62;63;65;67;68;69;70,10;17;20;24;34;50;64,2;13;16;21;27;28;31;39;40;42;49;54;60;66,49,7,14,runs/paper_v20/ablations/beta/harmonic_fold_v4_1/no_harmonic_bias/seed-20260930/fold-2/result.json,027231aef51f768217405d755f6eedc0944c0ea37cc04058fea98c821c532635
ablations,beta,no_harmonic_bias,20260930,group-5-fold-3,1;2;3;4;5;6;7;8;9;13;15;16;17;18;19;22;23;24;25;27;28;29;30;31;33;34;35;36;39;40;41;42;43;44;46;47;49;50;52;54;56;57;58;60;63;65;66;68;70,11;20;21;32;51;53;67,10;12;14;26;37;38;45;48;55;59;61;62;64;69,49,7,14,runs/paper_v20/ablations/beta/harmonic_fold_v4_1/no_harmonic_bias/seed-20260930/fold-3/result.json,960cc683d09e0706df52574bb108149c2b0ff1c5b31b5e58c8d5fccc284f47b4
ablations,beta,no_harmonic_bias,20260930,group-5-fold-4,2;3;4;5;6;8;9;10;11;13;14;15;16;17;18;20;21;24;26;27;29;31;32;33;34;36;37;39;40;41;42;43;45;47;48;49;50;53;55;56;59;60;61;62;63;66;67;69;70,12;23;28;35;38;54;64,1;7;19;22;25;30;44;46;51;52;57;58;65;68,49,7,14,runs/paper_v20/ablations/beta/harmonic_fold_v4_1/no_harmonic_bias/seed-20260930/fold-4/result.json,4ccfc55d338902e347675f9f92d0cfc2d0735455aa7ec5b550f253bce07c85c4
ablations,beta,no_harmonic_bias,20260931,group-5-fold-0,1;2;4;5;10;11;12;13;14;16;18;19;20;22;23;24;25;26;27;30;31;33;34;37;38;39;40;41;42;43;44;45;46;47;48;49;52;55;57;58;59;60;61;62;64;65;66;68;69,7;15;21;28;51;54;63,3;6;8;9;17;29;32;35;36;50;53;56;67;70,49,7,14,runs/paper_v20/ablations/beta/harmonic_fold_v4_1/no_harmonic_bias/seed-20260931/fold-0/result.json,93e26f635250afe51c3da75edd891395c9627a3f420eeac269a9ebbee4a76c96
ablations,beta,no_harmonic_bias,20260931,group-5-fold-1,1;2;3;6;8;9;10;12;13;14;16;17;19;21;22;25;26;27;28;29;30;31;32;35;37;40;42;44;45;46;48;49;50;51;52;53;54;55;56;57;58;60;62;65;66;67;68;69;70,7;36;38;39;59;61;64,4;5;11;15;18;20;23;24;33;34;41;43;47;63,49,7,14,runs/paper_v20/ablations/beta/harmonic_fold_v4_1/no_harmonic_bias/seed-20260931/fold-1/result.json,66d2cd2f749cec7260acef146e98ad536b62ba39cae0943f864be13abce98d95
ablations,beta,no_harmonic_bias,20260931,group-5-fold-2,1;3;4;5;6;7;8;9;11;12;14;15;18;19;22;23;25;26;29;30;32;33;35;36;37;38;41;43;44;45;46;47;48;51;52;53;55;56;57;58;59;61;62;63;65;67;68;69;70,10;17;20;24;34;50;64,2;13;16;21;27;28;31;39;40;42;49;54;60;66,49,7,14,runs/paper_v20/ablations/beta/harmonic_fold_v4_1/no_harmonic_bias/seed-20260931/fold-2/result.json,e71648aa28c1f26d0a9ceacd1c54bbed12a562dd8b94d98f766cd84bfe35e9b2
ablations,beta,no_harmonic_bias,20260931,group-5-fold-3,1;2;3;4;5;6;7;8;9;13;15;16;17;18;19;22;23;24;25;27;28;29;30;31;33;34;35;36;39;40;41;42;43;44;46;47;49;50;52;54;56;57;58;60;63;65;66;68;70,11;20;21;32;51;53;67,10;12;14;26;37;38;45;48;55;59;61;62;64;69,49,7,14,runs/paper_v20/ablations/beta/harmonic_fold_v4_1/no_harmonic_bias/seed-20260931/fold-3/result.json,bbaf0752ededd81aec25f370d183662aff4129a6585e5d8118382bc647f5657e
ablations,beta,no_harmonic_bias,20260931,group-5-fold-4,2;3;4;5;6;8;9;10;11;13;14;15;16;17;18;20;21;24;26;27;29;31;32;33;34;36;37;39;40;41;42;43;45;47;48;49;50;53;55;56;59;60;61;62;63;66;67;69;70,12;23;28;35;38;54;64,1;7;19;22;25;30;44;46;51;52;57;58;65;68,49,7,14,runs/paper_v20/ablations/beta/harmonic_fold_v4_1/no_harmonic_bias/seed-20260931/fold-4/result.json,3dbb3b9bdfc6edc9326bce518ee22bbd10748e8b99c3dad8cfe8da4c736acbe8
ablations,beta,no_local,20260929,group-5-fold-0,1;2;4;5;10;11;12;13;14;16;18;19;20;22;23;24;25;26;27;30;31;33;34;37;38;39;40;41;42;43;44;45;46;47;48;49;52;55;57;58;59;60;61;62;64;65;66;68;69,7;15;21;28;51;54;63,3;6;8;9;17;29;32;35;36;50;53;56;67;70,49,7,14,runs/paper_v20/ablations/beta/harmonic_fold_v4_1/no_local/seed-20260929/fold-0/result.json,6ba4be97d65190aaa3f69dc4a75e82b78bd823428319928b879751fb04d2df59
ablations,beta,no_local,20260929,group-5-fold-1,1;2;3;6;8;9;10;12;13;14;16;17;19;21;22;25;26;27;28;29;30;31;32;35;37;40;42;44;45;46;48;49;50;51;52;53;54;55;56;57;58;60;62;65;66;67;68;69;70,7;36;38;39;59;61;64,4;5;11;15;18;20;23;24;33;34;41;43;47;63,49,7,14,runs/paper_v20/ablations/beta/harmonic_fold_v4_1/no_local/seed-20260929/fold-1/result.json,6f502b91a92343214d7601c771fc0db189ae2f995a854a48f9cb630e39a4aa1c
ablations,beta,no_local,20260929,group-5-fold-2,1;3;4;5;6;7;8;9;11;12;14;15;18;19;22;23;25;26;29;30;32;33;35;36;37;38;41;43;44;45;46;47;48;51;52;53;55;56;57;58;59;61;62;63;65;67;68;69;70,10;17;20;24;34;50;64,2;13;16;21;27;28;31;39;40;42;49;54;60;66,49,7,14,runs/paper_v20/ablations/beta/harmonic_fold_v4_1/no_local/seed-20260929/fold-2/result.json,8db58ffcfe005bb826f43c347b7626349cd073d9d2dc502f1d1ead2377dd4d7e
ablations,beta,no_local,20260929,group-5-fold-3,1;2;3;4;5;6;7;8;9;13;15;16;17;18;19;22;23;24;25;27;28;29;30;31;33;34;35;36;39;40;41;42;43;44;46;47;49;50;52;54;56;57;58;60;63;65;66;68;70,11;20;21;32;51;53;67,10;12;14;26;37;38;45;48;55;59;61;62;64;69,49,7,14,runs/paper_v20/ablations/beta/harmonic_fold_v4_1/no_local/seed-20260929/fold-3/result.json,403479f56e666bf9f13d14bd0b370a080a510ba81619e6a8ed93ff06914ea8b6
ablations,beta,no_local,20260929,group-5-fold-4,2;3;4;5;6;8;9;10;11;13;14;15;16;17;18;20;21;24;26;27;29;31;32;33;34;36;37;39;40;41;42;43;45;47;48;49;50;53;55;56;59;60;61;62;63;66;67;69;70,12;23;28;35;38;54;64,1;7;19;22;25;30;44;46;51;52;57;58;65;68,49,7,14,runs/paper_v20/ablations/beta/harmonic_fold_v4_1/no_local/seed-20260929/fold-4/result.json,153f6f3c835eac3c62662a63bee0d34562ca9454d9b9b0f1f0daf590029f264f
ablations,beta,no_local,20260930,group-5-fold-0,1;2;4;5;10;11;12;13;14;16;18;19;20;22;23;24;25;26;27;30;31;33;34;37;38;39;40;41;42;43;44;45;46;47;48;49;52;55;57;58;59;60;61;62;64;65;66;68;69,7;15;21;28;51;54;63,3;6;8;9;17;29;32;35;36;50;53;56;67;70,49,7,14,runs/paper_v20/ablations/beta/harmonic_fold_v4_1/no_local/seed-20260930/fold-0/result.json,087d2b1ee593c5aad1f74c7d0d20ba846c720208cef995a88934fafc7eb45568
ablations,beta,no_local,20260930,group-5-fold-1,1;2;3;6;8;9;10;12;13;14;16;17;19;21;22;25;26;27;28;29;30;31;32;35;37;40;42;44;45;46;48;49;50;51;52;53;54;55;56;57;58;60;62;65;66;67;68;69;70,7;36;38;39;59;61;64,4;5;11;15;18;20;23;24;33;34;41;43;47;63,49,7,14,runs/paper_v20/ablations/beta/harmonic_fold_v4_1/no_local/seed-20260930/fold-1/result.json,d0db7e79328e6a00e2da8d91592a1844cc6b80faf16690ce73b9d5366a27bdba
ablations,beta,no_local,20260930,group-5-fold-2,1;3;4;5;6;7;8;9;11;12;14;15;18;19;22;23;25;26;29;30;32;33;35;36;37;38;41;43;44;45;46;47;48;51;52;53;55;56;57;58;59;61;62;63;65;67;68;69;70,10;17;20;24;34;50;64,2;13;16;21;27;28;31;39;40;42;49;54;60;66,49,7,14,runs/paper_v20/ablations/beta/harmonic_fold_v4_1/no_local/seed-20260930/fold-2/result.json,ab3f1ecaad86b6b4413dd87011d8673933d5ba0da61f389aa091226f57278346
ablations,beta,no_local,20260930,group-5-fold-3,1;2;3;4;5;6;7;8;9;13;15;16;17;18;19;22;23;24;25;27;28;29;30;31;33;34;35;36;39;40;41;42;43;44;46;47;49;50;52;54;56;57;58;60;63;65;66;68;70,11;20;21;32;51;53;67,10;12;14;26;37;38;45;48;55;59;61;62;64;69,49,7,14,runs/paper_v20/ablations/beta/harmonic_fold_v4_1/no_local/seed-20260930/fold-3/result.json,c9cb501528787c5974bed0b1dd3c6402a0899ea32122387aac29b10e95ec3075
ablations,beta,no_local,20260930,group-5-fold-4,2;3;4;5;6;8;9;10;11;13;14;15;16;17;18;20;21;24;26;27;29;31;32;33;34;36;37;39;40;41;42;43;45;47;48;49;50;53;55;56;59;60;61;62;63;66;67;69;70,12;23;28;35;38;54;64,1;7;19;22;25;30;44;46;51;52;57;58;65;68,49,7,14,runs/paper_v20/ablations/beta/harmonic_fold_v4_1/no_local/seed-20260930/fold-4/result.json,079173740feea93c120ffc2a02749feeb59a005a899d5367be81cc32039087ba
ablations,beta,no_local,20260931,group-5-fold-0,1;2;4;5;10;11;12;13;14;16;18;19;20;22;23;24;25;26;27;30;31;33;34;37;38;39;40;41;42;43;44;45;46;47;48;49;52;55;57;58;59;60;61;62;64;65;66;68;69,7;15;21;28;51;54;63,3;6;8;9;17;29;32;35;36;50;53;56;67;70,49,7,14,runs/paper_v20/ablations/beta/harmonic_fold_v4_1/no_local/seed-20260931/fold-0/result.json,840e4977f4da51723482308f086d7ad49cb614d843faa467337d4910d3b982ca
ablations,beta,no_local,20260931,group-5-fold-1,1;2;3;6;8;9;10;12;13;14;16;17;19;21;22;25;26;27;28;29;30;31;32;35;37;40;42;44;45;46;48;49;50;51;52;53;54;55;56;57;58;60;62;65;66;67;68;69;70,7;36;38;39;59;61;64,4;5;11;15;18;20;23;24;33;34;41;43;47;63,49,7,14,runs/paper_v20/ablations/beta/harmonic_fold_v4_1/no_local/seed-20260931/fold-1/result.json,b6cb6c04419254994075b6bc2a63f8075d9a45e3fa63ce68b697fce45dcbce02
ablations,beta,no_local,20260931,group-5-fold-2,1;3;4;5;6;7;8;9;11;12;14;15;18;19;22;23;25;26;29;30;32;33;35;36;37;38;41;43;44;45;46;47;48;51;52;53;55;56;57;58;59;61;62;63;65;67;68;69;70,10;17;20;24;34;50;64,2;13;16;21;27;28;31;39;40;42;49;54;60;66,49,7,14,runs/paper_v20/ablations/beta/harmonic_fold_v4_1/no_local/seed-20260931/fold-2/result.json,b8c0706a36b57a480b897f124d1eeba6636dad7782fe0b9e97eed388222b1095
ablations,beta,no_local,20260931,group-5-fold-3,1;2;3;4;5;6;7;8;9;13;15;16;17;18;19;22;23;24;25;27;28;29;30;31;33;34;35;36;39;40;41;42;43;44;46;47;49;50;52;54;56;57;58;60;63;65;66;68;70,11;20;21;32;51;53;67,10;12;14;26;37;38;45;48;55;59;61;62;64;69,49,7,14,runs/paper_v20/ablations/beta/harmonic_fold_v4_1/no_local/seed-20260931/fold-3/result.json,0fdd2360afa4f08d9f4a325de08966302a64bc1f9cf0d638b4d31c94f0f82888
ablations,beta,no_local,20260931,group-5-fold-4,2;3;4;5;6;8;9;10;11;13;14;15;16;17;18;20;21;24;26;27;29;31;32;33;34;36;37;39;40;41;42;43;45;47;48;49;50;53;55;56;59;60;61;62;63;66;67;69;70,12;23;28;35;38;54;64,1;7;19;22;25;30;44;46;51;52;57;58;65;68,49,7,14,runs/paper_v20/ablations/beta/harmonic_fold_v4_1/no_local/seed-20260931/fold-4/result.json,2398ed675edd0275b6722b122dc6f432480bc1c289bb2aff614ffe0c4148ba4d
electrode_transfer,wearable,dry_to_dry,20260929,group-5-fold-0,1;3;5;7;9;10;12;13;14;15;16;18;21;22;23;26;27;28;29;30;31;32;35;36;37;38;39;41;42;43;44;45;46;47;48;52;53;54;55;56;58;59;62;63;64;66;67;68;69;71;72;74;75;76;78;80;81;82;84;85;87;89;90;92;94;95;96;97;98;100;101,19;25;34;50;51;57;61;83;91;99,2;4;6;8;11;17;20;24;33;40;49;60;65;70;73;77;79;86;88;93;102,71,10,21,runs/paper_v16/electrode_transfer/dry_to_dry/wearable/harmonic_fold_v4_1/full/seed-20260929/fold-0/result.json,0377707bb508930aab01ee20f89b1bb20cb65f7c8df221f7c7a7dd6d4daaac80
electrode_transfer,wearable,dry_to_dry,20260929,group-5-fold-1,1;2;4;6;10;11;12;13;14;16;17;18;19;20;21;22;24;25;26;27;28;30;31;33;34;36;37;39;40;42;43;44;45;46;47;49;50;51;52;54;55;61;64;65;68;69;70;72;73;74;75;77;79;80;81;83;84;85;86;87;88;89;91;92;93;94;97;99;100;101;102,7;8;32;38;48;57;58;60;62;76,3;5;9;15;23;29;35;41;53;56;59;63;66;67;71;78;82;90;95;96;98,71,10,21,runs/paper_v16/electrode_transfer/dry_to_dry/wearable/harmonic_fold_v4_1/full/seed-20260929/fold-1/result.json,df3fb7c88b434882215dc70441f4fd7e9c6e24f4042a80229abc659ed1c94ace
electrode_transfer,wearable,dry_to_dry,20260929,group-5-fold-2,1;2;3;4;5;7;8;9;11;14;15;17;19;20;22;23;24;25;26;29;31;33;35;38;40;41;44;46;48;49;50;51;53;54;57;58;59;60;61;63;64;65;66;67;69;70;71;72;73;74;75;76;77;78;79;80;82;83;84;85;86;87;90;91;92;93;94;95;98;99;101;102,6;16;21;28;30;47;56;81;88;96,10;12;13;18;27;32;34;36;37;39;42;43;45;52;55;62;68;89;97;100,72,10,20,runs/paper_v16/electrode_transfer/dry_to_dry/wearable/harmonic_fold_v4_1/full/seed-20260929/fold-2/result.json,f66971a8cb1b83fb064b07e045ae818f68ebd99bd81c1e4b5a9699fdf597aa00
electrode_transfer,wearable,dry_to_dry,20260929,group-5-fold-3,1;2;4;5;6;7;8;9;10;11;13;15;17;18;19;20;22;24;25;27;29;30;32;33;35;36;37;39;40;41;42;44;45;46;51;52;53;55;56;57;59;60;62;63;65;66;67;68;70;71;73;74;75;77;78;80;82;83;86;88;89;90;93;94;95;96;97;98;99;100;101;102,3;12;23;34;43;49;58;61;79;92,14;16;21;26;28;31;38;47;48;50;54;64;69;72;76;81;84;85;87;91,72,10,20,runs/paper_v16/electrode_transfer/dry_to_dry/wearable/harmonic_fold_v4_1/full/seed-20260929/fold-3/result.json,83c8f90541e893915ec0ed27680b8e1754160a69fee492dd5576f97de5f239ee
electrode_transfer,wearable,dry_to_dry,20260929,group-5-fold-4,2;3;4;5;6;9;10;11;12;13;14;15;16;17;18;20;21;23;24;26;27;29;31;32;34;36;37;38;40;41;42;43;45;47;48;49;52;53;54;56;59;60;62;63;64;65;66;67;68;69;70;71;72;73;76;77;79;81;82;84;85;86;87;88;89;90;91;93;95;96;97;98,8;28;33;35;39;50;55;78;100;102,1;7;19;22;25;30;44;46;51;57;58;61;74;75;80;83;92;94;99;101,72,10,20,runs/paper_v16/electrode_transfer/dry_to_dry/wearable/harmonic_fold_v4_1/full/seed-20260929/fold-4/result.json,7569c597374bc866792bcdff9c10fcdd0f38da421eec6459838cb7bd9e55797d
electrode_transfer,wearable,dry_to_dry,20260930,group-5-fold-0,1;3;5;7;9;10;12;13;14;15;16;18;21;22;23;26;27;28;29;30;31;32;35;36;37;38;39;41;42;43;44;45;46;47;48;52;53;54;55;56;58;59;62;63;64;66;67;68;69;71;72;74;75;76;78;80;81;82;84;85;87;89;90;92;94;95;96;97;98;100;101,19;25;34;50;51;57;61;83;91;99,2;4;6;8;11;17;20;24;33;40;49;60;65;70;73;77;79;86;88;93;102,71,10,21,runs/paper_v16/electrode_transfer/dry_to_dry/wearable/harmonic_fold_v4_1/full/seed-20260930/fold-0/result.json,8bee6ff34d459762a00fde08d841ad928929afec4a69699dfbf65a7a3920bf14
electrode_transfer,wearable,dry_to_dry,20260930,group-5-fold-1,1;2;4;6;10;11;12;13;14;16;17;18;19;20;21;22;24;25;26;27;28;30;31;33;34;36;37;39;40;42;43;44;45;46;47;49;50;51;52;54;55;61;64;65;68;69;70;72;73;74;75;77;79;80;81;83;84;85;86;87;88;89;91;92;93;94;97;99;100;101;102,7;8;32;38;48;57;58;60;62;76,3;5;9;15;23;29;35;41;53;56;59;63;66;67;71;78;82;90;95;96;98,71,10,21,runs/paper_v16/electrode_transfer/dry_to_dry/wearable/harmonic_fold_v4_1/full/seed-20260930/fold-1/result.json,da58e606597c39ea13036913cf5693a91f56c2d497de09b03ce3551885eef828
electrode_transfer,wearable,dry_to_dry,20260930,group-5-fold-2,1;2;3;4;5;7;8;9;11;14;15;17;19;20;22;23;24;25;26;29;31;33;35;38;40;41;44;46;48;49;50;51;53;54;57;58;59;60;61;63;64;65;66;67;69;70;71;72;73;74;75;76;77;78;79;80;82;83;84;85;86;87;90;91;92;93;94;95;98;99;101;102,6;16;21;28;30;47;56;81;88;96,10;12;13;18;27;32;34;36;37;39;42;43;45;52;55;62;68;89;97;100,72,10,20,runs/paper_v16/electrode_transfer/dry_to_dry/wearable/harmonic_fold_v4_1/full/seed-20260930/fold-2/result.json,7781df1dd6eb9c41c91038f4fa84e0744b0c6559f1c26118f9159a37957675e2
electrode_transfer,wearable,dry_to_dry,20260930,group-5-fold-3,1;2;4;5;6;7;8;9;10;11;13;15;17;18;19;20;22;24;25;27;29;30;32;33;35;36;37;39;40;41;42;44;45;46;51;52;53;55;56;57;59;60;62;63;65;66;67;68;70;71;73;74;75;77;78;80;82;83;86;88;89;90;93;94;95;96;97;98;99;100;101;102,3;12;23;34;43;49;58;61;79;92,14;16;21;26;28;31;38;47;48;50;54;64;69;72;76;81;84;85;87;91,72,10,20,runs/paper_v16/electrode_transfer/dry_to_dry/wearable/harmonic_fold_v4_1/full/seed-20260930/fold-3/result.json,6cc17bf3fb45686bd7dc30433ac3b617745a8fa6afec3b47c73d2d675f813502
electrode_transfer,wearable,dry_to_dry,20260930,group-5-fold-4,2;3;4;5;6;9;10;11;12;13;14;15;16;17;18;20;21;23;24;26;27;29;31;32;34;36;37;38;40;41;42;43;45;47;48;49;52;53;54;56;59;60;62;63;64;65;66;67;68;69;70;71;72;73;76;77;79;81;82;84;85;86;87;88;89;90;91;93;95;96;97;98,8;28;33;35;39;50;55;78;100;102,1;7;19;22;25;30;44;46;51;57;58;61;74;75;80;83;92;94;99;101,72,10,20,runs/paper_v16/electrode_transfer/dry_to_dry/wearable/harmonic_fold_v4_1/full/seed-20260930/fold-4/result.json,b7bab0920d26b9574e80cc66ae0b09e490196de54dc06d70ed478645786706e4
electrode_transfer,wearable,dry_to_dry,20260931,group-5-fold-0,1;3;5;7;9;10;12;13;14;15;16;18;21;22;23;26;27;28;29;30;31;32;35;36;37;38;39;41;42;43;44;45;46;47;48;52;53;54;55;56;58;59;62;63;64;66;67;68;69;71;72;74;75;76;78;80;81;82;84;85;87;89;90;92;94;95;96;97;98;100;101,19;25;34;50;51;57;61;83;91;99,2;4;6;8;11;17;20;24;33;40;49;60;65;70;73;77;79;86;88;93;102,71,10,21,runs/paper_v16/electrode_transfer/dry_to_dry/wearable/harmonic_fold_v4_1/full/seed-20260931/fold-0/result.json,41982142aacbf401cfda31f9b35424f379cbc3c8bc644375e69a0fedd4f9cb79
electrode_transfer,wearable,dry_to_dry,20260931,group-5-fold-1,1;2;4;6;10;11;12;13;14;16;17;18;19;20;21;22;24;25;26;27;28;30;31;33;34;36;37;39;40;42;43;44;45;46;47;49;50;51;52;54;55;61;64;65;68;69;70;72;73;74;75;77;79;80;81;83;84;85;86;87;88;89;91;92;93;94;97;99;100;101;102,7;8;32;38;48;57;58;60;62;76,3;5;9;15;23;29;35;41;53;56;59;63;66;67;71;78;82;90;95;96;98,71,10,21,runs/paper_v16/electrode_transfer/dry_to_dry/wearable/harmonic_fold_v4_1/full/seed-20260931/fold-1/result.json,fbeae4472f6938f0c1835523c10c5903a6abe03f76d9d53c84590fbe27632c6b
electrode_transfer,wearable,dry_to_dry,20260931,group-5-fold-2,1;2;3;4;5;7;8;9;11;14;15;17;19;20;22;23;24;25;26;29;31;33;35;38;40;41;44;46;48;49;50;51;53;54;57;58;59;60;61;63;64;65;66;67;69;70;71;72;73;74;75;76;77;78;79;80;82;83;84;85;86;87;90;91;92;93;94;95;98;99;101;102,6;16;21;28;30;47;56;81;88;96,10;12;13;18;27;32;34;36;37;39;42;43;45;52;55;62;68;89;97;100,72,10,20,runs/paper_v16/electrode_transfer/dry_to_dry/wearable/harmonic_fold_v4_1/full/seed-20260931/fold-2/result.json,2e6bd61653b0bba6212d7a9cd973d167d8985e09f2c1622969a24ca6fb462731
electrode_transfer,wearable,dry_to_dry,20260931,group-5-fold-3,1;2;4;5;6;7;8;9;10;11;13;15;17;18;19;20;22;24;25;27;29;30;32;33;35;36;37;39;40;41;42;44;45;46;51;52;53;55;56;57;59;60;62;63;65;66;67;68;70;71;73;74;75;77;78;80;82;83;86;88;89;90;93;94;95;96;97;98;99;100;101;102,3;12;23;34;43;49;58;61;79;92,14;16;21;26;28;31;38;47;48;50;54;64;69;72;76;81;84;85;87;91,72,10,20,runs/paper_v16/electrode_transfer/dry_to_dry/wearable/harmonic_fold_v4_1/full/seed-20260931/fold-3/result.json,adfbc0350ff27977aab7f995ff5aa44c54e2945179bb05428a618170a6838d0a
electrode_transfer,wearable,dry_to_dry,20260931,group-5-fold-4,2;3;4;5;6;9;10;11;12;13;14;15;16;17;18;20;21;23;24;26;27;29;31;32;34;36;37;38;40;41;42;43;45;47;48;49;52;53;54;56;59;60;62;63;64;65;66;67;68;69;70;71;72;73;76;77;79;81;82;84;85;86;87;88;89;90;91;93;95;96;97;98,8;28;33;35;39;50;55;78;100;102,1;7;19;22;25;30;44;46;51;57;58;61;74;75;80;83;92;94;99;101,72,10,20,runs/paper_v16/electrode_transfer/dry_to_dry/wearable/harmonic_fold_v4_1/full/seed-20260931/fold-4/result.json,0b61aa71ea635bbce8a9a33290f943cbbb90e2702f733d55a6083cd726cab710
electrode_transfer,wearable,dry_to_wet,20260929,group-5-fold-0,1;3;5;7;9;10;12;13;14;15;16;18;21;22;23;26;27;28;29;30;31;32;35;36;37;38;39;41;42;43;44;45;46;47;48;52;53;54;55;56;58;59;62;63;64;66;67;68;69;71;72;74;75;76;78;80;81;82;84;85;87;89;90;92;94;95;96;97;98;100;101,19;25;34;50;51;57;61;83;91;99,2;4;6;8;11;17;20;24;33;40;49;60;65;70;73;77;79;86;88;93;102,71,10,21,runs/paper_v16/electrode_transfer/dry_to_wet/wearable/harmonic_fold_v4_1/full/seed-20260929/fold-0/result.json,fdb88d2f0159ed406a62e53989a7835c5dec72b7c5c028684ee347013b564adc
electrode_transfer,wearable,dry_to_wet,20260929,group-5-fold-1,1;2;4;6;10;11;12;13;14;16;17;18;19;20;21;22;24;25;26;27;28;30;31;33;34;36;37;39;40;42;43;44;45;46;47;49;50;51;52;54;55;61;64;65;68;69;70;72;73;74;75;77;79;80;81;83;84;85;86;87;88;89;91;92;93;94;97;99;100;101;102,7;8;32;38;48;57;58;60;62;76,3;5;9;15;23;29;35;41;53;56;59;63;66;67;71;78;82;90;95;96;98,71,10,21,runs/paper_v16/electrode_transfer/dry_to_wet/wearable/harmonic_fold_v4_1/full/seed-20260929/fold-1/result.json,0d0937719720cc2ccaddc85c86424c7217b4ea6461206249ef0732f2f62cf776
electrode_transfer,wearable,dry_to_wet,20260929,group-5-fold-2,1;2;3;4;5;7;8;9;11;14;15;17;19;20;22;23;24;25;26;29;31;33;35;38;40;41;44;46;48;49;50;51;53;54;57;58;59;60;61;63;64;65;66;67;69;70;71;72;73;74;75;76;77;78;79;80;82;83;84;85;86;87;90;91;92;93;94;95;98;99;101;102,6;16;21;28;30;47;56;81;88;96,10;12;13;18;27;32;34;36;37;39;42;43;45;52;55;62;68;89;97;100,72,10,20,runs/paper_v16/electrode_transfer/dry_to_wet/wearable/harmonic_fold_v4_1/full/seed-20260929/fold-2/result.json,4e9c2c61f0df02b5335ee190d29f6145b378d3029964d28d029cd691e4a01e38
electrode_transfer,wearable,dry_to_wet,20260929,group-5-fold-3,1;2;4;5;6;7;8;9;10;11;13;15;17;18;19;20;22;24;25;27;29;30;32;33;35;36;37;39;40;41;42;44;45;46;51;52;53;55;56;57;59;60;62;63;65;66;67;68;70;71;73;74;75;77;78;80;82;83;86;88;89;90;93;94;95;96;97;98;99;100;101;102,3;12;23;34;43;49;58;61;79;92,14;16;21;26;28;31;38;47;48;50;54;64;69;72;76;81;84;85;87;91,72,10,20,runs/paper_v16/electrode_transfer/dry_to_wet/wearable/harmonic_fold_v4_1/full/seed-20260929/fold-3/result.json,e869e6b10faddeae8784161560789ba6a18fe1b0c1dd58ebfeeb3a38f5c4a33e
electrode_transfer,wearable,dry_to_wet,20260929,group-5-fold-4,2;3;4;5;6;9;10;11;12;13;14;15;16;17;18;20;21;23;24;26;27;29;31;32;34;36;37;38;40;41;42;43;45;47;48;49;52;53;54;56;59;60;62;63;64;65;66;67;68;69;70;71;72;73;76;77;79;81;82;84;85;86;87;88;89;90;91;93;95;96;97;98,8;28;33;35;39;50;55;78;100;102,1;7;19;22;25;30;44;46;51;57;58;61;74;75;80;83;92;94;99;101,72,10,20,runs/paper_v16/electrode_transfer/dry_to_wet/wearable/harmonic_fold_v4_1/full/seed-20260929/fold-4/result.json,667522dc0e82cc231e5df842ff64a50cc8783f7da4dacd6751fa709d9893a742
electrode_transfer,wearable,dry_to_wet,20260930,group-5-fold-0,1;3;5;7;9;10;12;13;14;15;16;18;21;22;23;26;27;28;29;30;31;32;35;36;37;38;39;41;42;43;44;45;46;47;48;52;53;54;55;56;58;59;62;63;64;66;67;68;69;71;72;74;75;76;78;80;81;82;84;85;87;89;90;92;94;95;96;97;98;100;101,19;25;34;50;51;57;61;83;91;99,2;4;6;8;11;17;20;24;33;40;49;60;65;70;73;77;79;86;88;93;102,71,10,21,runs/paper_v16/electrode_transfer/dry_to_wet/wearable/harmonic_fold_v4_1/full/seed-20260930/fold-0/result.json,c16cb2d10c251fc8b8007856ae548c90c41bfb5620868a526c5c9419a1ddb5bc
electrode_transfer,wearable,dry_to_wet,20260930,group-5-fold-1,1;2;4;6;10;11;12;13;14;16;17;18;19;20;21;22;24;25;26;27;28;30;31;33;34;36;37;39;40;42;43;44;45;46;47;49;50;51;52;54;55;61;64;65;68;69;70;72;73;74;75;77;79;80;81;83;84;85;86;87;88;89;91;92;93;94;97;99;100;101;102,7;8;32;38;48;57;58;60;62;76,3;5;9;15;23;29;35;41;53;56;59;63;66;67;71;78;82;90;95;96;98,71,10,21,runs/paper_v16/electrode_transfer/dry_to_wet/wearable/harmonic_fold_v4_1/full/seed-20260930/fold-1/result.json,d2f41cfc427660357ab7ee819cd91086588d9923dd120f3e190f3376e845f359
electrode_transfer,wearable,dry_to_wet,20260930,group-5-fold-2,1;2;3;4;5;7;8;9;11;14;15;17;19;20;22;23;24;25;26;29;31;33;35;38;40;41;44;46;48;49;50;51;53;54;57;58;59;60;61;63;64;65;66;67;69;70;71;72;73;74;75;76;77;78;79;80;82;83;84;85;86;87;90;91;92;93;94;95;98;99;101;102,6;16;21;28;30;47;56;81;88;96,10;12;13;18;27;32;34;36;37;39;42;43;45;52;55;62;68;89;97;100,72,10,20,runs/paper_v16/electrode_transfer/dry_to_wet/wearable/harmonic_fold_v4_1/full/seed-20260930/fold-2/result.json,eb892a162410ec008f5d0bd49fc82750b4df69c0b24a60fcdd1f33f8349125b9
electrode_transfer,wearable,dry_to_wet,20260930,group-5-fold-3,1;2;4;5;6;7;8;9;10;11;13;15;17;18;19;20;22;24;25;27;29;30;32;33;35;36;37;39;40;41;42;44;45;46;51;52;53;55;56;57;59;60;62;63;65;66;67;68;70;71;73;74;75;77;78;80;82;83;86;88;89;90;93;94;95;96;97;98;99;100;101;102,3;12;23;34;43;49;58;61;79;92,14;16;21;26;28;31;38;47;48;50;54;64;69;72;76;81;84;85;87;91,72,10,20,runs/paper_v16/electrode_transfer/dry_to_wet/wearable/harmonic_fold_v4_1/full/seed-20260930/fold-3/result.json,6c5429e4024315adfc6633a069812c7f84a82fb757a034bc4b8a60621b111c4d
electrode_transfer,wearable,dry_to_wet,20260930,group-5-fold-4,2;3;4;5;6;9;10;11;12;13;14;15;16;17;18;20;21;23;24;26;27;29;31;32;34;36;37;38;40;41;42;43;45;47;48;49;52;53;54;56;59;60;62;63;64;65;66;67;68;69;70;71;72;73;76;77;79;81;82;84;85;86;87;88;89;90;91;93;95;96;97;98,8;28;33;35;39;50;55;78;100;102,1;7;19;22;25;30;44;46;51;57;58;61;74;75;80;83;92;94;99;101,72,10,20,runs/paper_v16/electrode_transfer/dry_to_wet/wearable/harmonic_fold_v4_1/full/seed-20260930/fold-4/result.json,0297f10151d2fee8a60bf601ffcbd741e778feffaeca33d684bfa9e9deb4f11e
electrode_transfer,wearable,dry_to_wet,20260931,group-5-fold-0,1;3;5;7;9;10;12;13;14;15;16;18;21;22;23;26;27;28;29;30;31;32;35;36;37;38;39;41;42;43;44;45;46;47;48;52;53;54;55;56;58;59;62;63;64;66;67;68;69;71;72;74;75;76;78;80;81;82;84;85;87;89;90;92;94;95;96;97;98;100;101,19;25;34;50;51;57;61;83;91;99,2;4;6;8;11;17;20;24;33;40;49;60;65;70;73;77;79;86;88;93;102,71,10,21,runs/paper_v16/electrode_transfer/dry_to_wet/wearable/harmonic_fold_v4_1/full/seed-20260931/fold-0/result.json,8b18a97fc144c9099d4d2bb63c52222577cc637fc63846441874be73964e4729
electrode_transfer,wearable,dry_to_wet,20260931,group-5-fold-1,1;2;4;6;10;11;12;13;14;16;17;18;19;20;21;22;24;25;26;27;28;30;31;33;34;36;37;39;40;42;43;44;45;46;47;49;50;51;52;54;55;61;64;65;68;69;70;72;73;74;75;77;79;80;81;83;84;85;86;87;88;89;91;92;93;94;97;99;100;101;102,7;8;32;38;48;57;58;60;62;76,3;5;9;15;23;29;35;41;53;56;59;63;66;67;71;78;82;90;95;96;98,71,10,21,runs/paper_v16/electrode_transfer/dry_to_wet/wearable/harmonic_fold_v4_1/full/seed-20260931/fold-1/result.json,bae8cb45c7dba50f40921bc96e7e324caa5bad6bef3dc0f48f77dfcb16b58722
electrode_transfer,wearable,dry_to_wet,20260931,group-5-fold-2,1;2;3;4;5;7;8;9;11;14;15;17;19;20;22;23;24;25;26;29;31;33;35;38;40;41;44;46;48;49;50;51;53;54;57;58;59;60;61;63;64;65;66;67;69;70;71;72;73;74;75;76;77;78;79;80;82;83;84;85;86;87;90;91;92;93;94;95;98;99;101;102,6;16;21;28;30;47;56;81;88;96,10;12;13;18;27;32;34;36;37;39;42;43;45;52;55;62;68;89;97;100,72,10,20,runs/paper_v16/electrode_transfer/dry_to_wet/wearable/harmonic_fold_v4_1/full/seed-20260931/fold-2/result.json,7503943851a4f215fe28d4b73d4c4f8700affb2088a2f5776604a8c52bed6dde
electrode_transfer,wearable,dry_to_wet,20260931,group-5-fold-3,1;2;4;5;6;7;8;9;10;11;13;15;17;18;19;20;22;24;25;27;29;30;32;33;35;36;37;39;40;41;42;44;45;46;51;52;53;55;56;57;59;60;62;63;65;66;67;68;70;71;73;74;75;77;78;80;82;83;86;88;89;90;93;94;95;96;97;98;99;100;101;102,3;12;23;34;43;49;58;61;79;92,14;16;21;26;28;31;38;47;48;50;54;64;69;72;76;81;84;85;87;91,72,10,20,runs/paper_v16/electrode_transfer/dry_to_wet/wearable/harmonic_fold_v4_1/full/seed-20260931/fold-3/result.json,0914e2f58e4608e12c09e7aa64c316fd6d293526889766816febe420f3aa2fee
electrode_transfer,wearable,dry_to_wet,20260931,group-5-fold-4,2;3;4;5;6;9;10;11;12;13;14;15;16;17;18;20;21;23;24;26;27;29;31;32;34;36;37;38;40;41;42;43;45;47;48;49;52;53;54;56;59;60;62;63;64;65;66;67;68;69;70;71;72;73;76;77;79;81;82;84;85;86;87;88;89;90;91;93;95;96;97;98,8;28;33;35;39;50;55;78;100;102,1;7;19;22;25;30;44;46;51;57;58;61;74;75;80;83;92;94;99;101,72,10,20,runs/paper_v16/electrode_transfer/dry_to_wet/wearable/harmonic_fold_v4_1/full/seed-20260931/fold-4/result.json,2f007daeb7d20208f8b0b44c288d912e958db31fd77649c47bbf0a97b8d59b25
electrode_transfer,wearable,wet_to_dry,20260929,group-5-fold-0,1;3;5;7;9;10;12;13;14;15;16;18;21;22;23;26;27;28;29;30;31;32;35;36;37;38;39;41;42;43;44;45;46;47;48;52;53;54;55;56;58;59;62;63;64;66;67;68;69;71;72;74;75;76;78;80;81;82;84;85;87;89;90;92;94;95;96;97;98;100;101,19;25;34;50;51;57;61;83;91;99,2;4;6;8;11;17;20;24;33;40;49;60;65;70;73;77;79;86;88;93;102,71,10,21,runs/paper_v16/electrode_transfer/wet_to_dry/wearable/harmonic_fold_v4_1/full/seed-20260929/fold-0/result.json,6e399016d9066e453518d84b948faf234b0de5fde22e673eba18d07f92173e1d
electrode_transfer,wearable,wet_to_dry,20260929,group-5-fold-1,1;2;4;6;10;11;12;13;14;16;17;18;19;20;21;22;24;25;26;27;28;30;31;33;34;36;37;39;40;42;43;44;45;46;47;49;50;51;52;54;55;61;64;65;68;69;70;72;73;74;75;77;79;80;81;83;84;85;86;87;88;89;91;92;93;94;97;99;100;101;102,7;8;32;38;48;57;58;60;62;76,3;5;9;15;23;29;35;41;53;56;59;63;66;67;71;78;82;90;95;96;98,71,10,21,runs/paper_v16/electrode_transfer/wet_to_dry/wearable/harmonic_fold_v4_1/full/seed-20260929/fold-1/result.json,4f51c01e9cf919eeb7841b7ac80c3305a693872e493fea3ab2529ff69f5fe576
electrode_transfer,wearable,wet_to_dry,20260929,group-5-fold-2,1;2;3;4;5;7;8;9;11;14;15;17;19;20;22;23;24;25;26;29;31;33;35;38;40;41;44;46;48;49;50;51;53;54;57;58;59;60;61;63;64;65;66;67;69;70;71;72;73;74;75;76;77;78;79;80;82;83;84;85;86;87;90;91;92;93;94;95;98;99;101;102,6;16;21;28;30;47;56;81;88;96,10;12;13;18;27;32;34;36;37;39;42;43;45;52;55;62;68;89;97;100,72,10,20,runs/paper_v16/electrode_transfer/wet_to_dry/wearable/harmonic_fold_v4_1/full/seed-20260929/fold-2/result.json,d06eab542ca6b38c1b60fb68571e05201aadf6c391f92c50efbc708360b8039a
electrode_transfer,wearable,wet_to_dry,20260929,group-5-fold-3,1;2;4;5;6;7;8;9;10;11;13;15;17;18;19;20;22;24;25;27;29;30;32;33;35;36;37;39;40;41;42;44;45;46;51;52;53;55;56;57;59;60;62;63;65;66;67;68;70;71;73;74;75;77;78;80;82;83;86;88;89;90;93;94;95;96;97;98;99;100;101;102,3;12;23;34;43;49;58;61;79;92,14;16;21;26;28;31;38;47;48;50;54;64;69;72;76;81;84;85;87;91,72,10,20,runs/paper_v16/electrode_transfer/wet_to_dry/wearable/harmonic_fold_v4_1/full/seed-20260929/fold-3/result.json,1e6953007106d7cbb20f3673de626a0f60d8932a245dc97fe8bb5e4384da0446
electrode_transfer,wearable,wet_to_dry,20260929,group-5-fold-4,2;3;4;5;6;9;10;11;12;13;14;15;16;17;18;20;21;23;24;26;27;29;31;32;34;36;37;38;40;41;42;43;45;47;48;49;52;53;54;56;59;60;62;63;64;65;66;67;68;69;70;71;72;73;76;77;79;81;82;84;85;86;87;88;89;90;91;93;95;96;97;98,8;28;33;35;39;50;55;78;100;102,1;7;19;22;25;30;44;46;51;57;58;61;74;75;80;83;92;94;99;101,72,10,20,runs/paper_v16/electrode_transfer/wet_to_dry/wearable/harmonic_fold_v4_1/full/seed-20260929/fold-4/result.json,34c0f17de54197986e2f24c5051425564e8f033f619bce5ab2a914b38f6f08ef
electrode_transfer,wearable,wet_to_dry,20260930,group-5-fold-0,1;3;5;7;9;10;12;13;14;15;16;18;21;22;23;26;27;28;29;30;31;32;35;36;37;38;39;41;42;43;44;45;46;47;48;52;53;54;55;56;58;59;62;63;64;66;67;68;69;71;72;74;75;76;78;80;81;82;84;85;87;89;90;92;94;95;96;97;98;100;101,19;25;34;50;51;57;61;83;91;99,2;4;6;8;11;17;20;24;33;40;49;60;65;70;73;77;79;86;88;93;102,71,10,21,runs/paper_v16/electrode_transfer/wet_to_dry/wearable/harmonic_fold_v4_1/full/seed-20260930/fold-0/result.json,3307b54fb9a964a27487a67ea5102b3c674667d87cfb5a4da81456ca5df5e3df
electrode_transfer,wearable,wet_to_dry,20260930,group-5-fold-1,1;2;4;6;10;11;12;13;14;16;17;18;19;20;21;22;24;25;26;27;28;30;31;33;34;36;37;39;40;42;43;44;45;46;47;49;50;51;52;54;55;61;64;65;68;69;70;72;73;74;75;77;79;80;81;83;84;85;86;87;88;89;91;92;93;94;97;99;100;101;102,7;8;32;38;48;57;58;60;62;76,3;5;9;15;23;29;35;41;53;56;59;63;66;67;71;78;82;90;95;96;98,71,10,21,runs/paper_v16/electrode_transfer/wet_to_dry/wearable/harmonic_fold_v4_1/full/seed-20260930/fold-1/result.json,a0fa2773cf7c8566462b45737ee4c64b6bc957e0fb179531c4f97aecaa9436b3
electrode_transfer,wearable,wet_to_dry,20260930,group-5-fold-2,1;2;3;4;5;7;8;9;11;14;15;17;19;20;22;23;24;25;26;29;31;33;35;38;40;41;44;46;48;49;50;51;53;54;57;58;59;60;61;63;64;65;66;67;69;70;71;72;73;74;75;76;77;78;79;80;82;83;84;85;86;87;90;91;92;93;94;95;98;99;101;102,6;16;21;28;30;47;56;81;88;96,10;12;13;18;27;32;34;36;37;39;42;43;45;52;55;62;68;89;97;100,72,10,20,runs/paper_v16/electrode_transfer/wet_to_dry/wearable/harmonic_fold_v4_1/full/seed-20260930/fold-2/result.json,d0656ffc651c1a494dffeae5c0287e68bcfbbd9b59334f664715b286b5b110cd
electrode_transfer,wearable,wet_to_dry,20260930,group-5-fold-3,1;2;4;5;6;7;8;9;10;11;13;15;17;18;19;20;22;24;25;27;29;30;32;33;35;36;37;39;40;41;42;44;45;46;51;52;53;55;56;57;59;60;62;63;65;66;67;68;70;71;73;74;75;77;78;80;82;83;86;88;89;90;93;94;95;96;97;98;99;100;101;102,3;12;23;34;43;49;58;61;79;92,14;16;21;26;28;31;38;47;48;50;54;64;69;72;76;81;84;85;87;91,72,10,20,runs/paper_v16/electrode_transfer/wet_to_dry/wearable/harmonic_fold_v4_1/full/seed-20260930/fold-3/result.json,65989c9744f053715a45807656a99cb8029d1ab16c52040f515ceff5bb7cc190
electrode_transfer,wearable,wet_to_dry,20260930,group-5-fold-4,2;3;4;5;6;9;10;11;12;13;14;15;16;17;18;20;21;23;24;26;27;29;31;32;34;36;37;38;40;41;42;43;45;47;48;49;52;53;54;56;59;60;62;63;64;65;66;67;68;69;70;71;72;73;76;77;79;81;82;84;85;86;87;88;89;90;91;93;95;96;97;98,8;28;33;35;39;50;55;78;100;102,1;7;19;22;25;30;44;46;51;57;58;61;74;75;80;83;92;94;99;101,72,10,20,runs/paper_v16/electrode_transfer/wet_to_dry/wearable/harmonic_fold_v4_1/full/seed-20260930/fold-4/result.json,fed47301d87a1c4d031034b04b7cf21088e2a2d9970e8f8bac43fb47a055d8fa
electrode_transfer,wearable,wet_to_dry,20260931,group-5-fold-0,1;3;5;7;9;10;12;13;14;15;16;18;21;22;23;26;27;28;29;30;31;32;35;36;37;38;39;41;42;43;44;45;46;47;48;52;53;54;55;56;58;59;62;63;64;66;67;68;69;71;72;74;75;76;78;80;81;82;84;85;87;89;90;92;94;95;96;97;98;100;101,19;25;34;50;51;57;61;83;91;99,2;4;6;8;11;17;20;24;33;40;49;60;65;70;73;77;79;86;88;93;102,71,10,21,runs/paper_v16/electrode_transfer/wet_to_dry/wearable/harmonic_fold_v4_1/full/seed-20260931/fold-0/result.json,83cabd43fa53f523c4985bf442f7ff3bae108ec29b95f788e94acd93ef4ac93b
electrode_transfer,wearable,wet_to_dry,20260931,group-5-fold-1,1;2;4;6;10;11;12;13;14;16;17;18;19;20;21;22;24;25;26;27;28;30;31;33;34;36;37;39;40;42;43;44;45;46;47;49;50;51;52;54;55;61;64;65;68;69;70;72;73;74;75;77;79;80;81;83;84;85;86;87;88;89;91;92;93;94;97;99;100;101;102,7;8;32;38;48;57;58;60;62;76,3;5;9;15;23;29;35;41;53;56;59;63;66;67;71;78;82;90;95;96;98,71,10,21,runs/paper_v16/electrode_transfer/wet_to_dry/wearable/harmonic_fold_v4_1/full/seed-20260931/fold-1/result.json,8140e47aea17cb4bad1eb4f2d0bd279d64ff6c59a4b11bc410b38adbf1115f34
electrode_transfer,wearable,wet_to_dry,20260931,group-5-fold-2,1;2;3;4;5;7;8;9;11;14;15;17;19;20;22;23;24;25;26;29;31;33;35;38;40;41;44;46;48;49;50;51;53;54;57;58;59;60;61;63;64;65;66;67;69;70;71;72;73;74;75;76;77;78;79;80;82;83;84;85;86;87;90;91;92;93;94;95;98;99;101;102,6;16;21;28;30;47;56;81;88;96,10;12;13;18;27;32;34;36;37;39;42;43;45;52;55;62;68;89;97;100,72,10,20,runs/paper_v16/electrode_transfer/wet_to_dry/wearable/harmonic_fold_v4_1/full/seed-20260931/fold-2/result.json,27cf16141f10748b50681e8618ba46d71d7c2a351b0cf3a5928fb44c6f588657
electrode_transfer,wearable,wet_to_dry,20260931,group-5-fold-3,1;2;4;5;6;7;8;9;10;11;13;15;17;18;19;20;22;24;25;27;29;30;32;33;35;36;37;39;40;41;42;44;45;46;51;52;53;55;56;57;59;60;62;63;65;66;67;68;70;71;73;74;75;77;78;80;82;83;86;88;89;90;93;94;95;96;97;98;99;100;101;102,3;12;23;34;43;49;58;61;79;92,14;16;21;26;28;31;38;47;48;50;54;64;69;72;76;81;84;85;87;91,72,10,20,runs/paper_v16/electrode_transfer/wet_to_dry/wearable/harmonic_fold_v4_1/full/seed-20260931/fold-3/result.json,c01acfd1c82b9fc95d602ed77660a0d7fbd225427e198aa42e09c009f7965dce
electrode_transfer,wearable,wet_to_dry,20260931,group-5-fold-4,2;3;4;5;6;9;10;11;12;13;14;15;16;17;18;20;21;23;24;26;27;29;31;32;34;36;37;38;40;41;42;43;45;47;48;49;52;53;54;56;59;60;62;63;64;65;66;67;68;69;70;71;72;73;76;77;79;81;82;84;85;86;87;88;89;90;91;93;95;96;97;98,8;28;33;35;39;50;55;78;100;102,1;7;19;22;25;30;44;46;51;57;58;61;74;75;80;83;92;94;99;101,72,10,20,runs/paper_v16/electrode_transfer/wet_to_dry/wearable/harmonic_fold_v4_1/full/seed-20260931/fold-4/result.json,13fda174fdbc2f120fc067089f3e7ac8beae693a65c8cd5c22a64a9dd3166109
electrode_transfer,wearable,wet_to_wet,20260929,group-5-fold-0,1;3;5;7;9;10;12;13;14;15;16;18;21;22;23;26;27;28;29;30;31;32;35;36;37;38;39;41;42;43;44;45;46;47;48;52;53;54;55;56;58;59;62;63;64;66;67;68;69;71;72;74;75;76;78;80;81;82;84;85;87;89;90;92;94;95;96;97;98;100;101,19;25;34;50;51;57;61;83;91;99,2;4;6;8;11;17;20;24;33;40;49;60;65;70;73;77;79;86;88;93;102,71,10,21,runs/paper_v16/electrode_transfer/wet_to_wet/wearable/harmonic_fold_v4_1/full/seed-20260929/fold-0/result.json,553e7fc539c1a8949aae2b467f8ee827e7b64eea911510e86b323d297ced1eea
electrode_transfer,wearable,wet_to_wet,20260929,group-5-fold-1,1;2;4;6;10;11;12;13;14;16;17;18;19;20;21;22;24;25;26;27;28;30;31;33;34;36;37;39;40;42;43;44;45;46;47;49;50;51;52;54;55;61;64;65;68;69;70;72;73;74;75;77;79;80;81;83;84;85;86;87;88;89;91;92;93;94;97;99;100;101;102,7;8;32;38;48;57;58;60;62;76,3;5;9;15;23;29;35;41;53;56;59;63;66;67;71;78;82;90;95;96;98,71,10,21,runs/paper_v16/electrode_transfer/wet_to_wet/wearable/harmonic_fold_v4_1/full/seed-20260929/fold-1/result.json,b84c6db7c0c30bfd57fb51da553cba0c87dac6eed16388ed2a829b2077f640cb
electrode_transfer,wearable,wet_to_wet,20260929,group-5-fold-2,1;2;3;4;5;7;8;9;11;14;15;17;19;20;22;23;24;25;26;29;31;33;35;38;40;41;44;46;48;49;50;51;53;54;57;58;59;60;61;63;64;65;66;67;69;70;71;72;73;74;75;76;77;78;79;80;82;83;84;85;86;87;90;91;92;93;94;95;98;99;101;102,6;16;21;28;30;47;56;81;88;96,10;12;13;18;27;32;34;36;37;39;42;43;45;52;55;62;68;89;97;100,72,10,20,runs/paper_v16/electrode_transfer/wet_to_wet/wearable/harmonic_fold_v4_1/full/seed-20260929/fold-2/result.json,cc8376b087dc6ea62f385f1cc131b3dd8db24e149b3625ee99e23cef00d105fa
electrode_transfer,wearable,wet_to_wet,20260929,group-5-fold-3,1;2;4;5;6;7;8;9;10;11;13;15;17;18;19;20;22;24;25;27;29;30;32;33;35;36;37;39;40;41;42;44;45;46;51;52;53;55;56;57;59;60;62;63;65;66;67;68;70;71;73;74;75;77;78;80;82;83;86;88;89;90;93;94;95;96;97;98;99;100;101;102,3;12;23;34;43;49;58;61;79;92,14;16;21;26;28;31;38;47;48;50;54;64;69;72;76;81;84;85;87;91,72,10,20,runs/paper_v16/electrode_transfer/wet_to_wet/wearable/harmonic_fold_v4_1/full/seed-20260929/fold-3/result.json,ea937fcae13aa77ab0b6a29bf48e04a17fbabd169783a884307ef9d59b006cd6
electrode_transfer,wearable,wet_to_wet,20260929,group-5-fold-4,2;3;4;5;6;9;10;11;12;13;14;15;16;17;18;20;21;23;24;26;27;29;31;32;34;36;37;38;40;41;42;43;45;47;48;49;52;53;54;56;59;60;62;63;64;65;66;67;68;69;70;71;72;73;76;77;79;81;82;84;85;86;87;88;89;90;91;93;95;96;97;98,8;28;33;35;39;50;55;78;100;102,1;7;19;22;25;30;44;46;51;57;58;61;74;75;80;83;92;94;99;101,72,10,20,runs/paper_v16/electrode_transfer/wet_to_wet/wearable/harmonic_fold_v4_1/full/seed-20260929/fold-4/result.json,5382bca84a1636a9c98ab66addcd67b57c2a4d5716471c6d28b3f5ac6fc716f4
electrode_transfer,wearable,wet_to_wet,20260930,group-5-fold-0,1;3;5;7;9;10;12;13;14;15;16;18;21;22;23;26;27;28;29;30;31;32;35;36;37;38;39;41;42;43;44;45;46;47;48;52;53;54;55;56;58;59;62;63;64;66;67;68;69;71;72;74;75;76;78;80;81;82;84;85;87;89;90;92;94;95;96;97;98;100;101,19;25;34;50;51;57;61;83;91;99,2;4;6;8;11;17;20;24;33;40;49;60;65;70;73;77;79;86;88;93;102,71,10,21,runs/paper_v16/electrode_transfer/wet_to_wet/wearable/harmonic_fold_v4_1/full/seed-20260930/fold-0/result.json,e068edfb6be5a58da4c184b5a1766d507271000ba89c69f7c47f3aac83a2d2c5
electrode_transfer,wearable,wet_to_wet,20260930,group-5-fold-1,1;2;4;6;10;11;12;13;14;16;17;18;19;20;21;22;24;25;26;27;28;30;31;33;34;36;37;39;40;42;43;44;45;46;47;49;50;51;52;54;55;61;64;65;68;69;70;72;73;74;75;77;79;80;81;83;84;85;86;87;88;89;91;92;93;94;97;99;100;101;102,7;8;32;38;48;57;58;60;62;76,3;5;9;15;23;29;35;41;53;56;59;63;66;67;71;78;82;90;95;96;98,71,10,21,runs/paper_v16/electrode_transfer/wet_to_wet/wearable/harmonic_fold_v4_1/full/seed-20260930/fold-1/result.json,cd6f6f3ce8b4511be375b5de1a7be3dc786183986ba138e162952d2486dfcbd2
electrode_transfer,wearable,wet_to_wet,20260930,group-5-fold-2,1;2;3;4;5;7;8;9;11;14;15;17;19;20;22;23;24;25;26;29;31;33;35;38;40;41;44;46;48;49;50;51;53;54;57;58;59;60;61;63;64;65;66;67;69;70;71;72;73;74;75;76;77;78;79;80;82;83;84;85;86;87;90;91;92;93;94;95;98;99;101;102,6;16;21;28;30;47;56;81;88;96,10;12;13;18;27;32;34;36;37;39;42;43;45;52;55;62;68;89;97;100,72,10,20,runs/paper_v16/electrode_transfer/wet_to_wet/wearable/harmonic_fold_v4_1/full/seed-20260930/fold-2/result.json,18ad3e68f7f767c0f17e966546d1f4ffe555fddb77472d3f1296a67e02a110a2
electrode_transfer,wearable,wet_to_wet,20260930,group-5-fold-3,1;2;4;5;6;7;8;9;10;11;13;15;17;18;19;20;22;24;25;27;29;30;32;33;35;36;37;39;40;41;42;44;45;46;51;52;53;55;56;57;59;60;62;63;65;66;67;68;70;71;73;74;75;77;78;80;82;83;86;88;89;90;93;94;95;96;97;98;99;100;101;102,3;12;23;34;43;49;58;61;79;92,14;16;21;26;28;31;38;47;48;50;54;64;69;72;76;81;84;85;87;91,72,10,20,runs/paper_v16/electrode_transfer/wet_to_wet/wearable/harmonic_fold_v4_1/full/seed-20260930/fold-3/result.json,aab87f9ff4548013966c8a032514fb601f7717575109a4f79bf1432fa723de18
electrode_transfer,wearable,wet_to_wet,20260930,group-5-fold-4,2;3;4;5;6;9;10;11;12;13;14;15;16;17;18;20;21;23;24;26;27;29;31;32;34;36;37;38;40;41;42;43;45;47;48;49;52;53;54;56;59;60;62;63;64;65;66;67;68;69;70;71;72;73;76;77;79;81;82;84;85;86;87;88;89;90;91;93;95;96;97;98,8;28;33;35;39;50;55;78;100;102,1;7;19;22;25;30;44;46;51;57;58;61;74;75;80;83;92;94;99;101,72,10,20,runs/paper_v16/electrode_transfer/wet_to_wet/wearable/harmonic_fold_v4_1/full/seed-20260930/fold-4/result.json,da350dd1e1b9cc705b0d87a6d105e8e657edfa60101c1b0161be5ebcc805dab4
electrode_transfer,wearable,wet_to_wet,20260931,group-5-fold-0,1;3;5;7;9;10;12;13;14;15;16;18;21;22;23;26;27;28;29;30;31;32;35;36;37;38;39;41;42;43;44;45;46;47;48;52;53;54;55;56;58;59;62;63;64;66;67;68;69;71;72;74;75;76;78;80;81;82;84;85;87;89;90;92;94;95;96;97;98;100;101,19;25;34;50;51;57;61;83;91;99,2;4;6;8;11;17;20;24;33;40;49;60;65;70;73;77;79;86;88;93;102,71,10,21,runs/paper_v16/electrode_transfer/wet_to_wet/wearable/harmonic_fold_v4_1/full/seed-20260931/fold-0/result.json,a3b7b2668615ae7c0aab1f0a505975f50f2c3535d5aa9402ff81e71e9536b8f1
electrode_transfer,wearable,wet_to_wet,20260931,group-5-fold-1,1;2;4;6;10;11;12;13;14;16;17;18;19;20;21;22;24;25;26;27;28;30;31;33;34;36;37;39;40;42;43;44;45;46;47;49;50;51;52;54;55;61;64;65;68;69;70;72;73;74;75;77;79;80;81;83;84;85;86;87;88;89;91;92;93;94;97;99;100;101;102,7;8;32;38;48;57;58;60;62;76,3;5;9;15;23;29;35;41;53;56;59;63;66;67;71;78;82;90;95;96;98,71,10,21,runs/paper_v16/electrode_transfer/wet_to_wet/wearable/harmonic_fold_v4_1/full/seed-20260931/fold-1/result.json,fad66eadbdb3ba1c207da872a1ff34347ad45e7f42cb72de1eba381d3a41fbed
electrode_transfer,wearable,wet_to_wet,20260931,group-5-fold-2,1;2;3;4;5;7;8;9;11;14;15;17;19;20;22;23;24;25;26;29;31;33;35;38;40;41;44;46;48;49;50;51;53;54;57;58;59;60;61;63;64;65;66;67;69;70;71;72;73;74;75;76;77;78;79;80;82;83;84;85;86;87;90;91;92;93;94;95;98;99;101;102,6;16;21;28;30;47;56;81;88;96,10;12;13;18;27;32;34;36;37;39;42;43;45;52;55;62;68;89;97;100,72,10,20,runs/paper_v16/electrode_transfer/wet_to_wet/wearable/harmonic_fold_v4_1/full/seed-20260931/fold-2/result.json,a88c1e0130368487de18cdcc8cd9a5eaca99eb853d50a9bf3b639563966a758a
electrode_transfer,wearable,wet_to_wet,20260931,group-5-fold-3,1;2;4;5;6;7;8;9;10;11;13;15;17;18;19;20;22;24;25;27;29;30;32;33;35;36;37;39;40;41;42;44;45;46;51;52;53;55;56;57;59;60;62;63;65;66;67;68;70;71;73;74;75;77;78;80;82;83;86;88;89;90;93;94;95;96;97;98;99;100;101;102,3;12;23;34;43;49;58;61;79;92,14;16;21;26;28;31;38;47;48;50;54;64;69;72;76;81;84;85;87;91,72,10,20,runs/paper_v16/electrode_transfer/wet_to_wet/wearable/harmonic_fold_v4_1/full/seed-20260931/fold-3/result.json,5e2c47d3fa049b38a189999abe7303f4028f6a04c16ab5f31ebd5592fce97f24
electrode_transfer,wearable,wet_to_wet,20260931,group-5-fold-4,2;3;4;5;6;9;10;11;12;13;14;15;16;17;18;20;21;23;24;26;27;29;31;32;34;36;37;38;40;41;42;43;45;47;48;49;52;53;54;56;59;60;62;63;64;65;66;67;68;69;70;71;72;73;76;77;79;81;82;84;85;86;87;88;89;90;91;93;95;96;97;98,8;28;33;35;39;50;55;78;100;102,1;7;19;22;25;30;44;46;51;57;58;61;74;75;80;83;92;94;99;101,72,10,20,runs/paper_v16/electrode_transfer/wet_to_wet/wearable/harmonic_fold_v4_1/full/seed-20260931/fold-4/result.json,59f7818ff63ed43ac2e1354eb046137a38295ad20052e9c482ca6b4380d6a72c
main,benchmark,harmonic_fold,20260929,group-5-fold-0,1;3;5;6;7;9;10;11;12;13;17;18;19;22;23;24;25;26;27;28;29;30;31;35,14;16;20;32,2;4;8;15;21;33;34,24,4,7,runs/paper_v9/external_grouped_cv_v4_1/benchmark/harmonic_fold_v4_1/full/seed-20260929/fold-0/result.json,97363048ee68297dc65a8f4f6a2a82d25d359fec3caa4c70aa20ab832da0c1d6
main,benchmark,harmonic_fold,20260929,group-5-fold-1,1;2;4;7;8;9;10;11;12;14;16;17;20;21;22;23;25;28;29;30;32;33;34;35,15;19;26;31,3;5;6;13;18;24;27,24,4,7,runs/paper_v9/external_grouped_cv_v4_1/benchmark/harmonic_fold_v4_1/full/seed-20260929/fold-1/result.json,22139d837ef8b6ce3595b97df792e626a9e9754a7045efb15154572cb10125b7
main,benchmark,harmonic_fold,20260929,group-5-fold-2,1;2;3;4;5;6;7;8;10;11;12;13;15;18;21;24;25;26;27;29;30;32;33;34,16;19;31;35,9;14;17;20;22;23;28,24,4,7,runs/paper_v9/external_grouped_cv_v4_1/benchmark/harmonic_fold_v4_1/full/seed-20260929/fold-2/result.json,5ea9e9e66e3b75e7512fc4e205d03bffe2fc292039e1ce02ae999676673d17af
main,benchmark,harmonic_fold,20260929,group-5-fold-3,1;2;3;4;5;6;7;8;9;13;14;16;17;18;20;22;23;24;25;27;28;29;34;35,15;21;30;33,10;11;12;19;26;31;32,24,4,7,runs/paper_v9/external_grouped_cv_v4_1/benchmark/harmonic_fold_v4_1/full/seed-20260929/fold-3/result.json,3dd6df5af29c93996b0c783587e1bebb2ae6c36b30defaf98d5e90be02fe0b8a
main,benchmark,harmonic_fold,20260929,group-5-fold-4,2;3;4;5;6;9;10;11;12;13;14;15;17;18;19;20;21;22;24;26;31;32;33;34,8;23;27;28,1;7;16;25;29;30;35,24,4,7,runs/paper_v9/external_grouped_cv_v4_1/benchmark/harmonic_fold_v4_1/full/seed-20260929/fold-4/result.json,f2d8d79df7207dc1508396501e11b2736149aa4aefd60bf26f2b2ef01716456c
main,benchmark,harmonic_fold,20260930,group-5-fold-0,1;3;5;6;7;9;10;11;12;13;17;18;19;22;23;24;25;26;27;28;29;30;31;35,14;16;20;32,2;4;8;15;21;33;34,24,4,7,runs/paper_v12/grouped_cv_v4_1_multiseed/benchmark/harmonic_fold_v4_1/full/seed-20260930/fold-0/result.json,daf527401fcab3bbf527432dcc6464e47130b2ff821d9983d2b019a2d599bd99
main,benchmark,harmonic_fold,20260930,group-5-fold-1,1;2;4;7;8;9;10;11;12;14;16;17;20;21;22;23;25;28;29;30;32;33;34;35,15;19;26;31,3;5;6;13;18;24;27,24,4,7,runs/paper_v12/grouped_cv_v4_1_multiseed/benchmark/harmonic_fold_v4_1/full/seed-20260930/fold-1/result.json,db6c909a6493b7803ed9b63066f23e95cd41a77b3c285497a98be52eaa865a6c
main,benchmark,harmonic_fold,20260930,group-5-fold-2,1;2;3;4;5;6;7;8;10;11;12;13;15;18;21;24;25;26;27;29;30;32;33;34,16;19;31;35,9;14;17;20;22;23;28,24,4,7,runs/paper_v12/grouped_cv_v4_1_multiseed/benchmark/harmonic_fold_v4_1/full/seed-20260930/fold-2/result.json,821cbf500e3e897cf413c85bbe54c3690c04d09fcef84d05550da49a1b99b09c
main,benchmark,harmonic_fold,20260930,group-5-fold-3,1;2;3;4;5;6;7;8;9;13;14;16;17;18;20;22;23;24;25;27;28;29;34;35,15;21;30;33,10;11;12;19;26;31;32,24,4,7,runs/paper_v12/grouped_cv_v4_1_multiseed/benchmark/harmonic_fold_v4_1/full/seed-20260930/fold-3/result.json,aff724c9328f08f2e3586640d4b4b639ca2b86f9138e85b02cbb83b3b2c2644c
main,benchmark,harmonic_fold,20260930,group-5-fold-4,2;3;4;5;6;9;10;11;12;13;14;15;17;18;19;20;21;22;24;26;31;32;33;34,8;23;27;28,1;7;16;25;29;30;35,24,4,7,runs/paper_v12/grouped_cv_v4_1_multiseed/benchmark/harmonic_fold_v4_1/full/seed-20260930/fold-4/result.json,3b45aec69348363d81a1f776f5010871fa38c89d2367c9cc409e71447950888c
main,benchmark,harmonic_fold,20260931,group-5-fold-0,1;3;5;6;7;9;10;11;12;13;17;18;19;22;23;24;25;26;27;28;29;30;31;35,14;16;20;32,2;4;8;15;21;33;34,24,4,7,runs/paper_v12/grouped_cv_v4_1_multiseed/benchmark/harmonic_fold_v4_1/full/seed-20260931/fold-0/result.json,54a73889ca807b41efc3e34cb192c2d927de97d12e3d3de25025b767c20e32d4
main,benchmark,harmonic_fold,20260931,group-5-fold-1,1;2;4;7;8;9;10;11;12;14;16;17;20;21;22;23;25;28;29;30;32;33;34;35,15;19;26;31,3;5;6;13;18;24;27,24,4,7,runs/paper_v12/grouped_cv_v4_1_multiseed/benchmark/harmonic_fold_v4_1/full/seed-20260931/fold-1/result.json,b537e59bac00355c8fbb45181112c82482e2604768a4bc75472c0f2d81e41875
main,benchmark,harmonic_fold,20260931,group-5-fold-2,1;2;3;4;5;6;7;8;10;11;12;13;15;18;21;24;25;26;27;29;30;32;33;34,16;19;31;35,9;14;17;20;22;23;28,24,4,7,runs/paper_v12/grouped_cv_v4_1_multiseed/benchmark/harmonic_fold_v4_1/full/seed-20260931/fold-2/result.json,21cbfe110562b6b431de72ce6ed58b4134e2f2e98fb396dde7cd11a92b010346
main,benchmark,harmonic_fold,20260931,group-5-fold-3,1;2;3;4;5;6;7;8;9;13;14;16;17;18;20;22;23;24;25;27;28;29;34;35,15;21;30;33,10;11;12;19;26;31;32,24,4,7,runs/paper_v12/grouped_cv_v4_1_multiseed/benchmark/harmonic_fold_v4_1/full/seed-20260931/fold-3/result.json,56ab7d3d0a2cbe001365f629309a470265574a88234b5d0010b38ae6eea2c989
main,benchmark,harmonic_fold,20260931,group-5-fold-4,2;3;4;5;6;9;10;11;12;13;14;15;17;18;19;20;21;22;24;26;31;32;33;34,8;23;27;28,1;7;16;25;29;30;35,24,4,7,runs/paper_v12/grouped_cv_v4_1_multiseed/benchmark/harmonic_fold_v4_1/full/seed-20260931/fold-4/result.json,1ac53343d587dba03e8cba369c15fa279cd390c9a886300537ceee696cfb72ae
main,benchmark,ssvepformer,20260929,group-5-fold-0,1;3;5;6;7;9;10;11;12;13;17;18;19;22;23;24;25;26;27;28;29;30;31;35,14;16;20;32,2;4;8;15;21;33;34,24,4,7,runs/paper_v4/deep_baselines/benchmark/ssvepformer/full/seed-20260929/fold-0/result.json,6fa643ff00a58d783e06ab133f5c89cee04363551fece9dcb931d7a881097f68
main,benchmark,ssvepformer,20260929,group-5-fold-1,1;2;4;7;8;9;10;11;12;14;16;17;20;21;22;23;25;28;29;30;32;33;34;35,15;19;26;31,3;5;6;13;18;24;27,24,4,7,runs/paper_v4/deep_baselines/benchmark/ssvepformer/full/seed-20260929/fold-1/result.json,3d8afbfac3fdab97498e1d446045c1829e65f74930020cf8e019c22de8bfcb80
main,benchmark,ssvepformer,20260929,group-5-fold-2,1;2;3;4;5;6;7;8;10;11;12;13;15;18;21;24;25;26;27;29;30;32;33;34,16;19;31;35,9;14;17;20;22;23;28,24,4,7,runs/paper_v4/deep_baselines/benchmark/ssvepformer/full/seed-20260929/fold-2/result.json,15b2f2d431effb40bb60f7d7533b41b89827919dcede94d93baa1de8cec03b9a
main,benchmark,ssvepformer,20260929,group-5-fold-3,1;2;3;4;5;6;7;8;9;13;14;16;17;18;20;22;23;24;25;27;28;29;34;35,15;21;30;33,10;11;12;19;26;31;32,24,4,7,runs/paper_v4/deep_baselines/benchmark/ssvepformer/full/seed-20260929/fold-3/result.json,2d7fb39fc476825554d9f0f44e31417d304d486163a5e3cb1ec1169e5c60df6e
main,benchmark,ssvepformer,20260929,group-5-fold-4,2;3;4;5;6;9;10;11;12;13;14;15;17;18;19;20;21;22;24;26;31;32;33;34,8;23;27;28,1;7;16;25;29;30;35,24,4,7,runs/paper_v4/deep_baselines/benchmark/ssvepformer/full/seed-20260929/fold-4/result.json,19e90ff8f32bf2855075d612d799c9c0b9b54b5aa802cb539d52cac02bcd9876
main,benchmark,ssvepformer,20260930,group-5-fold-0,1;3;5;6;7;9;10;11;12;13;17;18;19;22;23;24;25;26;27;28;29;30;31;35,14;16;20;32,2;4;8;15;21;33;34,24,4,7,runs/paper_v21/ssvepformer_multiseed/benchmark/ssvepformer/full/seed-20260930/fold-0/result.json,4b5bd2d29978216c45b3bedc198732b2aec1757cd32aa2ae09fa76b8ad2c2bef
main,benchmark,ssvepformer,20260930,group-5-fold-1,1;2;4;7;8;9;10;11;12;14;16;17;20;21;22;23;25;28;29;30;32;33;34;35,15;19;26;31,3;5;6;13;18;24;27,24,4,7,runs/paper_v21/ssvepformer_multiseed/benchmark/ssvepformer/full/seed-20260930/fold-1/result.json,7b4bffbb16b71947cef9fac2f4d6c66b70034a76878606455ebcabcd1f21c1d9
main,benchmark,ssvepformer,20260930,group-5-fold-2,1;2;3;4;5;6;7;8;10;11;12;13;15;18;21;24;25;26;27;29;30;32;33;34,16;19;31;35,9;14;17;20;22;23;28,24,4,7,runs/paper_v21/ssvepformer_multiseed/benchmark/ssvepformer/full/seed-20260930/fold-2/result.json,496ce521a4bc7f2a6a7aa53cc15985dd404e00d3eb2b6f630d31fe514e1eee3f
main,benchmark,ssvepformer,20260930,group-5-fold-3,1;2;3;4;5;6;7;8;9;13;14;16;17;18;20;22;23;24;25;27;28;29;34;35,15;21;30;33,10;11;12;19;26;31;32,24,4,7,runs/paper_v21/ssvepformer_multiseed/benchmark/ssvepformer/full/seed-20260930/fold-3/result.json,bd93812094666dc2be657dd8ff24e42cacc35b411320ac2d7f5bad34fe2cd081
main,benchmark,ssvepformer,20260930,group-5-fold-4,2;3;4;5;6;9;10;11;12;13;14;15;17;18;19;20;21;22;24;26;31;32;33;34,8;23;27;28,1;7;16;25;29;30;35,24,4,7,runs/paper_v21/ssvepformer_multiseed/benchmark/ssvepformer/full/seed-20260930/fold-4/result.json,5cd24df9ace81c339cf02c104bea97a70dc4886e445f83f42720375b63b92dd8
main,benchmark,ssvepformer,20260931,group-5-fold-0,1;3;5;6;7;9;10;11;12;13;17;18;19;22;23;24;25;26;27;28;29;30;31;35,14;16;20;32,2;4;8;15;21;33;34,24,4,7,runs/paper_v21/ssvepformer_multiseed/benchmark/ssvepformer/full/seed-20260931/fold-0/result.json,4be642135eca2ebd4a28b1f19f3ccfc3205890f3038710c47423a3d4ec91cb38
main,benchmark,ssvepformer,20260931,group-5-fold-1,1;2;4;7;8;9;10;11;12;14;16;17;20;21;22;23;25;28;29;30;32;33;34;35,15;19;26;31,3;5;6;13;18;24;27,24,4,7,runs/paper_v21/ssvepformer_multiseed/benchmark/ssvepformer/full/seed-20260931/fold-1/result.json,a0d18b4e5a981a67003f19d218dce98281e92d9e7b7dbd2d0760482f02733236
main,benchmark,ssvepformer,20260931,group-5-fold-2,1;2;3;4;5;6;7;8;10;11;12;13;15;18;21;24;25;26;27;29;30;32;33;34,16;19;31;35,9;14;17;20;22;23;28,24,4,7,runs/paper_v21/ssvepformer_multiseed/benchmark/ssvepformer/full/seed-20260931/fold-2/result.json,be22198556eed6c15edc5c2e379267d2967c7dd36e8d6ba71bcd4b621a713a34
main,benchmark,ssvepformer,20260931,group-5-fold-3,1;2;3;4;5;6;7;8;9;13;14;16;17;18;20;22;23;24;25;27;28;29;34;35,15;21;30;33,10;11;12;19;26;31;32,24,4,7,runs/paper_v21/ssvepformer_multiseed/benchmark/ssvepformer/full/seed-20260931/fold-3/result.json,54c2d922ae8727d9bc0987173e502d5f34b6e4cf55cf260f91410363bb566bde
main,benchmark,ssvepformer,20260931,group-5-fold-4,2;3;4;5;6;9;10;11;12;13;14;15;17;18;19;20;21;22;24;26;31;32;33;34,8;23;27;28,1;7;16;25;29;30;35,24,4,7,runs/paper_v21/ssvepformer_multiseed/benchmark/ssvepformer/full/seed-20260931/fold-4/result.json,bd17af77bfe7f5bde9cb82f426541985dd6bfc5641fa29d00ffacf5e3ea20b7a
main,beta,harmonic_fold,20260929,group-5-fold-0,1;2;4;5;10;11;12;13;14;16;18;19;20;22;23;24;25;26;27;30;31;33;34;37;38;39;40;41;42;43;44;45;46;47;48;49;52;55;57;58;59;60;61;62;64;65;66;68;69,7;15;21;28;51;54;63,3;6;8;9;17;29;32;35;36;50;53;56;67;70,49,7,14,runs/paper_v9/external_grouped_cv_v4_1/beta/harmonic_fold_v4_1/full/seed-20260929/fold-0/result.json,858b34c25b5d81e9896dd6de54606b333a3ea90653db53f485b3ca840219a401
main,beta,harmonic_fold,20260929,group-5-fold-1,1;2;3;6;8;9;10;12;13;14;16;17;19;21;22;25;26;27;28;29;30;31;32;35;37;40;42;44;45;46;48;49;50;51;52;53;54;55;56;57;58;60;62;65;66;67;68;69;70,7;36;38;39;59;61;64,4;5;11;15;18;20;23;24;33;34;41;43;47;63,49,7,14,runs/paper_v9/external_grouped_cv_v4_1/beta/harmonic_fold_v4_1/full/seed-20260929/fold-1/result.json,cf6a2ec796eb3120a4e61ffb44cb42d39a987c258200ee186b0f227486d16ae4
main,beta,harmonic_fold,20260929,group-5-fold-2,1;3;4;5;6;7;8;9;11;12;14;15;18;19;22;23;25;26;29;30;32;33;35;36;37;38;41;43;44;45;46;47;48;51;52;53;55;56;57;58;59;61;62;63;65;67;68;69;70,10;17;20;24;34;50;64,2;13;16;21;27;28;31;39;40;42;49;54;60;66,49,7,14,runs/paper_v9/external_grouped_cv_v4_1/beta/harmonic_fold_v4_1/full/seed-20260929/fold-2/result.json,722c6ea1aad86fd3aecd141aff969ea39edf67c1cb180335b87979e2b04cd623
main,beta,harmonic_fold,20260929,group-5-fold-3,1;2;3;4;5;6;7;8;9;13;15;16;17;18;19;22;23;24;25;27;28;29;30;31;33;34;35;36;39;40;41;42;43;44;46;47;49;50;52;54;56;57;58;60;63;65;66;68;70,11;20;21;32;51;53;67,10;12;14;26;37;38;45;48;55;59;61;62;64;69,49,7,14,runs/paper_v9/external_grouped_cv_v4_1/beta/harmonic_fold_v4_1/full/seed-20260929/fold-3/result.json,8b71cf8be4d6ee9ed41dff1d31774580b22f38c0f2ab242af6834199e7f330af
main,beta,harmonic_fold,20260929,group-5-fold-4,2;3;4;5;6;8;9;10;11;13;14;15;16;17;18;20;21;24;26;27;29;31;32;33;34;36;37;39;40;41;42;43;45;47;48;49;50;53;55;56;59;60;61;62;63;66;67;69;70,12;23;28;35;38;54;64,1;7;19;22;25;30;44;46;51;52;57;58;65;68,49,7,14,runs/paper_v9/external_grouped_cv_v4_1/beta/harmonic_fold_v4_1/full/seed-20260929/fold-4/result.json,aef42ffa4f0158c332767b9a9110ddb7760ef09b3b4130065609d2d1e147c052
main,beta,harmonic_fold,20260930,group-5-fold-0,1;2;4;5;10;11;12;13;14;16;18;19;20;22;23;24;25;26;27;30;31;33;34;37;38;39;40;41;42;43;44;45;46;47;48;49;52;55;57;58;59;60;61;62;64;65;66;68;69,7;15;21;28;51;54;63,3;6;8;9;17;29;32;35;36;50;53;56;67;70,49,7,14,runs/paper_v12/grouped_cv_v4_1_multiseed/beta/harmonic_fold_v4_1/full/seed-20260930/fold-0/result.json,c38c8602bfe5c5fca84711cf3abd8cdf785e80d3ab87f7eef16dbe2e0dd128d5
main,beta,harmonic_fold,20260930,group-5-fold-1,1;2;3;6;8;9;10;12;13;14;16;17;19;21;22;25;26;27;28;29;30;31;32;35;37;40;42;44;45;46;48;49;50;51;52;53;54;55;56;57;58;60;62;65;66;67;68;69;70,7;36;38;39;59;61;64,4;5;11;15;18;20;23;24;33;34;41;43;47;63,49,7,14,runs/paper_v12/grouped_cv_v4_1_multiseed/beta/harmonic_fold_v4_1/full/seed-20260930/fold-1/result.json,816ddd01baa949144b1a2e7d6114adee3514b1275d489631fe70792577ce723a
main,beta,harmonic_fold,20260930,group-5-fold-2,1;3;4;5;6;7;8;9;11;12;14;15;18;19;22;23;25;26;29;30;32;33;35;36;37;38;41;43;44;45;46;47;48;51;52;53;55;56;57;58;59;61;62;63;65;67;68;69;70,10;17;20;24;34;50;64,2;13;16;21;27;28;31;39;40;42;49;54;60;66,49,7,14,runs/paper_v12/grouped_cv_v4_1_multiseed/beta/harmonic_fold_v4_1/full/seed-20260930/fold-2/result.json,f2b1b1506971836253ba8722e82eca93619bab9ef99039880fa47b1f140e8210
main,beta,harmonic_fold,20260930,group-5-fold-3,1;2;3;4;5;6;7;8;9;13;15;16;17;18;19;22;23;24;25;27;28;29;30;31;33;34;35;36;39;40;41;42;43;44;46;47;49;50;52;54;56;57;58;60;63;65;66;68;70,11;20;21;32;51;53;67,10;12;14;26;37;38;45;48;55;59;61;62;64;69,49,7,14,runs/paper_v12/grouped_cv_v4_1_multiseed/beta/harmonic_fold_v4_1/full/seed-20260930/fold-3/result.json,89a49200894fcd265319bf095e2d6ce85eb7093adc7ed7fe94b31cdec2f4e9b6
main,beta,harmonic_fold,20260930,group-5-fold-4,2;3;4;5;6;8;9;10;11;13;14;15;16;17;18;20;21;24;26;27;29;31;32;33;34;36;37;39;40;41;42;43;45;47;48;49;50;53;55;56;59;60;61;62;63;66;67;69;70,12;23;28;35;38;54;64,1;7;19;22;25;30;44;46;51;52;57;58;65;68,49,7,14,runs/paper_v12/grouped_cv_v4_1_multiseed/beta/harmonic_fold_v4_1/full/seed-20260930/fold-4/result.json,a5b04ae7bb6afc6cad857792e34f2ea296025c7192696d65a76eeab58188d05e
main,beta,harmonic_fold,20260931,group-5-fold-0,1;2;4;5;10;11;12;13;14;16;18;19;20;22;23;24;25;26;27;30;31;33;34;37;38;39;40;41;42;43;44;45;46;47;48;49;52;55;57;58;59;60;61;62;64;65;66;68;69,7;15;21;28;51;54;63,3;6;8;9;17;29;32;35;36;50;53;56;67;70,49,7,14,runs/paper_v12/grouped_cv_v4_1_multiseed/beta/harmonic_fold_v4_1/full/seed-20260931/fold-0/result.json,7c8d091fbf12069452e0fa8581cbc1b245186a115d83f4c9c888d25015b2bbe9
main,beta,harmonic_fold,20260931,group-5-fold-1,1;2;3;6;8;9;10;12;13;14;16;17;19;21;22;25;26;27;28;29;30;31;32;35;37;40;42;44;45;46;48;49;50;51;52;53;54;55;56;57;58;60;62;65;66;67;68;69;70,7;36;38;39;59;61;64,4;5;11;15;18;20;23;24;33;34;41;43;47;63,49,7,14,runs/paper_v12/grouped_cv_v4_1_multiseed/beta/harmonic_fold_v4_1/full/seed-20260931/fold-1/result.json,bc820fe41a540cf419c1a0e0b1cdee098d061252153964c0c14b536db1659178
main,beta,harmonic_fold,20260931,group-5-fold-2,1;3;4;5;6;7;8;9;11;12;14;15;18;19;22;23;25;26;29;30;32;33;35;36;37;38;41;43;44;45;46;47;48;51;52;53;55;56;57;58;59;61;62;63;65;67;68;69;70,10;17;20;24;34;50;64,2;13;16;21;27;28;31;39;40;42;49;54;60;66,49,7,14,runs/paper_v12/grouped_cv_v4_1_multiseed/beta/harmonic_fold_v4_1/full/seed-20260931/fold-2/result.json,28878c80ab64557389d83ce05c2dba4a29d6135da70d94b0d588a46ab6b538d8
main,beta,harmonic_fold,20260931,group-5-fold-3,1;2;3;4;5;6;7;8;9;13;15;16;17;18;19;22;23;24;25;27;28;29;30;31;33;34;35;36;39;40;41;42;43;44;46;47;49;50;52;54;56;57;58;60;63;65;66;68;70,11;20;21;32;51;53;67,10;12;14;26;37;38;45;48;55;59;61;62;64;69,49,7,14,runs/paper_v12/grouped_cv_v4_1_multiseed/beta/harmonic_fold_v4_1/full/seed-20260931/fold-3/result.json,5f8239885771a44b67f37b8898134617aaeb12bc70f7ceb4383527b73071750f
main,beta,harmonic_fold,20260931,group-5-fold-4,2;3;4;5;6;8;9;10;11;13;14;15;16;17;18;20;21;24;26;27;29;31;32;33;34;36;37;39;40;41;42;43;45;47;48;49;50;53;55;56;59;60;61;62;63;66;67;69;70,12;23;28;35;38;54;64,1;7;19;22;25;30;44;46;51;52;57;58;65;68,49,7,14,runs/paper_v12/grouped_cv_v4_1_multiseed/beta/harmonic_fold_v4_1/full/seed-20260931/fold-4/result.json,d7056838b14c45367998a1ede092ed4f228878199fccf25e08c547a67974024c
main,beta,ssvepformer,20260929,group-5-fold-0,1;2;4;5;10;11;12;13;14;16;18;19;20;22;23;24;25;26;27;30;31;33;34;37;38;39;40;41;42;43;44;45;46;47;48;49;52;55;57;58;59;60;61;62;64;65;66;68;69,7;15;21;28;51;54;63,3;6;8;9;17;29;32;35;36;50;53;56;67;70,49,7,14,runs/paper_v4/deep_baselines/beta/ssvepformer/full/seed-20260929/fold-0/result.json,104e886e7c9f9f08b88299d2efe35abcd5bf65b8bff2de8ea83308408f7c1651
main,beta,ssvepformer,20260929,group-5-fold-1,1;2;3;6;8;9;10;12;13;14;16;17;19;21;22;25;26;27;28;29;30;31;32;35;37;40;42;44;45;46;48;49;50;51;52;53;54;55;56;57;58;60;62;65;66;67;68;69;70,7;36;38;39;59;61;64,4;5;11;15;18;20;23;24;33;34;41;43;47;63,49,7,14,runs/paper_v4/deep_baselines/beta/ssvepformer/full/seed-20260929/fold-1/result.json,c1de03a7a3f29abd8a235c5afd9496a1282358f4ad7b781e6374a0873f0d30c6
main,beta,ssvepformer,20260929,group-5-fold-2,1;3;4;5;6;7;8;9;11;12;14;15;18;19;22;23;25;26;29;30;32;33;35;36;37;38;41;43;44;45;46;47;48;51;52;53;55;56;57;58;59;61;62;63;65;67;68;69;70,10;17;20;24;34;50;64,2;13;16;21;27;28;31;39;40;42;49;54;60;66,49,7,14,runs/paper_v4/deep_baselines/beta/ssvepformer/full/seed-20260929/fold-2/result.json,658dec3e1c04f22e84c09693bb79004bd3b6a6faeb02052d0617840f6dc70520
main,beta,ssvepformer,20260929,group-5-fold-3,1;2;3;4;5;6;7;8;9;13;15;16;17;18;19;22;23;24;25;27;28;29;30;31;33;34;35;36;39;40;41;42;43;44;46;47;49;50;52;54;56;57;58;60;63;65;66;68;70,11;20;21;32;51;53;67,10;12;14;26;37;38;45;48;55;59;61;62;64;69,49,7,14,runs/paper_v4/deep_baselines/beta/ssvepformer/full/seed-20260929/fold-3/result.json,542906dad39d4a217c69944f475a765286cc19237cc740873cd8a7ade2fc0fd5
main,beta,ssvepformer,20260929,group-5-fold-4,2;3;4;5;6;8;9;10;11;13;14;15;16;17;18;20;21;24;26;27;29;31;32;33;34;36;37;39;40;41;42;43;45;47;48;49;50;53;55;56;59;60;61;62;63;66;67;69;70,12;23;28;35;38;54;64,1;7;19;22;25;30;44;46;51;52;57;58;65;68,49,7,14,runs/paper_v4/deep_baselines/beta/ssvepformer/full/seed-20260929/fold-4/result.json,3e9f92a3cc9927e61a239ae40dce61e2713d66c26f1f411c4286b13713bbc6c9
main,beta,ssvepformer,20260930,group-5-fold-0,1;2;4;5;10;11;12;13;14;16;18;19;20;22;23;24;25;26;27;30;31;33;34;37;38;39;40;41;42;43;44;45;46;47;48;49;52;55;57;58;59;60;61;62;64;65;66;68;69,7;15;21;28;51;54;63,3;6;8;9;17;29;32;35;36;50;53;56;67;70,49,7,14,runs/paper_v21/ssvepformer_multiseed/beta/ssvepformer/full/seed-20260930/fold-0/result.json,a6de2b28ffe984bc26194308e5b99f89a6fbaefb36c3493d9bcc75de8cd13c5b
main,beta,ssvepformer,20260930,group-5-fold-1,1;2;3;6;8;9;10;12;13;14;16;17;19;21;22;25;26;27;28;29;30;31;32;35;37;40;42;44;45;46;48;49;50;51;52;53;54;55;56;57;58;60;62;65;66;67;68;69;70,7;36;38;39;59;61;64,4;5;11;15;18;20;23;24;33;34;41;43;47;63,49,7,14,runs/paper_v21/ssvepformer_multiseed/beta/ssvepformer/full/seed-20260930/fold-1/result.json,c31b1412583e601930548719dc7e8d1270b61f82d06f1ec2effc3d5660dbcd8d
main,beta,ssvepformer,20260930,group-5-fold-2,1;3;4;5;6;7;8;9;11;12;14;15;18;19;22;23;25;26;29;30;32;33;35;36;37;38;41;43;44;45;46;47;48;51;52;53;55;56;57;58;59;61;62;63;65;67;68;69;70,10;17;20;24;34;50;64,2;13;16;21;27;28;31;39;40;42;49;54;60;66,49,7,14,runs/paper_v21/ssvepformer_multiseed/beta/ssvepformer/full/seed-20260930/fold-2/result.json,c029e0a03edfc036f1af7691c3a8129d6827b1a4eba512a415ca73c61d590bd2
main,beta,ssvepformer,20260930,group-5-fold-3,1;2;3;4;5;6;7;8;9;13;15;16;17;18;19;22;23;24;25;27;28;29;30;31;33;34;35;36;39;40;41;42;43;44;46;47;49;50;52;54;56;57;58;60;63;65;66;68;70,11;20;21;32;51;53;67,10;12;14;26;37;38;45;48;55;59;61;62;64;69,49,7,14,runs/paper_v21/ssvepformer_multiseed/beta/ssvepformer/full/seed-20260930/fold-3/result.json,5daaf0463fe946a9df76a40cb1feb07f6caccec42706fa88a1e3d1a1abfb48b8
main,beta,ssvepformer,20260930,group-5-fold-4,2;3;4;5;6;8;9;10;11;13;14;15;16;17;18;20;21;24;26;27;29;31;32;33;34;36;37;39;40;41;42;43;45;47;48;49;50;53;55;56;59;60;61;62;63;66;67;69;70,12;23;28;35;38;54;64,1;7;19;22;25;30;44;46;51;52;57;58;65;68,49,7,14,runs/paper_v21/ssvepformer_multiseed/beta/ssvepformer/full/seed-20260930/fold-4/result.json,3395c6acfe7e4aad5d8585e6f89ecea882bde4ecd900800713a674be6a1e1784
main,beta,ssvepformer,20260931,group-5-fold-0,1;2;4;5;10;11;12;13;14;16;18;19;20;22;23;24;25;26;27;30;31;33;34;37;38;39;40;41;42;43;44;45;46;47;48;49;52;55;57;58;59;60;61;62;64;65;66;68;69,7;15;21;28;51;54;63,3;6;8;9;17;29;32;35;36;50;53;56;67;70,49,7,14,runs/paper_v21/ssvepformer_multiseed/beta/ssvepformer/full/seed-20260931/fold-0/result.json,57441d2da224198e5617fde19ab6c17a6edf6a827a344ba7d2e8a7d28fd1e077
main,beta,ssvepformer,20260931,group-5-fold-1,1;2;3;6;8;9;10;12;13;14;16;17;19;21;22;25;26;27;28;29;30;31;32;35;37;40;42;44;45;46;48;49;50;51;52;53;54;55;56;57;58;60;62;65;66;67;68;69;70,7;36;38;39;59;61;64,4;5;11;15;18;20;23;24;33;34;41;43;47;63,49,7,14,runs/paper_v21/ssvepformer_multiseed/beta/ssvepformer/full/seed-20260931/fold-1/result.json,e350176517e34c6dd16f7f4535b52c6fea4d4747e1cc0dc980dadfaa6c02afed
main,beta,ssvepformer,20260931,group-5-fold-2,1;3;4;5;6;7;8;9;11;12;14;15;18;19;22;23;25;26;29;30;32;33;35;36;37;38;41;43;44;45;46;47;48;51;52;53;55;56;57;58;59;61;62;63;65;67;68;69;70,10;17;20;24;34;50;64,2;13;16;21;27;28;31;39;40;42;49;54;60;66,49,7,14,runs/paper_v21/ssvepformer_multiseed/beta/ssvepformer/full/seed-20260931/fold-2/result.json,45378f1fd47ce221bb32d9e7a3cce1d26787de43b7ed37c626f0fb9c3a53c647
main,beta,ssvepformer,20260931,group-5-fold-3,1;2;3;4;5;6;7;8;9;13;15;16;17;18;19;22;23;24;25;27;28;29;30;31;33;34;35;36;39;40;41;42;43;44;46;47;49;50;52;54;56;57;58;60;63;65;66;68;70,11;20;21;32;51;53;67,10;12;14;26;37;38;45;48;55;59;61;62;64;69,49,7,14,runs/paper_v21/ssvepformer_multiseed/beta/ssvepformer/full/seed-20260931/fold-3/result.json,ae7f454b8d753a3bde911f44658ed8b5cf643a64fd8e98070ef268dff7b27c2b
main,beta,ssvepformer,20260931,group-5-fold-4,2;3;4;5;6;8;9;10;11;13;14;15;16;17;18;20;21;24;26;27;29;31;32;33;34;36;37;39;40;41;42;43;45;47;48;49;50;53;55;56;59;60;61;62;63;66;67;69;70,12;23;28;35;38;54;64,1;7;19;22;25;30;44;46;51;52;57;58;65;68,49,7,14,runs/paper_v21/ssvepformer_multiseed/beta/ssvepformer/full/seed-20260931/fold-4/result.json,68fc448ab00b4686665323af5350424e21403228e61c5f7345668177f3c7dc20
strong_filter_bank,beta,fb_ssvepformer,20260929,group-5-fold-0,1;2;4;5;10;11;12;13;14;16;18;19;20;22;23;24;25;26;27;30;31;33;34;37;38;39;40;41;42;43;44;45;46;47;48;49;52;55;57;58;59;60;61;62;64;65;66;68;69,7;15;21;28;51;54;63,3;6;8;9;17;29;32;35;36;50;53;56;67;70,49,7,14,runs/paper_v36/fb_ssvepformer_formal/beta/fb_ssvepformer/full/seed-20260929/fold-0/result.json,1da0448749250f14ec6879db701596e0e6d6d37b23bc4bbe1db6eb73111c3f32
strong_filter_bank,beta,fb_ssvepformer,20260929,group-5-fold-1,1;2;3;6;8;9;10;12;13;14;16;17;19;21;22;25;26;27;28;29;30;31;32;35;37;40;42;44;45;46;48;49;50;51;52;53;54;55;56;57;58;60;62;65;66;67;68;69;70,7;36;38;39;59;61;64,4;5;11;15;18;20;23;24;33;34;41;43;47;63,49,7,14,runs/paper_v36/fb_ssvepformer_formal/beta/fb_ssvepformer/full/seed-20260929/fold-1/result.json,40dafefa92efc0c777a68e8fb0bd3c0a6d1272d8b1632d92cbeaef6df252b189
strong_filter_bank,beta,fb_ssvepformer,20260929,group-5-fold-2,1;3;4;5;6;7;8;9;11;12;14;15;18;19;22;23;25;26;29;30;32;33;35;36;37;38;41;43;44;45;46;47;48;51;52;53;55;56;57;58;59;61;62;63;65;67;68;69;70,10;17;20;24;34;50;64,2;13;16;21;27;28;31;39;40;42;49;54;60;66,49,7,14,runs/paper_v36/fb_ssvepformer_formal/beta/fb_ssvepformer/full/seed-20260929/fold-2/result.json,451ae359b52a6239215d8664c18a5cece45cdd140032178f4b30b7370794df37
strong_filter_bank,beta,fb_ssvepformer,20260929,group-5-fold-3,1;2;3;4;5;6;7;8;9;13;15;16;17;18;19;22;23;24;25;27;28;29;30;31;33;34;35;36;39;40;41;42;43;44;46;47;49;50;52;54;56;57;58;60;63;65;66;68;70,11;20;21;32;51;53;67,10;12;14;26;37;38;45;48;55;59;61;62;64;69,49,7,14,runs/paper_v36/fb_ssvepformer_formal/beta/fb_ssvepformer/full/seed-20260929/fold-3/result.json,fc9286bb8f36e5e2cef8e871a8ddbf8170eedbcb7118c0cc612e10ee706e948c
strong_filter_bank,beta,fb_ssvepformer,20260929,group-5-fold-4,2;3;4;5;6;8;9;10;11;13;14;15;16;17;18;20;21;24;26;27;29;31;32;33;34;36;37;39;40;41;42;43;45;47;48;49;50;53;55;56;59;60;61;62;63;66;67;69;70,12;23;28;35;38;54;64,1;7;19;22;25;30;44;46;51;52;57;58;65;68,49,7,14,runs/paper_v36/fb_ssvepformer_formal/beta/fb_ssvepformer/full/seed-20260929/fold-4/result.json,d857c32de5bb464565e355cc77aef1b8737f0b7f7a00c29ea17ec19a039f8d0c
strong_filter_bank,beta,fb_ssvepformer,20260930,group-5-fold-0,1;2;4;5;10;11;12;13;14;16;18;19;20;22;23;24;25;26;27;30;31;33;34;37;38;39;40;41;42;43;44;45;46;47;48;49;52;55;57;58;59;60;61;62;64;65;66;68;69,7;15;21;28;51;54;63,3;6;8;9;17;29;32;35;36;50;53;56;67;70,49,7,14,runs/paper_v36/fb_ssvepformer_formal/beta/fb_ssvepformer/full/seed-20260930/fold-0/result.json,76172cf2541d4ce6ec9a5f912809bba776890d44ff69bd3b158159bb2a52e4dd
strong_filter_bank,beta,fb_ssvepformer,20260930,group-5-fold-1,1;2;3;6;8;9;10;12;13;14;16;17;19;21;22;25;26;27;28;29;30;31;32;35;37;40;42;44;45;46;48;49;50;51;52;53;54;55;56;57;58;60;62;65;66;67;68;69;70,7;36;38;39;59;61;64,4;5;11;15;18;20;23;24;33;34;41;43;47;63,49,7,14,runs/paper_v36/fb_ssvepformer_formal/beta/fb_ssvepformer/full/seed-20260930/fold-1/result.json,f987e7d0329082c9c77af85a15a62fe12d41af923bbcc1d1beafde8f29310576
strong_filter_bank,beta,fb_ssvepformer,20260930,group-5-fold-2,1;3;4;5;6;7;8;9;11;12;14;15;18;19;22;23;25;26;29;30;32;33;35;36;37;38;41;43;44;45;46;47;48;51;52;53;55;56;57;58;59;61;62;63;65;67;68;69;70,10;17;20;24;34;50;64,2;13;16;21;27;28;31;39;40;42;49;54;60;66,49,7,14,runs/paper_v36/fb_ssvepformer_formal/beta/fb_ssvepformer/full/seed-20260930/fold-2/result.json,5ee97fa814f566e0d9b310ab7b8d56120efdb7779acc307137653b11caafc83e
strong_filter_bank,beta,fb_ssvepformer,20260930,group-5-fold-3,1;2;3;4;5;6;7;8;9;13;15;16;17;18;19;22;23;24;25;27;28;29;30;31;33;34;35;36;39;40;41;42;43;44;46;47;49;50;52;54;56;57;58;60;63;65;66;68;70,11;20;21;32;51;53;67,10;12;14;26;37;38;45;48;55;59;61;62;64;69,49,7,14,runs/paper_v36/fb_ssvepformer_formal/beta/fb_ssvepformer/full/seed-20260930/fold-3/result.json,e9a25c615a0a4a6de45faf28244e263cad607ee7f6a6e98ddc45bc068ec055cc
strong_filter_bank,beta,fb_ssvepformer,20260930,group-5-fold-4,2;3;4;5;6;8;9;10;11;13;14;15;16;17;18;20;21;24;26;27;29;31;32;33;34;36;37;39;40;41;42;43;45;47;48;49;50;53;55;56;59;60;61;62;63;66;67;69;70,12;23;28;35;38;54;64,1;7;19;22;25;30;44;46;51;52;57;58;65;68,49,7,14,runs/paper_v36/fb_ssvepformer_formal/beta/fb_ssvepformer/full/seed-20260930/fold-4/result.json,5c46cf36584e79e1a1f4b91d75da078fe2756168eb8986c09c37e749fa5750c4
strong_filter_bank,beta,fb_ssvepformer,20260931,group-5-fold-0,1;2;4;5;10;11;12;13;14;16;18;19;20;22;23;24;25;26;27;30;31;33;34;37;38;39;40;41;42;43;44;45;46;47;48;49;52;55;57;58;59;60;61;62;64;65;66;68;69,7;15;21;28;51;54;63,3;6;8;9;17;29;32;35;36;50;53;56;67;70,49,7,14,runs/paper_v36/fb_ssvepformer_formal/beta/fb_ssvepformer/full/seed-20260931/fold-0/result.json,6aecc11d643e5fc5cc856d79f7bea3aa757f428d663bc2cfa13dc029f0b86162
strong_filter_bank,beta,fb_ssvepformer,20260931,group-5-fold-1,1;2;3;6;8;9;10;12;13;14;16;17;19;21;22;25;26;27;28;29;30;31;32;35;37;40;42;44;45;46;48;49;50;51;52;53;54;55;56;57;58;60;62;65;66;67;68;69;70,7;36;38;39;59;61;64,4;5;11;15;18;20;23;24;33;34;41;43;47;63,49,7,14,runs/paper_v36/fb_ssvepformer_formal/beta/fb_ssvepformer/full/seed-20260931/fold-1/result.json,8f0f8755bbe321e86cb564756608750a4a58d10c1ca9f9cd2b06efc3e9e8a5fd
strong_filter_bank,beta,fb_ssvepformer,20260931,group-5-fold-2,1;3;4;5;6;7;8;9;11;12;14;15;18;19;22;23;25;26;29;30;32;33;35;36;37;38;41;43;44;45;46;47;48;51;52;53;55;56;57;58;59;61;62;63;65;67;68;69;70,10;17;20;24;34;50;64,2;13;16;21;27;28;31;39;40;42;49;54;60;66,49,7,14,runs/paper_v36/fb_ssvepformer_formal/beta/fb_ssvepformer/full/seed-20260931/fold-2/result.json,e5cfae7cc010f88c2006f0c557b23730a3ccc957e00ee43e9f3eadf319867d9f
strong_filter_bank,beta,fb_ssvepformer,20260931,group-5-fold-3,1;2;3;4;5;6;7;8;9;13;15;16;17;18;19;22;23;24;25;27;28;29;30;31;33;34;35;36;39;40;41;42;43;44;46;47;49;50;52;54;56;57;58;60;63;65;66;68;70,11;20;21;32;51;53;67,10;12;14;26;37;38;45;48;55;59;61;62;64;69,49,7,14,runs/paper_v36/fb_ssvepformer_formal/beta/fb_ssvepformer/full/seed-20260931/fold-3/result.json,cf7f69d787fdeae1e08abe6a17ea4a386e446d90809e681ba0afcd8d1931ab07
strong_filter_bank,beta,fb_ssvepformer,20260931,group-5-fold-4,2;3;4;5;6;8;9;10;11;13;14;15;16;17;18;20;21;24;26;27;29;31;32;33;34;36;37;39;40;41;42;43;45;47;48;49;50;53;55;56;59;60;61;62;63;66;67;69;70,12;23;28;35;38;54;64,1;7;19;22;25;30;44;46;51;52;57;58;65;68,49,7,14,runs/paper_v36/fb_ssvepformer_formal/beta/fb_ssvepformer/full/seed-20260931/fold-4/result.json,1c83659b6fe8a5bc7228c45a331a8a3d49d8de3637d4bbf968beb8af56b07ce2
strong_filter_bank,beta,harmonic_fold,20260929,group-5-fold-0,1;2;4;5;10;11;12;13;14;16;18;19;20;22;23;24;25;26;27;30;31;33;34;37;38;39;40;41;42;43;44;45;46;47;48;49;52;55;57;58;59;60;61;62;64;65;66;68;69,7;15;21;28;51;54;63,3;6;8;9;17;29;32;35;36;50;53;56;67;70,49,7,14,runs/paper_v9/external_grouped_cv_v4_1/beta/harmonic_fold_v4_1/full/seed-20260929/fold-0/result.json,858b34c25b5d81e9896dd6de54606b333a3ea90653db53f485b3ca840219a401
strong_filter_bank,beta,harmonic_fold,20260929,group-5-fold-1,1;2;3;6;8;9;10;12;13;14;16;17;19;21;22;25;26;27;28;29;30;31;32;35;37;40;42;44;45;46;48;49;50;51;52;53;54;55;56;57;58;60;62;65;66;67;68;69;70,7;36;38;39;59;61;64,4;5;11;15;18;20;23;24;33;34;41;43;47;63,49,7,14,runs/paper_v9/external_grouped_cv_v4_1/beta/harmonic_fold_v4_1/full/seed-20260929/fold-1/result.json,cf6a2ec796eb3120a4e61ffb44cb42d39a987c258200ee186b0f227486d16ae4
strong_filter_bank,beta,harmonic_fold,20260929,group-5-fold-2,1;3;4;5;6;7;8;9;11;12;14;15;18;19;22;23;25;26;29;30;32;33;35;36;37;38;41;43;44;45;46;47;48;51;52;53;55;56;57;58;59;61;62;63;65;67;68;69;70,10;17;20;24;34;50;64,2;13;16;21;27;28;31;39;40;42;49;54;60;66,49,7,14,runs/paper_v9/external_grouped_cv_v4_1/beta/harmonic_fold_v4_1/full/seed-20260929/fold-2/result.json,722c6ea1aad86fd3aecd141aff969ea39edf67c1cb180335b87979e2b04cd623
strong_filter_bank,beta,harmonic_fold,20260929,group-5-fold-3,1;2;3;4;5;6;7;8;9;13;15;16;17;18;19;22;23;24;25;27;28;29;30;31;33;34;35;36;39;40;41;42;43;44;46;47;49;50;52;54;56;57;58;60;63;65;66;68;70,11;20;21;32;51;53;67,10;12;14;26;37;38;45;48;55;59;61;62;64;69,49,7,14,runs/paper_v9/external_grouped_cv_v4_1/beta/harmonic_fold_v4_1/full/seed-20260929/fold-3/result.json,8b71cf8be4d6ee9ed41dff1d31774580b22f38c0f2ab242af6834199e7f330af
strong_filter_bank,beta,harmonic_fold,20260929,group-5-fold-4,2;3;4;5;6;8;9;10;11;13;14;15;16;17;18;20;21;24;26;27;29;31;32;33;34;36;37;39;40;41;42;43;45;47;48;49;50;53;55;56;59;60;61;62;63;66;67;69;70,12;23;28;35;38;54;64,1;7;19;22;25;30;44;46;51;52;57;58;65;68,49,7,14,runs/paper_v9/external_grouped_cv_v4_1/beta/harmonic_fold_v4_1/full/seed-20260929/fold-4/result.json,aef42ffa4f0158c332767b9a9110ddb7760ef09b3b4130065609d2d1e147c052
strong_filter_bank,beta,harmonic_fold,20260930,group-5-fold-0,1;2;4;5;10;11;12;13;14;16;18;19;20;22;23;24;25;26;27;30;31;33;34;37;38;39;40;41;42;43;44;45;46;47;48;49;52;55;57;58;59;60;61;62;64;65;66;68;69,7;15;21;28;51;54;63,3;6;8;9;17;29;32;35;36;50;53;56;67;70,49,7,14,runs/paper_v12/grouped_cv_v4_1_multiseed/beta/harmonic_fold_v4_1/full/seed-20260930/fold-0/result.json,c38c8602bfe5c5fca84711cf3abd8cdf785e80d3ab87f7eef16dbe2e0dd128d5
strong_filter_bank,beta,harmonic_fold,20260930,group-5-fold-1,1;2;3;6;8;9;10;12;13;14;16;17;19;21;22;25;26;27;28;29;30;31;32;35;37;40;42;44;45;46;48;49;50;51;52;53;54;55;56;57;58;60;62;65;66;67;68;69;70,7;36;38;39;59;61;64,4;5;11;15;18;20;23;24;33;34;41;43;47;63,49,7,14,runs/paper_v12/grouped_cv_v4_1_multiseed/beta/harmonic_fold_v4_1/full/seed-20260930/fold-1/result.json,816ddd01baa949144b1a2e7d6114adee3514b1275d489631fe70792577ce723a
strong_filter_bank,beta,harmonic_fold,20260930,group-5-fold-2,1;3;4;5;6;7;8;9;11;12;14;15;18;19;22;23;25;26;29;30;32;33;35;36;37;38;41;43;44;45;46;47;48;51;52;53;55;56;57;58;59;61;62;63;65;67;68;69;70,10;17;20;24;34;50;64,2;13;16;21;27;28;31;39;40;42;49;54;60;66,49,7,14,runs/paper_v12/grouped_cv_v4_1_multiseed/beta/harmonic_fold_v4_1/full/seed-20260930/fold-2/result.json,f2b1b1506971836253ba8722e82eca93619bab9ef99039880fa47b1f140e8210
strong_filter_bank,beta,harmonic_fold,20260930,group-5-fold-3,1;2;3;4;5;6;7;8;9;13;15;16;17;18;19;22;23;24;25;27;28;29;30;31;33;34;35;36;39;40;41;42;43;44;46;47;49;50;52;54;56;57;58;60;63;65;66;68;70,11;20;21;32;51;53;67,10;12;14;26;37;38;45;48;55;59;61;62;64;69,49,7,14,runs/paper_v12/grouped_cv_v4_1_multiseed/beta/harmonic_fold_v4_1/full/seed-20260930/fold-3/result.json,89a49200894fcd265319bf095e2d6ce85eb7093adc7ed7fe94b31cdec2f4e9b6
strong_filter_bank,beta,harmonic_fold,20260930,group-5-fold-4,2;3;4;5;6;8;9;10;11;13;14;15;16;17;18;20;21;24;26;27;29;31;32;33;34;36;37;39;40;41;42;43;45;47;48;49;50;53;55;56;59;60;61;62;63;66;67;69;70,12;23;28;35;38;54;64,1;7;19;22;25;30;44;46;51;52;57;58;65;68,49,7,14,runs/paper_v12/grouped_cv_v4_1_multiseed/beta/harmonic_fold_v4_1/full/seed-20260930/fold-4/result.json,a5b04ae7bb6afc6cad857792e34f2ea296025c7192696d65a76eeab58188d05e
strong_filter_bank,beta,harmonic_fold,20260931,group-5-fold-0,1;2;4;5;10;11;12;13;14;16;18;19;20;22;23;24;25;26;27;30;31;33;34;37;38;39;40;41;42;43;44;45;46;47;48;49;52;55;57;58;59;60;61;62;64;65;66;68;69,7;15;21;28;51;54;63,3;6;8;9;17;29;32;35;36;50;53;56;67;70,49,7,14,runs/paper_v12/grouped_cv_v4_1_multiseed/beta/harmonic_fold_v4_1/full/seed-20260931/fold-0/result.json,7c8d091fbf12069452e0fa8581cbc1b245186a115d83f4c9c888d25015b2bbe9
strong_filter_bank,beta,harmonic_fold,20260931,group-5-fold-1,1;2;3;6;8;9;10;12;13;14;16;17;19;21;22;25;26;27;28;29;30;31;32;35;37;40;42;44;45;46;48;49;50;51;52;53;54;55;56;57;58;60;62;65;66;67;68;69;70,7;36;38;39;59;61;64,4;5;11;15;18;20;23;24;33;34;41;43;47;63,49,7,14,runs/paper_v12/grouped_cv_v4_1_multiseed/beta/harmonic_fold_v4_1/full/seed-20260931/fold-1/result.json,bc820fe41a540cf419c1a0e0b1cdee098d061252153964c0c14b536db1659178
strong_filter_bank,beta,harmonic_fold,20260931,group-5-fold-2,1;3;4;5;6;7;8;9;11;12;14;15;18;19;22;23;25;26;29;30;32;33;35;36;37;38;41;43;44;45;46;47;48;51;52;53;55;56;57;58;59;61;62;63;65;67;68;69;70,10;17;20;24;34;50;64,2;13;16;21;27;28;31;39;40;42;49;54;60;66,49,7,14,runs/paper_v12/grouped_cv_v4_1_multiseed/beta/harmonic_fold_v4_1/full/seed-20260931/fold-2/result.json,28878c80ab64557389d83ce05c2dba4a29d6135da70d94b0d588a46ab6b538d8
strong_filter_bank,beta,harmonic_fold,20260931,group-5-fold-3,1;2;3;4;5;6;7;8;9;13;15;16;17;18;19;22;23;24;25;27;28;29;30;31;33;34;35;36;39;40;41;42;43;44;46;47;49;50;52;54;56;57;58;60;63;65;66;68;70,11;20;21;32;51;53;67,10;12;14;26;37;38;45;48;55;59;61;62;64;69,49,7,14,runs/paper_v12/grouped_cv_v4_1_multiseed/beta/harmonic_fold_v4_1/full/seed-20260931/fold-3/result.json,5f8239885771a44b67f37b8898134617aaeb12bc70f7ceb4383527b73071750f
strong_filter_bank,beta,harmonic_fold,20260931,group-5-fold-4,2;3;4;5;6;8;9;10;11;13;14;15;16;17;18;20;21;24;26;27;29;31;32;33;34;36;37;39;40;41;42;43;45;47;48;49;50;53;55;56;59;60;61;62;63;66;67;69;70,12;23;28;35;38;54;64,1;7;19;22;25;30;44;46;51;52;57;58;65;68,49,7,14,runs/paper_v12/grouped_cv_v4_1_multiseed/beta/harmonic_fold_v4_1/full/seed-20260931/fold-4/result.json,d7056838b14c45367998a1ede092ed4f228878199fccf25e08c547a67974024c
