dataset,condition,window_s,participant,seeds_averaged,balanced_accuracy
beta,harmonic_fold,0.4,1,3,0.45416666666666666
beta,harmonic_fold,0.4,2,3,0.51875
beta,harmonic_fold,0.4,3,3,0.4666666666666666
beta,harmonic_fold,0.4,4,3,0.2333333333333333
beta,harmonic_fold,0.4,5,3,0.17291666666666664
beta,harmonic_fold,0.4,6,3,0.2041666666666667
beta,harmonic_fold,0.4,7,3,0.11875000000000001
beta,harmonic_fold,0.4,8,3,0.22708333333333333
beta,harmonic_fold,0.4,9,3,0.5291666666666667
beta,harmonic_fold,0.4,10,3,0.28541666666666665
beta,harmonic_fold,0.4,11,3,0.07916666666666666
beta,harmonic_fold,0.4,12,3,0.4791666666666667
beta,harmonic_fold,0.4,13,3,0.41041666666666665
beta,harmonic_fold,0.4,14,3,0.11458333333333333
beta,harmonic_fold,0.4,15,3,0.28750000000000003
beta,harmonic_fold,0.4,16,3,0.2854166666666667
beta,harmonic_fold,0.4,17,3,0.10000000000000002
beta,harmonic_fold,0.4,18,3,0.5125000000000001
beta,harmonic_fold,0.4,19,3,0.4104166666666667
beta,harmonic_fold,0.4,20,3,0.11666666666666665
beta,harmonic_fold,0.4,21,3,0.37916666666666665
beta,harmonic_fold,0.4,22,3,0.31666666666666665
beta,harmonic_fold,0.4,23,3,0.26875
beta,harmonic_fold,0.4,24,3,0.20833333333333334
beta,harmonic_fold,0.4,25,3,0.10833333333333334
beta,harmonic_fold,0.4,26,3,0.2125
beta,harmonic_fold,0.4,27,3,0.4041666666666666
beta,harmonic_fold,0.4,28,3,0.3625
beta,harmonic_fold,0.4,29,3,0.26875
beta,harmonic_fold,0.4,30,3,0.32916666666666666
beta,harmonic_fold,0.4,31,3,0.18333333333333335
beta,harmonic_fold,0.4,32,3,0.05416666666666667
beta,harmonic_fold,0.4,33,3,0.16666666666666666
beta,harmonic_fold,0.4,34,3,0.375
beta,harmonic_fold,0.4,35,3,0.2791666666666667
beta,harmonic_fold,0.4,36,3,0.5104166666666666
beta,harmonic_fold,0.4,37,3,0.5416666666666666
beta,harmonic_fold,0.4,38,3,0.13333333333333333
beta,harmonic_fold,0.4,39,3,0.30624999999999997
beta,harmonic_fold,0.4,40,3,0.19791666666666666
beta,harmonic_fold,0.4,41,3,0.13541666666666666
beta,harmonic_fold,0.4,42,3,0.2270833333333333
beta,harmonic_fold,0.4,43,3,0.2125
beta,harmonic_fold,0.4,44,3,0.17916666666666667
beta,harmonic_fold,0.4,45,3,0.13749999999999998
beta,harmonic_fold,0.4,46,3,0.22291666666666665
beta,harmonic_fold,0.4,47,3,0.11458333333333333
beta,harmonic_fold,0.4,48,3,0.15
beta,harmonic_fold,0.4,49,3,0.33958333333333335
beta,harmonic_fold,0.4,50,3,0.18541666666666667
beta,harmonic_fold,0.4,51,3,0.2791666666666667
beta,harmonic_fold,0.4,52,3,0.3770833333333334
beta,harmonic_fold,0.4,53,3,0.3770833333333334
beta,harmonic_fold,0.4,54,3,0.26458333333333334
beta,harmonic_fold,0.4,55,3,0.14791666666666667
beta,harmonic_fold,0.4,56,3,0.32916666666666666
beta,harmonic_fold,0.4,57,3,0.275
beta,harmonic_fold,0.4,58,3,0.20833333333333334
beta,harmonic_fold,0.4,59,3,0.10625
beta,harmonic_fold,0.4,60,3,0.21458333333333335
beta,harmonic_fold,0.4,61,3,0.11666666666666665
beta,harmonic_fold,0.4,62,3,0.43124999999999997
beta,harmonic_fold,0.4,63,3,0.5666666666666667
beta,harmonic_fold,0.4,64,3,0.34375
beta,harmonic_fold,0.4,65,3,0.10833333333333334
beta,harmonic_fold,0.4,66,3,0.4937500000000001
beta,harmonic_fold,0.4,67,3,0.48125
beta,harmonic_fold,0.4,68,3,0.09583333333333333
beta,harmonic_fold,0.4,69,3,0.06875
beta,harmonic_fold,0.4,70,3,0.3541666666666667
beta,harmonic_fold,0.6,1,3,0.6062500000000001
beta,harmonic_fold,0.6,2,3,0.74375
beta,harmonic_fold,0.6,3,3,0.6770833333333334
beta,harmonic_fold,0.6,4,3,0.5187499999999999
beta,harmonic_fold,0.6,5,3,0.3416666666666666
beta,harmonic_fold,0.6,6,3,0.3833333333333333
beta,harmonic_fold,0.6,7,3,0.20833333333333334
beta,harmonic_fold,0.6,8,3,0.3520833333333333
beta,harmonic_fold,0.6,9,3,0.7395833333333334
beta,harmonic_fold,0.6,10,3,0.4583333333333333
beta,harmonic_fold,0.6,11,3,0.18125
beta,harmonic_fold,0.6,12,3,0.6833333333333332
beta,harmonic_fold,0.6,13,3,0.6458333333333334
beta,harmonic_fold,0.6,14,3,0.2125
beta,harmonic_fold,0.6,15,3,0.4166666666666667
beta,harmonic_fold,0.6,16,3,0.49374999999999997
beta,harmonic_fold,0.6,17,3,0.16458333333333333
beta,harmonic_fold,0.6,18,3,0.7520833333333333
beta,harmonic_fold,0.6,19,3,0.56875
beta,harmonic_fold,0.6,20,3,0.19166666666666665
beta,harmonic_fold,0.6,21,3,0.5229166666666667
beta,harmonic_fold,0.6,22,3,0.49374999999999997
beta,harmonic_fold,0.6,23,3,0.5375
beta,harmonic_fold,0.6,24,3,0.32083333333333336
beta,harmonic_fold,0.6,25,3,0.22083333333333333
beta,harmonic_fold,0.6,26,3,0.3666666666666667
beta,harmonic_fold,0.6,27,3,0.6687500000000001
beta,harmonic_fold,0.6,28,3,0.6208333333333333
beta,harmonic_fold,0.6,29,3,0.5395833333333333
beta,harmonic_fold,0.6,30,3,0.4333333333333333
beta,harmonic_fold,0.6,31,3,0.25833333333333336
beta,harmonic_fold,0.6,32,3,0.08958333333333335
beta,harmonic_fold,0.6,33,3,0.23750000000000002
beta,harmonic_fold,0.6,34,3,0.6208333333333333
beta,harmonic_fold,0.6,35,3,0.5458333333333334
beta,harmonic_fold,0.6,36,3,0.7541666666666668
beta,harmonic_fold,0.6,37,3,0.7312500000000001
beta,harmonic_fold,0.6,38,3,0.22916666666666666
beta,harmonic_fold,0.6,39,3,0.5041666666666665
beta,harmonic_fold,0.6,40,3,0.3145833333333333
beta,harmonic_fold,0.6,41,3,0.1708333333333333
beta,harmonic_fold,0.6,42,3,0.3520833333333333
beta,harmonic_fold,0.6,43,3,0.3645833333333333
beta,harmonic_fold,0.6,44,3,0.29583333333333334
beta,harmonic_fold,0.6,45,3,0.22916666666666666
beta,harmonic_fold,0.6,46,3,0.36041666666666666
beta,harmonic_fold,0.6,47,3,0.23750000000000002
beta,harmonic_fold,0.6,48,3,0.27291666666666664
beta,harmonic_fold,0.6,49,3,0.5729166666666666
beta,harmonic_fold,0.6,50,3,0.32916666666666666
beta,harmonic_fold,0.6,51,3,0.40208333333333335
beta,harmonic_fold,0.6,52,3,0.5979166666666668
beta,harmonic_fold,0.6,53,3,0.5895833333333333
beta,harmonic_fold,0.6,54,3,0.3958333333333333
beta,harmonic_fold,0.6,55,3,0.27499999999999997
beta,harmonic_fold,0.6,56,3,0.5916666666666667
beta,harmonic_fold,0.6,57,3,0.5
beta,harmonic_fold,0.6,58,3,0.31249999999999994
beta,harmonic_fold,0.6,59,3,0.15
beta,harmonic_fold,0.6,60,3,0.33541666666666664
beta,harmonic_fold,0.6,61,3,0.2041666666666667
beta,harmonic_fold,0.6,62,3,0.6333333333333333
beta,harmonic_fold,0.6,63,3,0.7895833333333334
beta,harmonic_fold,0.6,64,3,0.5416666666666666
beta,harmonic_fold,0.6,65,3,0.17708333333333334
beta,harmonic_fold,0.6,66,3,0.7354166666666666
beta,harmonic_fold,0.6,67,3,0.69375
beta,harmonic_fold,0.6,68,3,0.19999999999999998
beta,harmonic_fold,0.6,69,3,0.18125
beta,harmonic_fold,0.6,70,3,0.5895833333333332
beta,harmonic_fold,0.8,1,3,0.7208333333333333
beta,harmonic_fold,0.8,2,3,0.8270833333333334
beta,harmonic_fold,0.8,3,3,0.7979166666666666
beta,harmonic_fold,0.8,4,3,0.6354166666666666
beta,harmonic_fold,0.8,5,3,0.5
beta,harmonic_fold,0.8,6,3,0.5604166666666667
beta,harmonic_fold,0.8,7,3,0.30624999999999997
beta,harmonic_fold,0.8,8,3,0.5125000000000001
beta,harmonic_fold,0.8,9,3,0.8458333333333333
beta,harmonic_fold,0.8,10,3,0.5354166666666667
beta,harmonic_fold,0.8,11,3,0.24583333333333335
beta,harmonic_fold,0.8,12,3,0.7958333333333334
beta,harmonic_fold,0.8,13,3,0.775
beta,harmonic_fold,0.8,14,3,0.3
beta,harmonic_fold,0.8,15,3,0.59375
beta,harmonic_fold,0.8,16,3,0.65
beta,harmonic_fold,0.8,17,3,0.18541666666666667
beta,harmonic_fold,0.8,18,3,0.9020833333333335
beta,harmonic_fold,0.8,19,3,0.7166666666666668
beta,harmonic_fold,0.8,20,3,0.32916666666666666
beta,harmonic_fold,0.8,21,3,0.65
beta,harmonic_fold,0.8,22,3,0.6395833333333334
beta,harmonic_fold,0.8,23,3,0.6833333333333332
beta,harmonic_fold,0.8,24,3,0.47291666666666665
beta,harmonic_fold,0.8,25,3,0.3104166666666667
beta,harmonic_fold,0.8,26,3,0.5041666666666667
beta,harmonic_fold,0.8,27,3,0.7645833333333334
beta,harmonic_fold,0.8,28,3,0.74375
beta,harmonic_fold,0.8,29,3,0.7250000000000001
beta,harmonic_fold,0.8,30,3,0.5979166666666667
beta,harmonic_fold,0.8,31,3,0.3479166666666667
beta,harmonic_fold,0.8,32,3,0.13333333333333333
beta,harmonic_fold,0.8,33,3,0.3625
beta,harmonic_fold,0.8,34,3,0.8041666666666666
beta,harmonic_fold,0.8,35,3,0.6916666666666668
beta,harmonic_fold,0.8,36,3,0.8895833333333334
beta,harmonic_fold,0.8,37,3,0.9
beta,harmonic_fold,0.8,38,3,0.3854166666666667
beta,harmonic_fold,0.8,39,3,0.6583333333333333
beta,harmonic_fold,0.8,40,3,0.40625
beta,harmonic_fold,0.8,41,3,0.2520833333333334
beta,harmonic_fold,0.8,42,3,0.4979166666666666
beta,harmonic_fold,0.8,43,3,0.5166666666666666
beta,harmonic_fold,0.8,44,3,0.375
beta,harmonic_fold,0.8,45,3,0.3020833333333333
beta,harmonic_fold,0.8,46,3,0.4458333333333333
beta,harmonic_fold,0.8,47,3,0.3416666666666666
beta,harmonic_fold,0.8,48,3,0.4541666666666666
beta,harmonic_fold,0.8,49,3,0.7354166666666666
beta,harmonic_fold,0.8,50,3,0.4166666666666667
beta,harmonic_fold,0.8,51,3,0.5916666666666667
beta,harmonic_fold,0.8,52,3,0.7729166666666666
beta,harmonic_fold,0.8,53,3,0.7041666666666666
beta,harmonic_fold,0.8,54,3,0.5020833333333333
beta,harmonic_fold,0.8,55,3,0.36041666666666666
beta,harmonic_fold,0.8,56,3,0.7041666666666666
beta,harmonic_fold,0.8,57,3,0.7729166666666667
beta,harmonic_fold,0.8,58,3,0.48333333333333334
beta,harmonic_fold,0.8,59,3,0.19166666666666665
beta,harmonic_fold,0.8,60,3,0.4270833333333333
beta,harmonic_fold,0.8,61,3,0.2333333333333333
beta,harmonic_fold,0.8,62,3,0.7625000000000001
beta,harmonic_fold,0.8,63,3,0.8958333333333334
beta,harmonic_fold,0.8,64,3,0.7020833333333334
beta,harmonic_fold,0.8,65,3,0.21458333333333335
beta,harmonic_fold,0.8,66,3,0.8270833333333334
beta,harmonic_fold,0.8,67,3,0.7583333333333333
beta,harmonic_fold,0.8,68,3,0.2708333333333333
beta,harmonic_fold,0.8,69,3,0.21875
beta,harmonic_fold,0.8,70,3,0.7833333333333332
beta,harmonic_fold,1.0,1,3,0.8125
beta,harmonic_fold,1.0,2,3,0.8729166666666667
beta,harmonic_fold,1.0,3,3,0.86875
beta,harmonic_fold,1.0,4,3,0.7125
beta,harmonic_fold,1.0,5,3,0.6437499999999999
beta,harmonic_fold,1.0,6,3,0.69375
beta,harmonic_fold,1.0,7,3,0.425
beta,harmonic_fold,1.0,8,3,0.6437499999999999
beta,harmonic_fold,1.0,9,3,0.90625
beta,harmonic_fold,1.0,10,3,0.61875
beta,harmonic_fold,1.0,11,3,0.28750000000000003
beta,harmonic_fold,1.0,12,3,0.8624999999999999
beta,harmonic_fold,1.0,13,3,0.8916666666666666
beta,harmonic_fold,1.0,14,3,0.3833333333333333
beta,harmonic_fold,1.0,15,3,0.6749999999999999
beta,harmonic_fold,1.0,16,3,0.7395833333333334
beta,harmonic_fold,1.0,17,3,0.20625000000000002
beta,harmonic_fold,1.0,18,3,0.9666666666666667
beta,harmonic_fold,1.0,19,3,0.8145833333333333
beta,harmonic_fold,1.0,20,3,0.3770833333333334
beta,harmonic_fold,1.0,21,3,0.7624999999999998
beta,harmonic_fold,1.0,22,3,0.7125
beta,harmonic_fold,1.0,23,3,0.7979166666666666
beta,harmonic_fold,1.0,24,3,0.5833333333333334
beta,harmonic_fold,1.0,25,3,0.3458333333333334
beta,harmonic_fold,1.0,26,3,0.5708333333333334
beta,harmonic_fold,1.0,27,3,0.8270833333333334
beta,harmonic_fold,1.0,28,3,0.8145833333333333
beta,harmonic_fold,1.0,29,3,0.7645833333333334
beta,harmonic_fold,1.0,30,3,0.6750000000000002
beta,harmonic_fold,1.0,31,3,0.48541666666666666
beta,harmonic_fold,1.0,32,3,0.1791666666666667
beta,harmonic_fold,1.0,33,3,0.425
beta,harmonic_fold,1.0,34,3,0.875
beta,harmonic_fold,1.0,35,3,0.7791666666666667
beta,harmonic_fold,1.0,36,3,0.9354166666666667
beta,harmonic_fold,1.0,37,3,0.9562499999999999
beta,harmonic_fold,1.0,38,3,0.5583333333333335
beta,harmonic_fold,1.0,39,3,0.7479166666666667
beta,harmonic_fold,1.0,40,3,0.4749999999999999
beta,harmonic_fold,1.0,41,3,0.30416666666666664
beta,harmonic_fold,1.0,42,3,0.6
beta,harmonic_fold,1.0,43,3,0.6041666666666667
beta,harmonic_fold,1.0,44,3,0.4354166666666666
beta,harmonic_fold,1.0,45,3,0.43333333333333335
beta,harmonic_fold,1.0,46,3,0.5979166666666665
beta,harmonic_fold,1.0,47,3,0.4145833333333333
beta,harmonic_fold,1.0,48,3,0.5770833333333333
beta,harmonic_fold,1.0,49,3,0.80625
beta,harmonic_fold,1.0,50,3,0.5479166666666667
beta,harmonic_fold,1.0,51,3,0.6416666666666666
beta,harmonic_fold,1.0,52,3,0.8395833333333332
beta,harmonic_fold,1.0,53,3,0.7875
beta,harmonic_fold,1.0,54,3,0.6395833333333334
beta,harmonic_fold,1.0,55,3,0.4354166666666666
beta,harmonic_fold,1.0,56,3,0.7958333333333334
beta,harmonic_fold,1.0,57,3,0.8291666666666666
beta,harmonic_fold,1.0,58,3,0.6083333333333334
beta,harmonic_fold,1.0,59,3,0.2604166666666667
beta,harmonic_fold,1.0,60,3,0.4916666666666667
beta,harmonic_fold,1.0,61,3,0.26458333333333334
beta,harmonic_fold,1.0,62,3,0.8270833333333334
beta,harmonic_fold,1.0,63,3,0.9250000000000002
beta,harmonic_fold,1.0,64,3,0.7854166666666668
beta,harmonic_fold,1.0,65,3,0.2708333333333333
beta,harmonic_fold,1.0,66,3,0.8791666666666668
beta,harmonic_fold,1.0,67,3,0.8312499999999999
beta,harmonic_fold,1.0,68,3,0.33125
beta,harmonic_fold,1.0,69,3,0.2604166666666667
beta,harmonic_fold,1.0,70,3,0.7937500000000001
beta,harmonic_fold,1.2,1,3,0.8770833333333333
beta,harmonic_fold,1.2,2,3,0.9145833333333333
beta,harmonic_fold,1.2,3,3,0.9333333333333332
beta,harmonic_fold,1.2,4,3,0.775
beta,harmonic_fold,1.2,5,3,0.75625
beta,harmonic_fold,1.2,6,3,0.7354166666666666
beta,harmonic_fold,1.2,7,3,0.5187499999999999
beta,harmonic_fold,1.2,8,3,0.74375
beta,harmonic_fold,1.2,9,3,0.9541666666666666
beta,harmonic_fold,1.2,10,3,0.6916666666666668
beta,harmonic_fold,1.2,11,3,0.3666666666666667
beta,harmonic_fold,1.2,12,3,0.9249999999999999
beta,harmonic_fold,1.2,13,3,0.94375
beta,harmonic_fold,1.2,14,3,0.41041666666666665
beta,harmonic_fold,1.2,15,3,0.7062499999999999
beta,harmonic_fold,1.2,16,3,0.7791666666666668
beta,harmonic_fold,1.2,17,3,0.25416666666666665
beta,harmonic_fold,1.2,18,3,0.9875000000000002
beta,harmonic_fold,1.2,19,3,0.8354166666666667
beta,harmonic_fold,1.2,20,3,0.3958333333333333
beta,harmonic_fold,1.2,21,3,0.8583333333333334
beta,harmonic_fold,1.2,22,3,0.7979166666666666
beta,harmonic_fold,1.2,23,3,0.8645833333333334
beta,harmonic_fold,1.2,24,3,0.625
beta,harmonic_fold,1.2,25,3,0.44375000000000003
beta,harmonic_fold,1.2,26,3,0.6229166666666667
beta,harmonic_fold,1.2,27,3,0.8666666666666667
beta,harmonic_fold,1.2,28,3,0.8520833333333333
beta,harmonic_fold,1.2,29,3,0.8520833333333334
beta,harmonic_fold,1.2,30,3,0.74375
beta,harmonic_fold,1.2,31,3,0.5541666666666666
beta,harmonic_fold,1.2,32,3,0.20833333333333334
beta,harmonic_fold,1.2,33,3,0.5041666666666668
beta,harmonic_fold,1.2,34,3,0.9249999999999999
beta,harmonic_fold,1.2,35,3,0.8041666666666666
beta,harmonic_fold,1.2,36,3,0.9666666666666668
beta,harmonic_fold,1.2,37,3,0.9812499999999998
beta,harmonic_fold,1.2,38,3,0.6583333333333333
beta,harmonic_fold,1.2,39,3,0.7541666666666668
beta,harmonic_fold,1.2,40,3,0.5125000000000001
beta,harmonic_fold,1.2,41,3,0.3354166666666667
beta,harmonic_fold,1.2,42,3,0.6479166666666667
beta,harmonic_fold,1.2,43,3,0.6958333333333333
beta,harmonic_fold,1.2,44,3,0.4666666666666666
beta,harmonic_fold,1.2,45,3,0.5395833333333334
beta,harmonic_fold,1.2,46,3,0.6812499999999999
beta,harmonic_fold,1.2,47,3,0.4437499999999999
beta,harmonic_fold,1.2,48,3,0.6479166666666667
beta,harmonic_fold,1.2,49,3,0.8333333333333334
beta,harmonic_fold,1.2,50,3,0.54375
beta,harmonic_fold,1.2,51,3,0.6770833333333334
beta,harmonic_fold,1.2,52,3,0.8770833333333333
beta,harmonic_fold,1.2,53,3,0.8249999999999998
beta,harmonic_fold,1.2,54,3,0.7020833333333334
beta,harmonic_fold,1.2,55,3,0.50625
beta,harmonic_fold,1.2,56,3,0.8666666666666666
beta,harmonic_fold,1.2,57,3,0.8958333333333334
beta,harmonic_fold,1.2,58,3,0.7041666666666666
beta,harmonic_fold,1.2,59,3,0.3104166666666666
beta,harmonic_fold,1.2,60,3,0.5125
beta,harmonic_fold,1.2,61,3,0.32708333333333334
beta,harmonic_fold,1.2,62,3,0.8562500000000001
beta,harmonic_fold,1.2,63,3,0.9541666666666666
beta,harmonic_fold,1.2,64,3,0.8312499999999999
beta,harmonic_fold,1.2,65,3,0.3104166666666666
beta,harmonic_fold,1.2,66,3,0.90625
beta,harmonic_fold,1.2,67,3,0.8479166666666668
beta,harmonic_fold,1.2,68,3,0.3625
beta,harmonic_fold,1.2,69,3,0.26458333333333334
beta,harmonic_fold,1.2,70,3,0.81875
beta,harmonic_fold,1.5,1,3,0.9125
beta,harmonic_fold,1.5,2,3,0.9
beta,harmonic_fold,1.5,3,3,0.9520833333333334
beta,harmonic_fold,1.5,4,3,0.80625
beta,harmonic_fold,1.5,5,3,0.8354166666666666
beta,harmonic_fold,1.5,6,3,0.7625000000000001
beta,harmonic_fold,1.5,7,3,0.5624999999999999
beta,harmonic_fold,1.5,8,3,0.7645833333333334
beta,harmonic_fold,1.5,9,3,0.9729166666666668
beta,harmonic_fold,1.5,10,3,0.7583333333333333
beta,harmonic_fold,1.5,11,3,0.41875
beta,harmonic_fold,1.5,12,3,0.9541666666666666
beta,harmonic_fold,1.5,13,3,0.9729166666666668
beta,harmonic_fold,1.5,14,3,0.4749999999999999
beta,harmonic_fold,1.5,15,3,0.7479166666666667
beta,harmonic_fold,1.5,16,3,0.8166666666666668
beta,harmonic_fold,1.5,17,3,0.26666666666666666
beta,harmonic_fold,1.5,18,3,0.9895833333333334
beta,harmonic_fold,1.5,19,3,0.8583333333333334
beta,harmonic_fold,1.5,20,3,0.4875
beta,harmonic_fold,1.5,21,3,0.9208333333333334
beta,harmonic_fold,1.5,22,3,0.8791666666666668
beta,harmonic_fold,1.5,23,3,0.9458333333333333
beta,harmonic_fold,1.5,24,3,0.7145833333333332
beta,harmonic_fold,1.5,25,3,0.55
beta,harmonic_fold,1.5,26,3,0.6666666666666666
beta,harmonic_fold,1.5,27,3,0.9145833333333333
beta,harmonic_fold,1.5,28,3,0.88125
beta,harmonic_fold,1.5,29,3,0.8708333333333335
beta,harmonic_fold,1.5,30,3,0.7541666666666665
beta,harmonic_fold,1.5,31,3,0.5979166666666668
beta,harmonic_fold,1.5,32,3,0.25833333333333336
beta,harmonic_fold,1.5,33,3,0.5499999999999999
beta,harmonic_fold,1.5,34,3,0.9604166666666667
beta,harmonic_fold,1.5,35,3,0.8541666666666666
beta,harmonic_fold,1.5,36,3,0.9791666666666666
beta,harmonic_fold,1.5,37,3,0.9895833333333334
beta,harmonic_fold,1.5,38,3,0.75625
beta,harmonic_fold,1.5,39,3,0.7916666666666666
beta,harmonic_fold,1.5,40,3,0.5812499999999999
beta,harmonic_fold,1.5,41,3,0.39375
beta,harmonic_fold,1.5,42,3,0.7374999999999999
beta,harmonic_fold,1.5,43,3,0.75625
beta,harmonic_fold,1.5,44,3,0.5083333333333333
beta,harmonic_fold,1.5,45,3,0.5791666666666666
beta,harmonic_fold,1.5,46,3,0.7666666666666666
beta,harmonic_fold,1.5,47,3,0.5229166666666666
beta,harmonic_fold,1.5,48,3,0.71875
beta,harmonic_fold,1.5,49,3,0.8270833333333334
beta,harmonic_fold,1.5,50,3,0.6229166666666667
beta,harmonic_fold,1.5,51,3,0.7520833333333333
beta,harmonic_fold,1.5,52,3,0.9416666666666668
beta,harmonic_fold,1.5,53,3,0.8333333333333334
beta,harmonic_fold,1.5,54,3,0.7999999999999999
beta,harmonic_fold,1.5,55,3,0.51875
beta,harmonic_fold,1.5,56,3,0.8916666666666666
beta,harmonic_fold,1.5,57,3,0.9416666666666668
beta,harmonic_fold,1.5,58,3,0.78125
beta,harmonic_fold,1.5,59,3,0.3645833333333333
beta,harmonic_fold,1.5,60,3,0.5479166666666667
beta,harmonic_fold,1.5,61,3,0.35000000000000003
beta,harmonic_fold,1.5,62,3,0.8895833333333334
beta,harmonic_fold,1.5,63,3,0.9729166666666668
beta,harmonic_fold,1.5,64,3,0.8479166666666668
beta,harmonic_fold,1.5,65,3,0.3625
beta,harmonic_fold,1.5,66,3,0.9187499999999998
beta,harmonic_fold,1.5,67,3,0.8583333333333334
beta,harmonic_fold,1.5,68,3,0.41041666666666665
beta,harmonic_fold,1.5,69,3,0.27916666666666673
beta,harmonic_fold,1.5,70,3,0.8562500000000001
beta,fb_ssvepformer,0.4,1,3,0.5604166666666667
beta,fb_ssvepformer,0.4,2,3,0.5750000000000001
beta,fb_ssvepformer,0.4,3,3,0.5958333333333333
beta,fb_ssvepformer,0.4,4,3,0.40625
beta,fb_ssvepformer,0.4,5,3,0.22291666666666665
beta,fb_ssvepformer,0.4,6,3,0.2708333333333333
beta,fb_ssvepformer,0.4,7,3,0.16458333333333333
beta,fb_ssvepformer,0.4,8,3,0.32083333333333336
beta,fb_ssvepformer,0.4,9,3,0.6229166666666667
beta,fb_ssvepformer,0.4,10,3,0.3791666666666667
beta,fb_ssvepformer,0.4,11,3,0.14791666666666667
beta,fb_ssvepformer,0.4,12,3,0.5333333333333333
beta,fb_ssvepformer,0.4,13,3,0.5833333333333334
beta,fb_ssvepformer,0.4,14,3,0.1708333333333333
beta,fb_ssvepformer,0.4,15,3,0.3541666666666667
beta,fb_ssvepformer,0.4,16,3,0.28958333333333336
beta,fb_ssvepformer,0.4,17,3,0.1125
beta,fb_ssvepformer,0.4,18,3,0.65625
beta,fb_ssvepformer,0.4,19,3,0.45
beta,fb_ssvepformer,0.4,20,3,0.13333333333333333
beta,fb_ssvepformer,0.4,21,3,0.425
beta,fb_ssvepformer,0.4,22,3,0.43541666666666673
beta,fb_ssvepformer,0.4,23,3,0.3020833333333333
beta,fb_ssvepformer,0.4,24,3,0.20208333333333336
beta,fb_ssvepformer,0.4,25,3,0.18333333333333335
beta,fb_ssvepformer,0.4,26,3,0.30624999999999997
beta,fb_ssvepformer,0.4,27,3,0.3833333333333333
beta,fb_ssvepformer,0.4,28,3,0.5
beta,fb_ssvepformer,0.4,29,3,0.4104166666666667
beta,fb_ssvepformer,0.4,30,3,0.3770833333333334
beta,fb_ssvepformer,0.4,31,3,0.2333333333333333
beta,fb_ssvepformer,0.4,32,3,0.07291666666666667
beta,fb_ssvepformer,0.4,33,3,0.2354166666666667
beta,fb_ssvepformer,0.4,34,3,0.5041666666666667
beta,fb_ssvepformer,0.4,35,3,0.42083333333333334
beta,fb_ssvepformer,0.4,36,3,0.6145833333333334
beta,fb_ssvepformer,0.4,37,3,0.6375000000000001
beta,fb_ssvepformer,0.4,38,3,0.1791666666666667
beta,fb_ssvepformer,0.4,39,3,0.28541666666666665
beta,fb_ssvepformer,0.4,40,3,0.24791666666666667
beta,fb_ssvepformer,0.4,41,3,0.19374999999999998
beta,fb_ssvepformer,0.4,42,3,0.2833333333333333
beta,fb_ssvepformer,0.4,43,3,0.2895833333333333
beta,fb_ssvepformer,0.4,44,3,0.14375000000000002
beta,fb_ssvepformer,0.4,45,3,0.20833333333333334
beta,fb_ssvepformer,0.4,46,3,0.3041666666666667
beta,fb_ssvepformer,0.4,47,3,0.11458333333333333
beta,fb_ssvepformer,0.4,48,3,0.21666666666666665
beta,fb_ssvepformer,0.4,49,3,0.2854166666666667
beta,fb_ssvepformer,0.4,50,3,0.29375
beta,fb_ssvepformer,0.4,51,3,0.29583333333333334
beta,fb_ssvepformer,0.4,52,3,0.45208333333333334
beta,fb_ssvepformer,0.4,53,3,0.47500000000000003
beta,fb_ssvepformer,0.4,54,3,0.2875
beta,fb_ssvepformer,0.4,55,3,0.23958333333333334
beta,fb_ssvepformer,0.4,56,3,0.3541666666666667
beta,fb_ssvepformer,0.4,57,3,0.40625
beta,fb_ssvepformer,0.4,58,3,0.31875000000000003
beta,fb_ssvepformer,0.4,59,3,0.16458333333333333
beta,fb_ssvepformer,0.4,60,3,0.25
beta,fb_ssvepformer,0.4,61,3,0.17708333333333334
beta,fb_ssvepformer,0.4,62,3,0.5333333333333333
beta,fb_ssvepformer,0.4,63,3,0.6541666666666667
beta,fb_ssvepformer,0.4,64,3,0.4791666666666667
beta,fb_ssvepformer,0.4,65,3,0.09999999999999999
beta,fb_ssvepformer,0.4,66,3,0.5895833333333333
beta,fb_ssvepformer,0.4,67,3,0.45416666666666666
beta,fb_ssvepformer,0.4,68,3,0.13958333333333336
beta,fb_ssvepformer,0.4,69,3,0.19375
beta,fb_ssvepformer,0.4,70,3,0.4354166666666666
beta,fb_ssvepformer,0.6,1,3,0.7354166666666666
beta,fb_ssvepformer,0.6,2,3,0.7729166666666666
beta,fb_ssvepformer,0.6,3,3,0.7520833333333333
beta,fb_ssvepformer,0.6,4,3,0.5708333333333333
beta,fb_ssvepformer,0.6,5,3,0.3770833333333334
beta,fb_ssvepformer,0.6,6,3,0.47291666666666665
beta,fb_ssvepformer,0.6,7,3,0.24791666666666665
beta,fb_ssvepformer,0.6,8,3,0.5229166666666667
beta,fb_ssvepformer,0.6,9,3,0.8312499999999999
beta,fb_ssvepformer,0.6,10,3,0.5354166666666667
beta,fb_ssvepformer,0.6,11,3,0.22916666666666666
beta,fb_ssvepformer,0.6,12,3,0.7020833333333334
beta,fb_ssvepformer,0.6,13,3,0.7395833333333334
beta,fb_ssvepformer,0.6,14,3,0.2833333333333334
beta,fb_ssvepformer,0.6,15,3,0.4604166666666667
beta,fb_ssvepformer,0.6,16,3,0.4791666666666667
beta,fb_ssvepformer,0.6,17,3,0.13125
beta,fb_ssvepformer,0.6,18,3,0.8645833333333334
beta,fb_ssvepformer,0.6,19,3,0.6604166666666667
beta,fb_ssvepformer,0.6,20,3,0.2041666666666667
beta,fb_ssvepformer,0.6,21,3,0.5208333333333334
beta,fb_ssvepformer,0.6,22,3,0.6520833333333332
beta,fb_ssvepformer,0.6,23,3,0.5229166666666667
beta,fb_ssvepformer,0.6,24,3,0.34375
beta,fb_ssvepformer,0.6,25,3,0.25416666666666665
beta,fb_ssvepformer,0.6,26,3,0.38125000000000003
beta,fb_ssvepformer,0.6,27,3,0.6145833333333334
beta,fb_ssvepformer,0.6,28,3,0.65
beta,fb_ssvepformer,0.6,29,3,0.7145833333333332
beta,fb_ssvepformer,0.6,30,3,0.4291666666666667
beta,fb_ssvepformer,0.6,31,3,0.33125
beta,fb_ssvepformer,0.6,32,3,0.10208333333333335
beta,fb_ssvepformer,0.6,33,3,0.2833333333333333
beta,fb_ssvepformer,0.6,34,3,0.7291666666666666
beta,fb_ssvepformer,0.6,35,3,0.6041666666666666
beta,fb_ssvepformer,0.6,36,3,0.8291666666666666
beta,fb_ssvepformer,0.6,37,3,0.8020833333333334
beta,fb_ssvepformer,0.6,38,3,0.2708333333333333
beta,fb_ssvepformer,0.6,39,3,0.47500000000000003
beta,fb_ssvepformer,0.6,40,3,0.375
beta,fb_ssvepformer,0.6,41,3,0.27499999999999997
beta,fb_ssvepformer,0.6,42,3,0.38125000000000003
beta,fb_ssvepformer,0.6,43,3,0.43333333333333335
beta,fb_ssvepformer,0.6,44,3,0.25
beta,fb_ssvepformer,0.6,45,3,0.2708333333333333
beta,fb_ssvepformer,0.6,46,3,0.46249999999999997
beta,fb_ssvepformer,0.6,47,3,0.2333333333333333
beta,fb_ssvepformer,0.6,48,3,0.3708333333333333
beta,fb_ssvepformer,0.6,49,3,0.5729166666666666
beta,fb_ssvepformer,0.6,50,3,0.4375
beta,fb_ssvepformer,0.6,51,3,0.425
beta,fb_ssvepformer,0.6,52,3,0.6041666666666666
beta,fb_ssvepformer,0.6,53,3,0.6354166666666666
beta,fb_ssvepformer,0.6,54,3,0.40208333333333335
beta,fb_ssvepformer,0.6,55,3,0.36041666666666666
beta,fb_ssvepformer,0.6,56,3,0.5770833333333334
beta,fb_ssvepformer,0.6,57,3,0.6729166666666666
beta,fb_ssvepformer,0.6,58,3,0.4041666666666666
beta,fb_ssvepformer,0.6,59,3,0.2520833333333333
beta,fb_ssvepformer,0.6,60,3,0.3875
beta,fb_ssvepformer,0.6,61,3,0.21458333333333335
beta,fb_ssvepformer,0.6,62,3,0.7416666666666667
beta,fb_ssvepformer,0.6,63,3,0.8604166666666667
beta,fb_ssvepformer,0.6,64,3,0.5854166666666667
beta,fb_ssvepformer,0.6,65,3,0.16666666666666666
beta,fb_ssvepformer,0.6,66,3,0.7333333333333334
beta,fb_ssvepformer,0.6,67,3,0.6375
beta,fb_ssvepformer,0.6,68,3,0.18958333333333333
beta,fb_ssvepformer,0.6,69,3,0.33749999999999997
beta,fb_ssvepformer,0.6,70,3,0.6666666666666666
beta,fb_ssvepformer,0.8,1,3,0.8041666666666667
beta,fb_ssvepformer,0.8,2,3,0.8375
beta,fb_ssvepformer,0.8,3,3,0.86875
beta,fb_ssvepformer,0.8,4,3,0.6833333333333332
beta,fb_ssvepformer,0.8,5,3,0.50625
beta,fb_ssvepformer,0.8,6,3,0.5812499999999999
beta,fb_ssvepformer,0.8,7,3,0.3166666666666667
beta,fb_ssvepformer,0.8,8,3,0.6249999999999999
beta,fb_ssvepformer,0.8,9,3,0.8979166666666667
beta,fb_ssvepformer,0.8,10,3,0.5666666666666668
beta,fb_ssvepformer,0.8,11,3,0.29791666666666666
beta,fb_ssvepformer,0.8,12,3,0.7999999999999999
beta,fb_ssvepformer,0.8,13,3,0.8291666666666666
beta,fb_ssvepformer,0.8,14,3,0.3958333333333333
beta,fb_ssvepformer,0.8,15,3,0.55625
beta,fb_ssvepformer,0.8,16,3,0.6145833333333334
beta,fb_ssvepformer,0.8,17,3,0.16875000000000004
beta,fb_ssvepformer,0.8,18,3,0.9354166666666667
beta,fb_ssvepformer,0.8,19,3,0.7791666666666668
beta,fb_ssvepformer,0.8,20,3,0.3104166666666667
beta,fb_ssvepformer,0.8,21,3,0.6166666666666667
beta,fb_ssvepformer,0.8,22,3,0.7437499999999999
beta,fb_ssvepformer,0.8,23,3,0.6458333333333334
beta,fb_ssvepformer,0.8,24,3,0.5104166666666666
beta,fb_ssvepformer,0.8,25,3,0.31875000000000003
beta,fb_ssvepformer,0.8,26,3,0.5145833333333334
beta,fb_ssvepformer,0.8,27,3,0.75625
beta,fb_ssvepformer,0.8,28,3,0.7479166666666668
beta,fb_ssvepformer,0.8,29,3,0.8458333333333333
beta,fb_ssvepformer,0.8,30,3,0.5520833333333334
beta,fb_ssvepformer,0.8,31,3,0.4145833333333333
beta,fb_ssvepformer,0.8,32,3,0.12916666666666665
beta,fb_ssvepformer,0.8,33,3,0.3520833333333333
beta,fb_ssvepformer,0.8,34,3,0.8395833333333332
beta,fb_ssvepformer,0.8,35,3,0.7145833333333335
beta,fb_ssvepformer,0.8,36,3,0.90625
beta,fb_ssvepformer,0.8,37,3,0.8958333333333334
beta,fb_ssvepformer,0.8,38,3,0.3541666666666667
beta,fb_ssvepformer,0.8,39,3,0.6208333333333333
beta,fb_ssvepformer,0.8,40,3,0.46249999999999997
beta,fb_ssvepformer,0.8,41,3,0.28541666666666665
beta,fb_ssvepformer,0.8,42,3,0.4770833333333333
beta,fb_ssvepformer,0.8,43,3,0.5770833333333334
beta,fb_ssvepformer,0.8,44,3,0.3145833333333333
beta,fb_ssvepformer,0.8,45,3,0.3791666666666667
beta,fb_ssvepformer,0.8,46,3,0.5916666666666667
beta,fb_ssvepformer,0.8,47,3,0.3145833333333334
beta,fb_ssvepformer,0.8,48,3,0.5458333333333333
beta,fb_ssvepformer,0.8,49,3,0.71875
beta,fb_ssvepformer,0.8,50,3,0.5437500000000001
beta,fb_ssvepformer,0.8,51,3,0.5479166666666666
beta,fb_ssvepformer,0.8,52,3,0.7083333333333334
beta,fb_ssvepformer,0.8,53,3,0.7645833333333334
beta,fb_ssvepformer,0.8,54,3,0.5145833333333334
beta,fb_ssvepformer,0.8,55,3,0.40208333333333335
beta,fb_ssvepformer,0.8,56,3,0.6770833333333334
beta,fb_ssvepformer,0.8,57,3,0.81875
beta,fb_ssvepformer,0.8,58,3,0.4625000000000001
beta,fb_ssvepformer,0.8,59,3,0.2708333333333333
beta,fb_ssvepformer,0.8,60,3,0.4354166666666666
beta,fb_ssvepformer,0.8,61,3,0.26666666666666666
beta,fb_ssvepformer,0.8,62,3,0.8104166666666667
beta,fb_ssvepformer,0.8,63,3,0.9104166666666668
beta,fb_ssvepformer,0.8,64,3,0.6833333333333332
beta,fb_ssvepformer,0.8,65,3,0.22291666666666665
beta,fb_ssvepformer,0.8,66,3,0.8270833333333334
beta,fb_ssvepformer,0.8,67,3,0.7354166666666666
beta,fb_ssvepformer,0.8,68,3,0.20833333333333334
beta,fb_ssvepformer,0.8,69,3,0.41041666666666665
beta,fb_ssvepformer,0.8,70,3,0.78125
beta,fb_ssvepformer,1.0,1,3,0.8562500000000001
beta,fb_ssvepformer,1.0,2,3,0.8791666666666668
beta,fb_ssvepformer,1.0,3,3,0.9187500000000001
beta,fb_ssvepformer,1.0,4,3,0.7833333333333332
beta,fb_ssvepformer,1.0,5,3,0.5750000000000001
beta,fb_ssvepformer,1.0,6,3,0.6729166666666667
beta,fb_ssvepformer,1.0,7,3,0.3770833333333334
beta,fb_ssvepformer,1.0,8,3,0.7270833333333333
beta,fb_ssvepformer,1.0,9,3,0.9187500000000001
beta,fb_ssvepformer,1.0,10,3,0.6229166666666667
beta,fb_ssvepformer,1.0,11,3,0.32916666666666666
beta,fb_ssvepformer,1.0,12,3,0.875
beta,fb_ssvepformer,1.0,13,3,0.8791666666666668
beta,fb_ssvepformer,1.0,14,3,0.45
beta,fb_ssvepformer,1.0,15,3,0.6166666666666667
beta,fb_ssvepformer,1.0,16,3,0.6916666666666668
beta,fb_ssvepformer,1.0,17,3,0.19166666666666665
beta,fb_ssvepformer,1.0,18,3,0.9583333333333334
beta,fb_ssvepformer,1.0,19,3,0.8250000000000001
beta,fb_ssvepformer,1.0,20,3,0.3583333333333334
beta,fb_ssvepformer,1.0,21,3,0.7541666666666668
beta,fb_ssvepformer,1.0,22,3,0.7854166666666668
beta,fb_ssvepformer,1.0,23,3,0.6895833333333333
beta,fb_ssvepformer,1.0,24,3,0.6104166666666666
beta,fb_ssvepformer,1.0,25,3,0.34375
beta,fb_ssvepformer,1.0,26,3,0.60625
beta,fb_ssvepformer,1.0,27,3,0.7854166666666665
beta,fb_ssvepformer,1.0,28,3,0.8125
beta,fb_ssvepformer,1.0,29,3,0.8937499999999999
beta,fb_ssvepformer,1.0,30,3,0.5916666666666667
beta,fb_ssvepformer,1.0,31,3,0.47291666666666665
beta,fb_ssvepformer,1.0,32,3,0.15208333333333332
beta,fb_ssvepformer,1.0,33,3,0.40208333333333335
beta,fb_ssvepformer,1.0,34,3,0.8479166666666668
beta,fb_ssvepformer,1.0,35,3,0.8270833333333334
beta,fb_ssvepformer,1.0,36,3,0.9375
beta,fb_ssvepformer,1.0,37,3,0.94375
beta,fb_ssvepformer,1.0,38,3,0.4708333333333334
beta,fb_ssvepformer,1.0,39,3,0.725
beta,fb_ssvepformer,1.0,40,3,0.5020833333333333
beta,fb_ssvepformer,1.0,41,3,0.34375
beta,fb_ssvepformer,1.0,42,3,0.5750000000000001
beta,fb_ssvepformer,1.0,43,3,0.6208333333333333
beta,fb_ssvepformer,1.0,44,3,0.3625
beta,fb_ssvepformer,1.0,45,3,0.4395833333333334
beta,fb_ssvepformer,1.0,46,3,0.6437499999999999
beta,fb_ssvepformer,1.0,47,3,0.38125000000000003
beta,fb_ssvepformer,1.0,48,3,0.6666666666666666
beta,fb_ssvepformer,1.0,49,3,0.7708333333333334
beta,fb_ssvepformer,1.0,50,3,0.6395833333333333
beta,fb_ssvepformer,1.0,51,3,0.6062500000000001
beta,fb_ssvepformer,1.0,52,3,0.7625000000000001
beta,fb_ssvepformer,1.0,53,3,0.8333333333333334
beta,fb_ssvepformer,1.0,54,3,0.6020833333333333
beta,fb_ssvepformer,1.0,55,3,0.425
beta,fb_ssvepformer,1.0,56,3,0.7729166666666667
beta,fb_ssvepformer,1.0,57,3,0.8729166666666667
beta,fb_ssvepformer,1.0,58,3,0.5229166666666667
beta,fb_ssvepformer,1.0,59,3,0.3625
beta,fb_ssvepformer,1.0,60,3,0.4916666666666667
beta,fb_ssvepformer,1.0,61,3,0.3041666666666667
beta,fb_ssvepformer,1.0,62,3,0.8291666666666666
beta,fb_ssvepformer,1.0,63,3,0.9375
beta,fb_ssvepformer,1.0,64,3,0.7270833333333333
beta,fb_ssvepformer,1.0,65,3,0.3020833333333333
beta,fb_ssvepformer,1.0,66,3,0.8562500000000001
beta,fb_ssvepformer,1.0,67,3,0.7895833333333333
beta,fb_ssvepformer,1.0,68,3,0.24166666666666667
beta,fb_ssvepformer,1.0,69,3,0.4666666666666666
beta,fb_ssvepformer,1.0,70,3,0.8354166666666667
beta,fb_ssvepformer,1.2,1,3,0.8770833333333333
beta,fb_ssvepformer,1.2,2,3,0.9041666666666667
beta,fb_ssvepformer,1.2,3,3,0.9416666666666668
beta,fb_ssvepformer,1.2,4,3,0.8083333333333332
beta,fb_ssvepformer,1.2,5,3,0.6375000000000001
beta,fb_ssvepformer,1.2,6,3,0.7229166666666668
beta,fb_ssvepformer,1.2,7,3,0.4145833333333333
beta,fb_ssvepformer,1.2,8,3,0.75
beta,fb_ssvepformer,1.2,9,3,0.9333333333333332
beta,fb_ssvepformer,1.2,10,3,0.64375
beta,fb_ssvepformer,1.2,11,3,0.3541666666666667
beta,fb_ssvepformer,1.2,12,3,0.9
beta,fb_ssvepformer,1.2,13,3,0.9083333333333333
beta,fb_ssvepformer,1.2,14,3,0.50625
beta,fb_ssvepformer,1.2,15,3,0.6854166666666667
beta,fb_ssvepformer,1.2,16,3,0.6999999999999998
beta,fb_ssvepformer,1.2,17,3,0.20625000000000002
beta,fb_ssvepformer,1.2,18,3,0.9812499999999998
beta,fb_ssvepformer,1.2,19,3,0.8270833333333333
beta,fb_ssvepformer,1.2,20,3,0.3979166666666667
beta,fb_ssvepformer,1.2,21,3,0.8458333333333333
beta,fb_ssvepformer,1.2,22,3,0.8375
beta,fb_ssvepformer,1.2,23,3,0.71875
beta,fb_ssvepformer,1.2,24,3,0.625
beta,fb_ssvepformer,1.2,25,3,0.3833333333333333
beta,fb_ssvepformer,1.2,26,3,0.6166666666666667
beta,fb_ssvepformer,1.2,27,3,0.8229166666666666
beta,fb_ssvepformer,1.2,28,3,0.8333333333333334
beta,fb_ssvepformer,1.2,29,3,0.8895833333333334
beta,fb_ssvepformer,1.2,30,3,0.6416666666666667
beta,fb_ssvepformer,1.2,31,3,0.5187499999999999
beta,fb_ssvepformer,1.2,32,3,0.1875
beta,fb_ssvepformer,1.2,33,3,0.45
beta,fb_ssvepformer,1.2,34,3,0.9104166666666668
beta,fb_ssvepformer,1.2,35,3,0.8708333333333332
beta,fb_ssvepformer,1.2,36,3,0.9645833333333332
beta,fb_ssvepformer,1.2,37,3,0.9562500000000002
beta,fb_ssvepformer,1.2,38,3,0.5375
beta,fb_ssvepformer,1.2,39,3,0.7666666666666666
beta,fb_ssvepformer,1.2,40,3,0.51875
beta,fb_ssvepformer,1.2,41,3,0.3625
beta,fb_ssvepformer,1.2,42,3,0.6
beta,fb_ssvepformer,1.2,43,3,0.6895833333333333
beta,fb_ssvepformer,1.2,44,3,0.43124999999999997
beta,fb_ssvepformer,1.2,45,3,0.4604166666666667
beta,fb_ssvepformer,1.2,46,3,0.69375
beta,fb_ssvepformer,1.2,47,3,0.4041666666666666
beta,fb_ssvepformer,1.2,48,3,0.6979166666666666
beta,fb_ssvepformer,1.2,49,3,0.7958333333333334
beta,fb_ssvepformer,1.2,50,3,0.68125
beta,fb_ssvepformer,1.2,51,3,0.6645833333333333
beta,fb_ssvepformer,1.2,52,3,0.7791666666666667
beta,fb_ssvepformer,1.2,53,3,0.8604166666666666
beta,fb_ssvepformer,1.2,54,3,0.65625
beta,fb_ssvepformer,1.2,55,3,0.46458333333333335
beta,fb_ssvepformer,1.2,56,3,0.8145833333333333
beta,fb_ssvepformer,1.2,57,3,0.9041666666666668
beta,fb_ssvepformer,1.2,58,3,0.59375
beta,fb_ssvepformer,1.2,59,3,0.39166666666666666
beta,fb_ssvepformer,1.2,60,3,0.5520833333333334
beta,fb_ssvepformer,1.2,61,3,0.35833333333333334
beta,fb_ssvepformer,1.2,62,3,0.875
beta,fb_ssvepformer,1.2,63,3,0.94375
beta,fb_ssvepformer,1.2,64,3,0.775
beta,fb_ssvepformer,1.2,65,3,0.3354166666666667
beta,fb_ssvepformer,1.2,66,3,0.8708333333333335
beta,fb_ssvepformer,1.2,67,3,0.81875
beta,fb_ssvepformer,1.2,68,3,0.3020833333333333
beta,fb_ssvepformer,1.2,69,3,0.48333333333333334
beta,fb_ssvepformer,1.2,70,3,0.8541666666666666
beta,fb_ssvepformer,1.5,1,3,0.9
beta,fb_ssvepformer,1.5,2,3,0.9187499999999998
beta,fb_ssvepformer,1.5,3,3,0.94375
beta,fb_ssvepformer,1.5,4,3,0.8520833333333333
beta,fb_ssvepformer,1.5,5,3,0.7104166666666666
beta,fb_ssvepformer,1.5,6,3,0.7833333333333333
beta,fb_ssvepformer,1.5,7,3,0.4895833333333333
beta,fb_ssvepformer,1.5,8,3,0.8270833333333334
beta,fb_ssvepformer,1.5,9,3,0.9499999999999998
beta,fb_ssvepformer,1.5,10,3,0.6875
beta,fb_ssvepformer,1.5,11,3,0.4458333333333333
beta,fb_ssvepformer,1.5,12,3,0.9125
beta,fb_ssvepformer,1.5,13,3,0.9187500000000001
beta,fb_ssvepformer,1.5,14,3,0.5708333333333333
beta,fb_ssvepformer,1.5,15,3,0.7395833333333334
beta,fb_ssvepformer,1.5,16,3,0.7645833333333334
beta,fb_ssvepformer,1.5,17,3,0.25833333333333336
beta,fb_ssvepformer,1.5,18,3,0.9958333333333332
beta,fb_ssvepformer,1.5,19,3,0.8624999999999999
beta,fb_ssvepformer,1.5,20,3,0.4520833333333334
beta,fb_ssvepformer,1.5,21,3,0.9041666666666667
beta,fb_ssvepformer,1.5,22,3,0.85
beta,fb_ssvepformer,1.5,23,3,0.7395833333333334
beta,fb_ssvepformer,1.5,24,3,0.6833333333333332
beta,fb_ssvepformer,1.5,25,3,0.43333333333333335
beta,fb_ssvepformer,1.5,26,3,0.6645833333333333
beta,fb_ssvepformer,1.5,27,3,0.8354166666666667
beta,fb_ssvepformer,1.5,28,3,0.8729166666666668
beta,fb_ssvepformer,1.5,29,3,0.9104166666666668
beta,fb_ssvepformer,1.5,30,3,0.6770833333333334
beta,fb_ssvepformer,1.5,31,3,0.5520833333333334
beta,fb_ssvepformer,1.5,32,3,0.2041666666666667
beta,fb_ssvepformer,1.5,33,3,0.4875
beta,fb_ssvepformer,1.5,34,3,0.9083333333333333
beta,fb_ssvepformer,1.5,35,3,0.8812500000000001
beta,fb_ssvepformer,1.5,36,3,0.9645833333333332
beta,fb_ssvepformer,1.5,37,3,0.9645833333333332
beta,fb_ssvepformer,1.5,38,3,0.63125
beta,fb_ssvepformer,1.5,39,3,0.78125
beta,fb_ssvepformer,1.5,40,3,0.5187499999999999
beta,fb_ssvepformer,1.5,41,3,0.3770833333333334
beta,fb_ssvepformer,1.5,42,3,0.625
beta,fb_ssvepformer,1.5,43,3,0.7416666666666667
beta,fb_ssvepformer,1.5,44,3,0.4333333333333333
beta,fb_ssvepformer,1.5,45,3,0.5229166666666666
beta,fb_ssvepformer,1.5,46,3,0.7604166666666666
beta,fb_ssvepformer,1.5,47,3,0.46249999999999997
beta,fb_ssvepformer,1.5,48,3,0.75625
beta,fb_ssvepformer,1.5,49,3,0.81875
beta,fb_ssvepformer,1.5,50,3,0.69375
beta,fb_ssvepformer,1.5,51,3,0.6875
beta,fb_ssvepformer,1.5,52,3,0.8125
beta,fb_ssvepformer,1.5,53,3,0.8729166666666667
beta,fb_ssvepformer,1.5,54,3,0.74375
beta,fb_ssvepformer,1.5,55,3,0.4770833333333333
beta,fb_ssvepformer,1.5,56,3,0.8250000000000001
beta,fb_ssvepformer,1.5,57,3,0.9229166666666666
beta,fb_ssvepformer,1.5,58,3,0.6375
beta,fb_ssvepformer,1.5,59,3,0.4333333333333333
beta,fb_ssvepformer,1.5,60,3,0.65625
beta,fb_ssvepformer,1.5,61,3,0.38958333333333334
beta,fb_ssvepformer,1.5,62,3,0.8916666666666666
beta,fb_ssvepformer,1.5,63,3,0.9520833333333334
beta,fb_ssvepformer,1.5,64,3,0.8166666666666668
beta,fb_ssvepformer,1.5,65,3,0.3708333333333333
beta,fb_ssvepformer,1.5,66,3,0.8979166666666667
beta,fb_ssvepformer,1.5,67,3,0.8416666666666667
beta,fb_ssvepformer,1.5,68,3,0.30833333333333335
beta,fb_ssvepformer,1.5,69,3,0.5
beta,fb_ssvepformer,1.5,70,3,0.8666666666666667
