dataset,condition,window_s,metric,participants,mean,standard_deviation,median,q1,q3,bootstrap_mean_ci95_low,bootstrap_mean_ci95_high
beta,harmonic_fold,0.4,balanced_accuracy,70,0.2736607142857143,0.13857771711150632,0.26666666666666666,0.15416666666666667,0.3765625,0.24166592261904765,0.30589285714285713
beta,harmonic_fold,0.6,balanced_accuracy,70,0.4347321428571428,0.1924568624381277,0.40937500000000004,0.26197916666666665,0.5911458333333334,0.390296875,0.480029761904762
beta,harmonic_fold,0.8,balanced_accuracy,70,0.5560119047619047,0.2147515413073998,0.5760416666666667,0.365625,0.7416666666666667,0.5065766369047617,0.6057745535714285
beta,harmonic_fold,1.0,balanced_accuracy,70,0.6355952380952381,0.2145458795631907,0.6593749999999999,0.44531249999999994,0.8140625,0.5855349702380952,0.6848221726190477
beta,harmonic_fold,1.2,balanced_accuracy,70,0.6870238095238097,0.21349086129116254,0.7395833333333333,0.5140625000000001,0.8578125000000001,0.6361897321428572,0.7364583333333333
beta,harmonic_fold,1.5,balanced_accuracy,70,0.7311904761904764,0.2056775076334498,0.7739583333333333,0.5666666666666665,0.8911458333333333,0.6829151785714286,0.7782760416666668
beta,fb_ssvepformer,0.4,balanced_accuracy,70,0.3405654761904762,0.1584063052623582,0.303125,0.21041666666666667,0.4515625,0.3044918154761904,0.377203125
beta,fb_ssvepformer,0.6,balanced_accuracy,70,0.4857142857142856,0.20254528656621693,0.4677083333333333,0.33281249999999996,0.6515624999999999,0.4394627976190475,0.5337217261904761
beta,fb_ssvepformer,0.8,balanced_accuracy,70,0.5788988095238098,0.21465614279649478,0.5791666666666666,0.4041666666666667,0.7625000000000001,0.5288072916666668,0.6277083333333334
beta,fb_ssvepformer,1.0,balanced_accuracy,70,0.6377976190476191,0.2133806718176696,0.6552083333333333,0.4677083333333333,0.8265625000000001,0.5865476190476192,0.6860714285714287
beta,fb_ssvepformer,1.2,balanced_accuracy,70,0.6730059523809523,0.20878195529154336,0.6958333333333333,0.5093749999999999,0.8520833333333333,0.6220520833333333,0.7202105654761903
beta,fb_ssvepformer,1.5,balanced_accuracy,70,0.7077678571428571,0.20067315805382774,0.75,0.5302083333333333,0.8729166666666668,0.6597611607142857,0.7537209821428572
